2025-01-22 09:17:10 [background-preinit] INFO  o.h.validator.internal.util.Version - HV000001: Hibernate Validator 6.2.5.Final
2025-01-22 09:17:10 [restartedMain] INFO  c.M.MusicManagerApplication - Starting MusicManagerApplication using Java 17.0.12 on LAPTOP-ICGVSVEA with PID 18272 (C:\Users\ycode\Streamify\back-end\target\classes started by ycode in C:\Users\ycode\Streamify\back-end)
2025-01-22 09:17:10 [restartedMain] DEBUG c.M.MusicManagerApplication - Running with Spring Boot v2.7.18, Spring v5.3.31
2025-01-22 09:17:10 [restartedMain] INFO  c.M.MusicManagerApplication - The following 1 profile is active: "prod"
2025-01-22 09:17:10 [restartedMain] INFO  o.s.b.d.e.DevToolsPropertyDefaultsPostProcessor - Devtools property defaults active! Set 'spring.devtools.add-properties' to 'false' to disable
2025-01-22 09:17:10 [restartedMain] INFO  o.s.b.d.e.DevToolsPropertyDefaultsPostProcessor - For additional web related logging consider setting the 'logging.level.web' property to 'DEBUG'
2025-01-22 09:17:11 [restartedMain] INFO  o.s.d.r.c.RepositoryConfigurationDelegate - Bootstrapping Spring Data MongoDB repositories in DEFAULT mode.
2025-01-22 09:17:11 [restartedMain] INFO  o.s.d.r.c.RepositoryConfigurationDelegate - Finished Spring Data repository scanning in 75 ms. Found 4 MongoDB repository interfaces.
2025-01-22 09:17:12 [restartedMain] INFO  o.s.b.w.e.tomcat.TomcatWebServer - Tomcat initialized with port(s): 8080 (http)
2025-01-22 09:17:12 [restartedMain] INFO  o.a.coyote.http11.Http11NioProtocol - Initializing ProtocolHandler ["http-nio-8080"]
2025-01-22 09:17:12 [restartedMain] INFO  o.a.catalina.core.StandardService - Starting service [Tomcat]
2025-01-22 09:17:12 [restartedMain] INFO  o.a.catalina.core.StandardEngine - Starting Servlet engine: [Apache Tomcat/9.0.83]
2025-01-22 09:17:12 [restartedMain] INFO  o.a.c.c.C.[Tomcat].[localhost].[/] - Initializing Spring embedded WebApplicationContext
2025-01-22 09:17:12 [restartedMain] INFO  o.s.b.w.s.c.ServletWebServerApplicationContext - Root WebApplicationContext: initialization completed in 1950 ms
2025-01-22 09:17:12 [restartedMain] INFO  org.mongodb.driver.client - MongoClient with metadata {"driver": {"name": "mongo-java-driver|sync|spring-boot", "version": "4.6.1"}, "os": {"type": "Windows", "name": "Windows 11", "architecture": "amd64", "version": "10.0"}, "platform": "Java/Eclipse Adoptium/17.0.12+7"} created with settings MongoClientSettings{readPreference=primary, writeConcern=WriteConcern{w=null, wTimeout=null ms, journal=null}, retryWrites=true, retryReads=true, readConcern=ReadConcern{level=null}, credential=null, streamFactoryFactory=null, commandListeners=[io.micrometer.core.instrument.binder.mongodb.MongoMetricsCommandListener@79f35a28], codecRegistry=ProvidersCodecRegistry{codecProviders=[ValueCodecProvider{}, BsonValueCodecProvider{}, DBRefCodecProvider{}, DBObjectCodecProvider{}, DocumentCodecProvider{}, IterableCodecProvider{}, MapCodecProvider{}, GeoJsonCodecProvider{}, GridFSFileCodecProvider{}, Jsr310CodecProvider{}, JsonObjectCodecProvider{}, BsonCodecProvider{}, EnumCodecProvider{}, com.mongodb.Jep395RecordCodecProvider@aee8437]}, clusterSettings={hosts=[localhost:27017], srvServiceName=mongodb, mode=SINGLE, requiredClusterType=UNKNOWN, requiredReplicaSetName='null', serverSelector='null', clusterListeners='[]', serverSelectionTimeout='30000 ms', localThreshold='30000 ms'}, socketSettings=SocketSettings{connectTimeoutMS=10000, readTimeoutMS=0, receiveBufferSize=0, sendBufferSize=0}, heartbeatSocketSettings=SocketSettings{connectTimeoutMS=10000, readTimeoutMS=10000, receiveBufferSize=0, sendBufferSize=0}, connectionPoolSettings=ConnectionPoolSettings{maxSize=100, minSize=0, maxWaitTimeMS=120000, maxConnectionLifeTimeMS=0, maxConnectionIdleTimeMS=0, maintenanceInitialDelayMS=0, maintenanceFrequencyMS=60000, connectionPoolListeners=[io.micrometer.core.instrument.binder.mongodb.MongoMetricsConnectionPoolListener@20604636], maxConnecting=2}, serverSettings=ServerSettings{heartbeatFrequencyMS=10000, minHeartbeatFrequencyMS=500, serverListeners='[]', serverMonitorListeners='[]'}, sslSettings=SslSettings{enabled=false, invalidHostNameAllowed=false, context=null}, applicationName='null', compressorList=[], uuidRepresentation=JAVA_LEGACY, serverApi=null, autoEncryptionSettings=null, contextProvider=null}
2025-01-22 09:17:12 [cluster-ClusterId{value='6790a9881cc9ee74bceddc1c', description='null'}-localhost:27017] INFO  org.mongodb.driver.connection - Opened connection [connectionId{localValue:1, serverValue:2}] to localhost:27017
2025-01-22 09:17:12 [cluster-ClusterId{value='6790a9881cc9ee74bceddc1c', description='null'}-localhost:27017] INFO  org.mongodb.driver.cluster - Monitor thread successfully connected to server with description ServerDescription{address=localhost:27017, type=STANDALONE, state=CONNECTED, ok=true, minWireVersion=0, maxWireVersion=21, maxDocumentSize=16777216, logicalSessionTimeoutMinutes=30, roundTripTimeNanos=61487000}
2025-01-22 09:17:12 [cluster-rtt-ClusterId{value='6790a9881cc9ee74bceddc1c', description='null'}-localhost:27017] INFO  org.mongodb.driver.connection - Opened connection [connectionId{localValue:2, serverValue:1}] to localhost:27017
2025-01-22 09:17:13 [restartedMain] DEBUG o.s.d.m.c.i.MongoPersistentEntityIndexCreator - Analyzing class class com.MusicManager.model.Chanson for index information.
2025-01-22 09:17:13 [restartedMain] DEBUG o.s.d.m.c.i.MongoPersistentEntityIndexCreator - Analyzing class class com.MusicManager.model.Role for index information.
2025-01-22 09:17:13 [restartedMain] INFO  org.mongodb.driver.connection - Opened connection [connectionId{localValue:3, serverValue:3}] to localhost:27017
2025-01-22 09:17:13 [restartedMain] DEBUG o.s.d.m.c.i.MongoPersistentEntityIndexCreator - Analyzing class class com.MusicManager.model.Album for index information.
2025-01-22 09:17:13 [restartedMain] DEBUG o.s.d.m.c.i.MongoPersistentEntityIndexCreator - Analyzing class class com.MusicManager.model.User for index information.
2025-01-22 09:17:13 [restartedMain] DEBUG c.M.security.JwtAuthenticationFilter - Filter 'jwtAuthenticationFilter' configured for use
2025-01-22 09:17:13 [restartedMain] INFO  o.s.b.d.a.OptionalLiveReloadServer - LiveReload server is running on port 35729
2025-01-22 09:17:13 [restartedMain] DEBUG o.s.data.mongodb.core.MongoTemplate - Executing count: {} in collection: roles
2025-01-22 09:17:13 [restartedMain] INFO  o.s.s.web.DefaultSecurityFilterChain - Will secure any request with [org.springframework.security.web.session.DisableEncodeUrlFilter@62b571ca, org.springframework.security.web.context.request.async.WebAsyncManagerIntegrationFilter@5fbae08a, org.springframework.security.web.context.SecurityContextPersistenceFilter@4d200f9a, org.springframework.security.web.header.HeaderWriterFilter@6df482a, org.springframework.security.web.authentication.logout.LogoutFilter@68464626, com.MusicManager.security.JwtAuthenticationFilter@6ead45ae, org.springframework.security.web.savedrequest.RequestCacheAwareFilter@7bc7104a, org.springframework.security.web.servletapi.SecurityContextHolderAwareRequestFilter@300e113c, org.springframework.security.web.authentication.AnonymousAuthenticationFilter@4178b7d9, org.springframework.security.web.session.SessionManagementFilter@2b28f3fe, org.springframework.security.web.access.ExceptionTranslationFilter@11782b84, org.springframework.security.web.access.intercept.FilterSecurityInterceptor@16fa1f41]
2025-01-22 09:17:14 [restartedMain] INFO  o.s.b.a.e.web.EndpointLinksResolver - Exposing 1 endpoint(s) beneath base path '/actuator'
2025-01-22 09:17:14 [restartedMain] INFO  o.a.coyote.http11.Http11NioProtocol - Starting ProtocolHandler ["http-nio-8080"]
2025-01-22 09:17:14 [restartedMain] INFO  o.s.b.w.e.tomcat.TomcatWebServer - Tomcat started on port(s): 8080 (http) with context path ''
2025-01-22 09:17:14 [restartedMain] INFO  c.M.MusicManagerApplication - Started MusicManagerApplication in 4.47 seconds (JVM running for 5.34)
2025-01-22 09:17:14 [RMI TCP Connection(1)-192.168.8.193] INFO  o.a.c.c.C.[Tomcat].[localhost].[/] - Initializing Spring DispatcherServlet 'dispatcherServlet'
2025-01-22 09:17:14 [RMI TCP Connection(1)-192.168.8.193] INFO  o.s.web.servlet.DispatcherServlet - Initializing Servlet 'dispatcherServlet'
2025-01-22 09:17:14 [RMI TCP Connection(1)-192.168.8.193] INFO  o.s.web.servlet.DispatcherServlet - Completed initialization in 2 ms
2025-01-22 09:18:04 [http-nio-8080-exec-1] DEBUG o.s.d.m.r.query.MongoQueryCreator - Created query Query: { "login" : "kenza"}, Fields: {}, Sort: {}
2025-01-22 09:18:04 [http-nio-8080-exec-1] DEBUG o.s.data.mongodb.core.MongoTemplate - find using query: { "login" : "kenza"} fields: Document{{}} for class: class com.MusicManager.model.User in collection: users
2025-01-22 09:18:05 [http-nio-8080-exec-1] DEBUG o.s.d.m.r.query.MongoQueryCreator - Created query Query: { "login" : "kenza"}, Fields: {}, Sort: {}
2025-01-22 09:18:05 [http-nio-8080-exec-1] DEBUG o.s.data.mongodb.core.MongoTemplate - find using query: { "login" : "kenza"} fields: Document{{}} for class: class com.MusicManager.model.User in collection: users
2025-01-22 09:18:22 [http-nio-8080-exec-3] DEBUG o.s.d.m.r.query.MongoQueryCreator - Created query Query: { "login" : "kenza"}, Fields: {}, Sort: {}
2025-01-22 09:18:22 [http-nio-8080-exec-3] DEBUG o.s.data.mongodb.core.MongoTemplate - find using query: { "login" : "kenza"} fields: Document{{}} for class: class com.MusicManager.model.User in collection: users
2025-01-22 09:18:22 [http-nio-8080-exec-3] DEBUG o.s.data.mongodb.core.MongoTemplate - Executing count: {} in collection: users
2025-01-22 09:18:22 [http-nio-8080-exec-3] DEBUG o.s.data.mongodb.core.MongoTemplate - find using query: {} fields: Document{{}} for class: class com.MusicManager.model.User in collection: users
2025-01-22 09:20:26 [http-nio-8080-exec-6] DEBUG o.s.d.m.r.query.MongoQueryCreator - Created query Query: { "login" : "kenza"}, Fields: {}, Sort: {}
2025-01-22 09:20:26 [http-nio-8080-exec-6] DEBUG o.s.data.mongodb.core.MongoTemplate - find using query: { "login" : "kenza"} fields: Document{{}} for class: class com.MusicManager.model.User in collection: users
2025-01-22 09:20:26 [http-nio-8080-exec-6] INFO  c.M.services.impl.AlbumServiceImpl - Listing albums with pagination.
2025-01-22 09:20:26 [http-nio-8080-exec-6] DEBUG o.s.data.mongodb.core.MongoTemplate - Executing count: {} in collection: albums
2025-01-22 09:20:26 [http-nio-8080-exec-6] DEBUG o.s.data.mongodb.core.MongoTemplate - find using query: {} fields: Document{{}} for class: class com.MusicManager.model.Album in collection: albums
2025-01-22 09:21:40 [http-nio-8080-exec-9] DEBUG o.s.d.m.r.query.MongoQueryCreator - Created query Query: { "login" : "kenza"}, Fields: {}, Sort: {}
2025-01-22 09:21:40 [http-nio-8080-exec-9] DEBUG o.s.data.mongodb.core.MongoTemplate - find using query: { "login" : "kenza"} fields: Document{{}} for class: class com.MusicManager.model.User in collection: users
2025-01-22 09:21:40 [http-nio-8080-exec-9] DEBUG o.s.data.mongodb.core.MongoTemplate - Executing count: {} in collection: chansons
2025-01-22 09:21:40 [http-nio-8080-exec-9] DEBUG o.s.data.mongodb.core.MongoTemplate - find using query: {} fields: Document{{}} for class: class com.MusicManager.model.Chanson in collection: chansons
2025-01-22 09:30:39 [File Watcher] INFO  o.s.b.d.a.LocalDevToolsAutoConfiguration$RestartingClassPathChangeChangedEventListener - Restarting due to 55 class path changes (0 additions, 55 deletions, 0 modifications)
2025-01-22 09:30:39 [Thread-4] INFO  o.a.coyote.http11.Http11NioProtocol - Pausing ProtocolHandler ["http-nio-8080"]
2025-01-22 09:30:39 [Thread-4] INFO  o.a.catalina.core.StandardService - Stopping service [Tomcat]
2025-01-22 09:30:39 [Thread-4] INFO  o.a.c.c.C.[Tomcat].[localhost].[/] - Destroying Spring FrameworkServlet 'dispatcherServlet'
2025-01-22 09:30:39 [Thread-4] WARN  o.a.c.loader.WebappClassLoaderBase - The web application [ROOT] appears to have started a thread named [BufferPoolPruner-1-thread-1] but has failed to stop it. This is very likely to create a memory leak. Stack trace of thread:
 java.base@17.0.12/jdk.internal.misc.Unsafe.park(Native Method)
 java.base@17.0.12/java.util.concurrent.locks.LockSupport.parkNanos(LockSupport.java:252)
 java.base@17.0.12/java.util.concurrent.locks.AbstractQueuedSynchronizer$ConditionObject.awaitNanos(AbstractQueuedSynchronizer.java:1674)
 java.base@17.0.12/java.util.concurrent.ScheduledThreadPoolExecutor$DelayedWorkQueue.take(ScheduledThreadPoolExecutor.java:1182)
 java.base@17.0.12/java.util.concurrent.ScheduledThreadPoolExecutor$DelayedWorkQueue.take(ScheduledThreadPoolExecutor.java:899)
 java.base@17.0.12/java.util.concurrent.ThreadPoolExecutor.getTask(ThreadPoolExecutor.java:1062)
 java.base@17.0.12/java.util.concurrent.ThreadPoolExecutor.runWorker(ThreadPoolExecutor.java:1122)
 java.base@17.0.12/java.util.concurrent.ThreadPoolExecutor$Worker.run(ThreadPoolExecutor.java:635)
 java.base@17.0.12/java.lang.Thread.run(Thread.java:840)
2025-01-22 09:30:39 [Thread-4] WARN  o.a.c.loader.WebappClassLoaderBase - The web application [ROOT] appears to have started a thread named [cluster-ClusterId{value='6790a9881cc9ee74bceddc1c', description='null'}-localhost:27017] but has failed to stop it. This is very likely to create a memory leak. Stack trace of thread:
 java.base@17.0.12/sun.nio.ch.Net.poll(Native Method)
 java.base@17.0.12/sun.nio.ch.NioSocketImpl.park(NioSocketImpl.java:186)
 java.base@17.0.12/sun.nio.ch.NioSocketImpl.timedRead(NioSocketImpl.java:290)
 java.base@17.0.12/sun.nio.ch.NioSocketImpl.implRead(NioSocketImpl.java:314)
 java.base@17.0.12/sun.nio.ch.NioSocketImpl.read(NioSocketImpl.java:355)
 java.base@17.0.12/sun.nio.ch.NioSocketImpl$1.read(NioSocketImpl.java:808)
 java.base@17.0.12/java.net.Socket$SocketInputStream.read(Socket.java:966)
 app//com.mongodb.internal.connection.SocketStream.read(SocketStream.java:110)
 app//com.mongodb.internal.connection.SocketStream.read(SocketStream.java:135)
 app//com.mongodb.internal.connection.InternalStreamConnection.receiveResponseBuffers(InternalStreamConnection.java:713)
 app//com.mongodb.internal.connection.InternalStreamConnection.receiveMessageWithAdditionalTimeout(InternalStreamConnection.java:571)
 app//com.mongodb.internal.connection.InternalStreamConnection.receiveCommandMessageResponse(InternalStreamConnection.java:410)
 app//com.mongodb.internal.connection.InternalStreamConnection.receive(InternalStreamConnection.java:369)
 app//com.mongodb.internal.connection.DefaultServerMonitor$ServerMonitorRunnable.lookupServerDescription(DefaultServerMonitor.java:221)
 app//com.mongodb.internal.connection.DefaultServerMonitor$ServerMonitorRunnable.run(DefaultServerMonitor.java:157)
 java.base@17.0.12/java.lang.Thread.run(Thread.java:840)
2025-01-22 09:30:39 [Thread-4] WARN  o.a.c.loader.WebappClassLoaderBase - The web application [ROOT] appears to have started a thread named [cluster-rtt-ClusterId{value='6790a9881cc9ee74bceddc1c', description='null'}-localhost:27017] but has failed to stop it. This is very likely to create a memory leak. Stack trace of thread:
 java.base@17.0.12/java.lang.Thread.sleep(Native Method)
 app//com.mongodb.internal.connection.DefaultServerMonitor.waitForNext(DefaultServerMonitor.java:443)
 app//com.mongodb.internal.connection.DefaultServerMonitor.access$1500(DefaultServerMonitor.java:64)
 app//com.mongodb.internal.connection.DefaultServerMonitor$RoundTripTimeRunnable.run(DefaultServerMonitor.java:415)
 java.base@17.0.12/java.lang.Thread.run(Thread.java:840)
2025-01-22 09:30:39 [Thread-4] WARN  o.a.c.loader.WebappClassLoaderBase - The web application [ROOT] appears to have started a thread named [MaintenanceTimer-2-thread-1] but has failed to stop it. This is very likely to create a memory leak. Stack trace of thread:
 java.base@17.0.12/jdk.internal.misc.Unsafe.park(Native Method)
 java.base@17.0.12/java.util.concurrent.locks.LockSupport.parkNanos(LockSupport.java:252)
 java.base@17.0.12/java.util.concurrent.locks.AbstractQueuedSynchronizer$ConditionObject.awaitNanos(AbstractQueuedSynchronizer.java:1674)
 java.base@17.0.12/java.util.concurrent.ScheduledThreadPoolExecutor$DelayedWorkQueue.take(ScheduledThreadPoolExecutor.java:1182)
 java.base@17.0.12/java.util.concurrent.ScheduledThreadPoolExecutor$DelayedWorkQueue.take(ScheduledThreadPoolExecutor.java:899)
 java.base@17.0.12/java.util.concurrent.ThreadPoolExecutor.getTask(ThreadPoolExecutor.java:1062)
 java.base@17.0.12/java.util.concurrent.ThreadPoolExecutor.runWorker(ThreadPoolExecutor.java:1122)
 java.base@17.0.12/java.util.concurrent.ThreadPoolExecutor$Worker.run(ThreadPoolExecutor.java:635)
 java.base@17.0.12/java.lang.Thread.run(Thread.java:840)
2025-01-22 09:30:39 [Thread-4] INFO  o.a.coyote.http11.Http11NioProtocol - Stopping ProtocolHandler ["http-nio-8080"]
2025-01-22 09:30:39 [Thread-4] INFO  o.a.coyote.http11.Http11NioProtocol - Destroying ProtocolHandler ["http-nio-8080"]
2025-01-22 09:30:52 [restartedMain] INFO  c.M.MusicManagerApplication - Starting MusicManagerApplication using Java 17.0.12 on LAPTOP-ICGVSVEA with PID 18272 (C:\Users\ycode\Streamify\back-end\target\classes started by ycode in C:\Users\ycode\Streamify\back-end)
2025-01-22 09:30:52 [restartedMain] DEBUG c.M.MusicManagerApplication - Running with Spring Boot v2.7.18, Spring v5.3.31
2025-01-22 09:30:52 [restartedMain] INFO  c.M.MusicManagerApplication - The following 1 profile is active: "prod"
2025-01-22 09:30:53 [restartedMain] INFO  o.s.d.r.c.RepositoryConfigurationDelegate - Bootstrapping Spring Data MongoDB repositories in DEFAULT mode.
2025-01-22 09:30:53 [restartedMain] INFO  o.s.d.r.c.RepositoryConfigurationDelegate - Finished Spring Data repository scanning in 66 ms. Found 4 MongoDB repository interfaces.
2025-01-22 09:30:53 [restartedMain] INFO  o.s.b.w.e.tomcat.TomcatWebServer - Tomcat initialized with port(s): 8080 (http)
2025-01-22 09:30:53 [restartedMain] INFO  o.a.catalina.core.StandardService - Starting service [Tomcat]
2025-01-22 09:30:53 [restartedMain] INFO  o.a.catalina.core.StandardEngine - Starting Servlet engine: [Apache Tomcat/9.0.83]
2025-01-22 09:30:53 [restartedMain] INFO  o.a.c.c.C.[Tomcat-2].[localhost].[/] - Initializing Spring embedded WebApplicationContext
2025-01-22 09:30:53 [restartedMain] INFO  o.s.b.w.s.c.ServletWebServerApplicationContext - Root WebApplicationContext: initialization completed in 1123 ms
2025-01-22 09:30:53 [restartedMain] INFO  org.mongodb.driver.client - MongoClient with metadata {"driver": {"name": "mongo-java-driver|sync|spring-boot", "version": "4.6.1"}, "os": {"type": "Windows", "name": "Windows 11", "architecture": "amd64", "version": "10.0"}, "platform": "Java/Eclipse Adoptium/17.0.12+7"} created with settings MongoClientSettings{readPreference=primary, writeConcern=WriteConcern{w=null, wTimeout=null ms, journal=null}, retryWrites=true, retryReads=true, readConcern=ReadConcern{level=null}, credential=null, streamFactoryFactory=null, commandListeners=[io.micrometer.core.instrument.binder.mongodb.MongoMetricsCommandListener@652943ff], codecRegistry=ProvidersCodecRegistry{codecProviders=[ValueCodecProvider{}, BsonValueCodecProvider{}, DBRefCodecProvider{}, DBObjectCodecProvider{}, DocumentCodecProvider{}, IterableCodecProvider{}, MapCodecProvider{}, GeoJsonCodecProvider{}, GridFSFileCodecProvider{}, Jsr310CodecProvider{}, JsonObjectCodecProvider{}, BsonCodecProvider{}, EnumCodecProvider{}, com.mongodb.Jep395RecordCodecProvider@aee8437]}, clusterSettings={hosts=[localhost:27017], srvServiceName=mongodb, mode=SINGLE, requiredClusterType=UNKNOWN, requiredReplicaSetName='null', serverSelector='null', clusterListeners='[]', serverSelectionTimeout='30000 ms', localThreshold='30000 ms'}, socketSettings=SocketSettings{connectTimeoutMS=10000, readTimeoutMS=0, receiveBufferSize=0, sendBufferSize=0}, heartbeatSocketSettings=SocketSettings{connectTimeoutMS=10000, readTimeoutMS=10000, receiveBufferSize=0, sendBufferSize=0}, connectionPoolSettings=ConnectionPoolSettings{maxSize=100, minSize=0, maxWaitTimeMS=120000, maxConnectionLifeTimeMS=0, maxConnectionIdleTimeMS=0, maintenanceInitialDelayMS=0, maintenanceFrequencyMS=60000, connectionPoolListeners=[io.micrometer.core.instrument.binder.mongodb.MongoMetricsConnectionPoolListener@1f6e710b], maxConnecting=2}, serverSettings=ServerSettings{heartbeatFrequencyMS=10000, minHeartbeatFrequencyMS=500, serverListeners='[]', serverMonitorListeners='[]'}, sslSettings=SslSettings{enabled=false, invalidHostNameAllowed=false, context=null}, applicationName='null', compressorList=[], uuidRepresentation=JAVA_LEGACY, serverApi=null, autoEncryptionSettings=null, contextProvider=null}
2025-01-22 09:30:53 [cluster-ClusterId{value='6790acbd1cc9ee74bceddc1f', description='null'}-localhost:27017] INFO  org.mongodb.driver.connection - Opened connection [connectionId{localValue:9, serverValue:9}] to localhost:27017
2025-01-22 09:30:53 [cluster-ClusterId{value='6790acbd1cc9ee74bceddc1f', description='null'}-localhost:27017] INFO  org.mongodb.driver.cluster - Monitor thread successfully connected to server with description ServerDescription{address=localhost:27017, type=STANDALONE, state=CONNECTED, ok=true, minWireVersion=0, maxWireVersion=21, maxDocumentSize=16777216, logicalSessionTimeoutMinutes=30, roundTripTimeNanos=9379900}
2025-01-22 09:30:53 [cluster-rtt-ClusterId{value='6790acbd1cc9ee74bceddc1f', description='null'}-localhost:27017] INFO  org.mongodb.driver.connection - Opened connection [connectionId{localValue:10, serverValue:10}] to localhost:27017
2025-01-22 09:30:53 [restartedMain] DEBUG o.s.d.m.c.i.MongoPersistentEntityIndexCreator - Analyzing class class com.MusicManager.model.Chanson for index information.
2025-01-22 09:30:53 [restartedMain] DEBUG o.s.d.m.c.i.MongoPersistentEntityIndexCreator - Analyzing class class com.MusicManager.model.User for index information.
2025-01-22 09:30:53 [restartedMain] DEBUG o.s.d.m.c.i.MongoPersistentEntityIndexCreator - Analyzing class class com.MusicManager.model.Album for index information.
2025-01-22 09:30:53 [restartedMain] DEBUG o.s.d.m.c.i.MongoPersistentEntityIndexCreator - Analyzing class class com.MusicManager.model.Role for index information.
2025-01-22 09:30:53 [restartedMain] INFO  org.mongodb.driver.connection - Opened connection [connectionId{localValue:11, serverValue:11}] to localhost:27017
2025-01-22 09:30:53 [restartedMain] DEBUG c.M.security.JwtAuthenticationFilter - Filter 'jwtAuthenticationFilter' configured for use
2025-01-22 09:30:54 [restartedMain] INFO  o.s.b.d.a.OptionalLiveReloadServer - LiveReload server is running on port 35729
2025-01-22 09:30:54 [restartedMain] DEBUG o.s.data.mongodb.core.MongoTemplate - Executing count: {} in collection: roles
2025-01-22 09:30:54 [restartedMain] INFO  o.s.s.web.DefaultSecurityFilterChain - Will secure any request with [org.springframework.security.web.session.DisableEncodeUrlFilter@32c2d3b5, org.springframework.security.web.context.request.async.WebAsyncManagerIntegrationFilter@10cbd3b1, org.springframework.security.web.context.SecurityContextPersistenceFilter@57d4be, org.springframework.security.web.header.HeaderWriterFilter@73bbebc1, org.springframework.security.web.authentication.logout.LogoutFilter@3a4a2e7, com.MusicManager.security.JwtAuthenticationFilter@320e743c, org.springframework.security.web.savedrequest.RequestCacheAwareFilter@75da9d15, org.springframework.security.web.servletapi.SecurityContextHolderAwareRequestFilter@5993958c, org.springframework.security.web.authentication.AnonymousAuthenticationFilter@538c96cd, org.springframework.security.web.session.SessionManagementFilter@388b928c, org.springframework.security.web.access.ExceptionTranslationFilter@74703110, org.springframework.security.web.access.intercept.FilterSecurityInterceptor@4389abf9]
2025-01-22 09:30:54 [restartedMain] INFO  o.s.b.a.e.web.EndpointLinksResolver - Exposing 1 endpoint(s) beneath base path '/actuator'
2025-01-22 09:30:54 [restartedMain] INFO  o.s.b.w.e.tomcat.TomcatWebServer - Tomcat started on port(s): 8080 (http) with context path ''
2025-01-22 09:30:54 [restartedMain] INFO  c.M.MusicManagerApplication - Started MusicManagerApplication in 2.358 seconds (JVM running for 825.483)
2025-01-22 09:30:54 [restartedMain] INFO  o.s.b.d.a.ConditionEvaluationDeltaLoggingListener - Condition evaluation unchanged
2025-01-22 09:31:16 [File Watcher] INFO  o.s.b.d.a.LocalDevToolsAutoConfiguration$RestartingClassPathChangeChangedEventListener - Restarting due to 4 class path changes (0 additions, 0 deletions, 4 modifications)
2025-01-22 09:31:16 [Thread-7] INFO  o.a.catalina.core.StandardService - Stopping service [Tomcat]
2025-01-22 09:31:16 [Thread-7] WARN  o.a.c.loader.WebappClassLoaderBase - The web application [ROOT] appears to have started a thread named [cluster-ClusterId{value='6790acbd1cc9ee74bceddc1f', description='null'}-localhost:27017] but has failed to stop it. This is very likely to create a memory leak. Stack trace of thread:
 java.base@17.0.12/sun.nio.ch.Net.poll(Native Method)
 java.base@17.0.12/sun.nio.ch.NioSocketImpl.park(NioSocketImpl.java:186)
 java.base@17.0.12/sun.nio.ch.NioSocketImpl.timedRead(NioSocketImpl.java:290)
 java.base@17.0.12/sun.nio.ch.NioSocketImpl.implRead(NioSocketImpl.java:314)
 java.base@17.0.12/sun.nio.ch.NioSocketImpl.read(NioSocketImpl.java:355)
 java.base@17.0.12/sun.nio.ch.NioSocketImpl$1.read(NioSocketImpl.java:808)
 java.base@17.0.12/java.net.Socket$SocketInputStream.read(Socket.java:966)
 app//com.mongodb.internal.connection.SocketStream.read(SocketStream.java:110)
 app//com.mongodb.internal.connection.SocketStream.read(SocketStream.java:135)
 app//com.mongodb.internal.connection.InternalStreamConnection.receiveResponseBuffers(InternalStreamConnection.java:713)
 app//com.mongodb.internal.connection.InternalStreamConnection.receiveMessageWithAdditionalTimeout(InternalStreamConnection.java:571)
 app//com.mongodb.internal.connection.InternalStreamConnection.receiveCommandMessageResponse(InternalStreamConnection.java:410)
 app//com.mongodb.internal.connection.InternalStreamConnection.receive(InternalStreamConnection.java:369)
 app//com.mongodb.internal.connection.DefaultServerMonitor$ServerMonitorRunnable.lookupServerDescription(DefaultServerMonitor.java:221)
 app//com.mongodb.internal.connection.DefaultServerMonitor$ServerMonitorRunnable.run(DefaultServerMonitor.java:157)
 java.base@17.0.12/java.lang.Thread.run(Thread.java:840)
2025-01-22 09:31:16 [Thread-7] WARN  o.a.c.loader.WebappClassLoaderBase - The web application [ROOT] appears to have started a thread named [cluster-rtt-ClusterId{value='6790acbd1cc9ee74bceddc1f', description='null'}-localhost:27017] but has failed to stop it. This is very likely to create a memory leak. Stack trace of thread:
 java.base@17.0.12/java.lang.Thread.sleep(Native Method)
 app//com.mongodb.internal.connection.DefaultServerMonitor.waitForNext(DefaultServerMonitor.java:443)
 app//com.mongodb.internal.connection.DefaultServerMonitor.access$1500(DefaultServerMonitor.java:64)
 app//com.mongodb.internal.connection.DefaultServerMonitor$RoundTripTimeRunnable.run(DefaultServerMonitor.java:415)
 java.base@17.0.12/java.lang.Thread.run(Thread.java:840)
2025-01-22 09:31:16 [Thread-7] WARN  o.a.c.loader.WebappClassLoaderBase - The web application [ROOT] appears to have started a thread named [MaintenanceTimer-5-thread-1] but has failed to stop it. This is very likely to create a memory leak. Stack trace of thread:
 java.base@17.0.12/jdk.internal.misc.Unsafe.park(Native Method)
 java.base@17.0.12/java.util.concurrent.locks.LockSupport.parkNanos(LockSupport.java:252)
 java.base@17.0.12/java.util.concurrent.locks.AbstractQueuedSynchronizer$ConditionObject.awaitNanos(AbstractQueuedSynchronizer.java:1674)
 java.base@17.0.12/java.util.concurrent.ScheduledThreadPoolExecutor$DelayedWorkQueue.take(ScheduledThreadPoolExecutor.java:1182)
 java.base@17.0.12/java.util.concurrent.ScheduledThreadPoolExecutor$DelayedWorkQueue.take(ScheduledThreadPoolExecutor.java:899)
 java.base@17.0.12/java.util.concurrent.ThreadPoolExecutor.getTask(ThreadPoolExecutor.java:1062)
 java.base@17.0.12/java.util.concurrent.ThreadPoolExecutor.runWorker(ThreadPoolExecutor.java:1122)
 java.base@17.0.12/java.util.concurrent.ThreadPoolExecutor$Worker.run(ThreadPoolExecutor.java:635)
 java.base@17.0.12/java.lang.Thread.run(Thread.java:840)
2025-01-22 09:31:17 [restartedMain] INFO  c.M.MusicManagerApplication - Starting MusicManagerApplication using Java 17.0.12 on LAPTOP-ICGVSVEA with PID 18272 (C:\Users\ycode\Streamify\back-end\target\classes started by ycode in C:\Users\ycode\Streamify\back-end)
2025-01-22 09:31:17 [restartedMain] DEBUG c.M.MusicManagerApplication - Running with Spring Boot v2.7.18, Spring v5.3.31
2025-01-22 09:31:17 [restartedMain] INFO  c.M.MusicManagerApplication - The following 1 profile is active: "prod"
2025-01-22 09:31:17 [restartedMain] INFO  o.s.d.r.c.RepositoryConfigurationDelegate - Bootstrapping Spring Data MongoDB repositories in DEFAULT mode.
2025-01-22 09:31:17 [restartedMain] INFO  o.s.d.r.c.RepositoryConfigurationDelegate - Finished Spring Data repository scanning in 52 ms. Found 4 MongoDB repository interfaces.
2025-01-22 09:31:18 [restartedMain] INFO  o.s.b.w.e.tomcat.TomcatWebServer - Tomcat initialized with port(s): 8080 (http)
2025-01-22 09:31:18 [restartedMain] INFO  o.a.catalina.core.StandardService - Starting service [Tomcat]
2025-01-22 09:31:18 [restartedMain] INFO  o.a.catalina.core.StandardEngine - Starting Servlet engine: [Apache Tomcat/9.0.83]
2025-01-22 09:31:18 [restartedMain] INFO  o.a.c.c.C.[Tomcat-2].[localhost].[/] - Initializing Spring embedded WebApplicationContext
2025-01-22 09:31:18 [restartedMain] INFO  o.s.b.w.s.c.ServletWebServerApplicationContext - Root WebApplicationContext: initialization completed in 929 ms
2025-01-22 09:31:18 [restartedMain] INFO  org.mongodb.driver.client - MongoClient with metadata {"driver": {"name": "mongo-java-driver|sync|spring-boot", "version": "4.6.1"}, "os": {"type": "Windows", "name": "Windows 11", "architecture": "amd64", "version": "10.0"}, "platform": "Java/Eclipse Adoptium/17.0.12+7"} created with settings MongoClientSettings{readPreference=primary, writeConcern=WriteConcern{w=null, wTimeout=null ms, journal=null}, retryWrites=true, retryReads=true, readConcern=ReadConcern{level=null}, credential=null, streamFactoryFactory=null, commandListeners=[io.micrometer.core.instrument.binder.mongodb.MongoMetricsCommandListener@1f92f147], codecRegistry=ProvidersCodecRegistry{codecProviders=[ValueCodecProvider{}, BsonValueCodecProvider{}, DBRefCodecProvider{}, DBObjectCodecProvider{}, DocumentCodecProvider{}, IterableCodecProvider{}, MapCodecProvider{}, GeoJsonCodecProvider{}, GridFSFileCodecProvider{}, Jsr310CodecProvider{}, JsonObjectCodecProvider{}, BsonCodecProvider{}, EnumCodecProvider{}, com.mongodb.Jep395RecordCodecProvider@aee8437]}, clusterSettings={hosts=[localhost:27017], srvServiceName=mongodb, mode=SINGLE, requiredClusterType=UNKNOWN, requiredReplicaSetName='null', serverSelector='null', clusterListeners='[]', serverSelectionTimeout='30000 ms', localThreshold='30000 ms'}, socketSettings=SocketSettings{connectTimeoutMS=10000, readTimeoutMS=0, receiveBufferSize=0, sendBufferSize=0}, heartbeatSocketSettings=SocketSettings{connectTimeoutMS=10000, readTimeoutMS=10000, receiveBufferSize=0, sendBufferSize=0}, connectionPoolSettings=ConnectionPoolSettings{maxSize=100, minSize=0, maxWaitTimeMS=120000, maxConnectionLifeTimeMS=0, maxConnectionIdleTimeMS=0, maintenanceInitialDelayMS=0, maintenanceFrequencyMS=60000, connectionPoolListeners=[io.micrometer.core.instrument.binder.mongodb.MongoMetricsConnectionPoolListener@703156a5], maxConnecting=2}, serverSettings=ServerSettings{heartbeatFrequencyMS=10000, minHeartbeatFrequencyMS=500, serverListeners='[]', serverMonitorListeners='[]'}, sslSettings=SslSettings{enabled=false, invalidHostNameAllowed=false, context=null}, applicationName='null', compressorList=[], uuidRepresentation=JAVA_LEGACY, serverApi=null, autoEncryptionSettings=null, contextProvider=null}
2025-01-22 09:31:18 [cluster-rtt-ClusterId{value='6790acd61cc9ee74bceddc20', description='null'}-localhost:27017] INFO  org.mongodb.driver.connection - Opened connection [connectionId{localValue:12, serverValue:12}] to localhost:27017
2025-01-22 09:31:18 [cluster-ClusterId{value='6790acd61cc9ee74bceddc20', description='null'}-localhost:27017] INFO  org.mongodb.driver.connection - Opened connection [connectionId{localValue:13, serverValue:13}] to localhost:27017
2025-01-22 09:31:18 [cluster-ClusterId{value='6790acd61cc9ee74bceddc20', description='null'}-localhost:27017] INFO  org.mongodb.driver.cluster - Monitor thread successfully connected to server with description ServerDescription{address=localhost:27017, type=STANDALONE, state=CONNECTED, ok=true, minWireVersion=0, maxWireVersion=21, maxDocumentSize=16777216, logicalSessionTimeoutMinutes=30, roundTripTimeNanos=2162300}
2025-01-22 09:31:18 [restartedMain] DEBUG o.s.d.m.c.i.MongoPersistentEntityIndexCreator - Analyzing class class com.MusicManager.model.Role for index information.
2025-01-22 09:31:18 [restartedMain] INFO  org.mongodb.driver.connection - Opened connection [connectionId{localValue:14, serverValue:14}] to localhost:27017
2025-01-22 09:31:18 [restartedMain] DEBUG o.s.d.m.c.i.MongoPersistentEntityIndexCreator - Analyzing class class com.MusicManager.model.User for index information.
2025-01-22 09:31:18 [restartedMain] DEBUG o.s.d.m.c.i.MongoPersistentEntityIndexCreator - Analyzing class class com.MusicManager.model.Album for index information.
2025-01-22 09:31:18 [restartedMain] DEBUG o.s.d.m.c.i.MongoPersistentEntityIndexCreator - Analyzing class class com.MusicManager.model.Chanson for index information.
2025-01-22 09:31:18 [restartedMain] DEBUG c.M.security.JwtAuthenticationFilter - Filter 'jwtAuthenticationFilter' configured for use
2025-01-22 09:31:18 [restartedMain] INFO  o.s.b.d.a.OptionalLiveReloadServer - LiveReload server is running on port 35729
2025-01-22 09:31:18 [restartedMain] DEBUG o.s.data.mongodb.core.MongoTemplate - Executing count: {} in collection: roles
2025-01-22 09:31:18 [restartedMain] INFO  o.s.s.web.DefaultSecurityFilterChain - Will secure any request with [org.springframework.security.web.session.DisableEncodeUrlFilter@4f7950ee, org.springframework.security.web.context.request.async.WebAsyncManagerIntegrationFilter@69ba28f3, org.springframework.security.web.context.SecurityContextPersistenceFilter@11ba638, org.springframework.security.web.header.HeaderWriterFilter@5d25d4c7, org.springframework.security.web.authentication.logout.LogoutFilter@686fd2e7, com.MusicManager.security.JwtAuthenticationFilter@6e6f2436, org.springframework.security.web.savedrequest.RequestCacheAwareFilter@12a1fa39, org.springframework.security.web.servletapi.SecurityContextHolderAwareRequestFilter@61519746, org.springframework.security.web.authentication.AnonymousAuthenticationFilter@489dab3d, org.springframework.security.web.session.SessionManagementFilter@2fef5e48, org.springframework.security.web.access.ExceptionTranslationFilter@9c35d47, org.springframework.security.web.access.intercept.FilterSecurityInterceptor@6b810bdf]
2025-01-22 09:31:18 [restartedMain] INFO  o.s.b.a.e.web.EndpointLinksResolver - Exposing 1 endpoint(s) beneath base path '/actuator'
2025-01-22 09:31:18 [restartedMain] INFO  o.s.b.w.e.tomcat.TomcatWebServer - Tomcat started on port(s): 8080 (http) with context path ''
2025-01-22 09:31:18 [restartedMain] INFO  c.M.MusicManagerApplication - Started MusicManagerApplication in 1.829 seconds (JVM running for 849.831)
2025-01-22 09:31:18 [restartedMain] INFO  o.s.b.d.a.ConditionEvaluationDeltaLoggingListener - Condition evaluation unchanged
2025-01-22 09:31:56 [File Watcher] INFO  o.s.b.d.a.LocalDevToolsAutoConfiguration$RestartingClassPathChangeChangedEventListener - Restarting due to 4 class path changes (0 additions, 0 deletions, 4 modifications)
2025-01-22 09:31:57 [Thread-17] INFO  o.a.catalina.core.StandardService - Stopping service [Tomcat]
2025-01-22 09:31:57 [Thread-17] WARN  o.a.c.loader.WebappClassLoaderBase - The web application [ROOT] appears to have started a thread named [cluster-ClusterId{value='6790acd61cc9ee74bceddc20', description='null'}-localhost:27017] but has failed to stop it. This is very likely to create a memory leak. Stack trace of thread:
 java.base@17.0.12/sun.nio.ch.Net.poll(Native Method)
 java.base@17.0.12/sun.nio.ch.NioSocketImpl.park(NioSocketImpl.java:186)
 java.base@17.0.12/sun.nio.ch.NioSocketImpl.timedRead(NioSocketImpl.java:290)
 java.base@17.0.12/sun.nio.ch.NioSocketImpl.implRead(NioSocketImpl.java:314)
 java.base@17.0.12/sun.nio.ch.NioSocketImpl.read(NioSocketImpl.java:355)
 java.base@17.0.12/sun.nio.ch.NioSocketImpl$1.read(NioSocketImpl.java:808)
 java.base@17.0.12/java.net.Socket$SocketInputStream.read(Socket.java:966)
 app//com.mongodb.internal.connection.SocketStream.read(SocketStream.java:110)
 app//com.mongodb.internal.connection.SocketStream.read(SocketStream.java:135)
 app//com.mongodb.internal.connection.InternalStreamConnection.receiveResponseBuffers(InternalStreamConnection.java:713)
 app//com.mongodb.internal.connection.InternalStreamConnection.receiveMessageWithAdditionalTimeout(InternalStreamConnection.java:571)
 app//com.mongodb.internal.connection.InternalStreamConnection.receiveCommandMessageResponse(InternalStreamConnection.java:410)
 app//com.mongodb.internal.connection.InternalStreamConnection.receive(InternalStreamConnection.java:369)
 app//com.mongodb.internal.connection.DefaultServerMonitor$ServerMonitorRunnable.lookupServerDescription(DefaultServerMonitor.java:221)
 app//com.mongodb.internal.connection.DefaultServerMonitor$ServerMonitorRunnable.run(DefaultServerMonitor.java:157)
 java.base@17.0.12/java.lang.Thread.run(Thread.java:840)
2025-01-22 09:31:57 [Thread-17] WARN  o.a.c.loader.WebappClassLoaderBase - The web application [ROOT] appears to have started a thread named [cluster-rtt-ClusterId{value='6790acd61cc9ee74bceddc20', description='null'}-localhost:27017] but has failed to stop it. This is very likely to create a memory leak. Stack trace of thread:
 java.base@17.0.12/java.lang.Thread.sleep(Native Method)
 app//com.mongodb.internal.connection.DefaultServerMonitor.waitForNext(DefaultServerMonitor.java:443)
 app//com.mongodb.internal.connection.DefaultServerMonitor.access$1500(DefaultServerMonitor.java:64)
 app//com.mongodb.internal.connection.DefaultServerMonitor$RoundTripTimeRunnable.run(DefaultServerMonitor.java:415)
 java.base@17.0.12/java.lang.Thread.run(Thread.java:840)
2025-01-22 09:31:57 [Thread-17] WARN  o.a.c.loader.WebappClassLoaderBase - The web application [ROOT] appears to have started a thread named [MaintenanceTimer-6-thread-1] but has failed to stop it. This is very likely to create a memory leak. Stack trace of thread:
 java.base@17.0.12/jdk.internal.misc.Unsafe.park(Native Method)
 java.base@17.0.12/java.util.concurrent.locks.LockSupport.parkNanos(LockSupport.java:252)
 java.base@17.0.12/java.util.concurrent.locks.AbstractQueuedSynchronizer$ConditionObject.awaitNanos(AbstractQueuedSynchronizer.java:1674)
 java.base@17.0.12/java.util.concurrent.ScheduledThreadPoolExecutor$DelayedWorkQueue.take(ScheduledThreadPoolExecutor.java:1182)
 java.base@17.0.12/java.util.concurrent.ScheduledThreadPoolExecutor$DelayedWorkQueue.take(ScheduledThreadPoolExecutor.java:899)
 java.base@17.0.12/java.util.concurrent.ThreadPoolExecutor.getTask(ThreadPoolExecutor.java:1062)
 java.base@17.0.12/java.util.concurrent.ThreadPoolExecutor.runWorker(ThreadPoolExecutor.java:1122)
 java.base@17.0.12/java.util.concurrent.ThreadPoolExecutor$Worker.run(ThreadPoolExecutor.java:635)
 java.base@17.0.12/java.lang.Thread.run(Thread.java:840)
2025-01-22 09:31:57 [restartedMain] INFO  c.M.MusicManagerApplication - Starting MusicManagerApplication using Java 17.0.12 on LAPTOP-ICGVSVEA with PID 18272 (C:\Users\ycode\Streamify\back-end\target\classes started by ycode in C:\Users\ycode\Streamify\back-end)
2025-01-22 09:31:57 [restartedMain] DEBUG c.M.MusicManagerApplication - Running with Spring Boot v2.7.18, Spring v5.3.31
2025-01-22 09:31:57 [restartedMain] INFO  c.M.MusicManagerApplication - The following 1 profile is active: "prod"
2025-01-22 09:31:57 [restartedMain] INFO  o.s.d.r.c.RepositoryConfigurationDelegate - Bootstrapping Spring Data MongoDB repositories in DEFAULT mode.
2025-01-22 09:31:57 [restartedMain] INFO  o.s.d.r.c.RepositoryConfigurationDelegate - Finished Spring Data repository scanning in 26 ms. Found 4 MongoDB repository interfaces.
2025-01-22 09:31:57 [restartedMain] INFO  o.s.b.w.e.tomcat.TomcatWebServer - Tomcat initialized with port(s): 8080 (http)
2025-01-22 09:31:57 [restartedMain] INFO  o.a.catalina.core.StandardService - Starting service [Tomcat]
2025-01-22 09:31:57 [restartedMain] INFO  o.a.catalina.core.StandardEngine - Starting Servlet engine: [Apache Tomcat/9.0.83]
2025-01-22 09:31:57 [restartedMain] INFO  o.a.c.c.C.[Tomcat-2].[localhost].[/] - Initializing Spring embedded WebApplicationContext
2025-01-22 09:31:57 [restartedMain] INFO  o.s.b.w.s.c.ServletWebServerApplicationContext - Root WebApplicationContext: initialization completed in 496 ms
2025-01-22 09:31:57 [restartedMain] INFO  org.mongodb.driver.client - MongoClient with metadata {"driver": {"name": "mongo-java-driver|sync|spring-boot", "version": "4.6.1"}, "os": {"type": "Windows", "name": "Windows 11", "architecture": "amd64", "version": "10.0"}, "platform": "Java/Eclipse Adoptium/17.0.12+7"} created with settings MongoClientSettings{readPreference=primary, writeConcern=WriteConcern{w=null, wTimeout=null ms, journal=null}, retryWrites=true, retryReads=true, readConcern=ReadConcern{level=null}, credential=null, streamFactoryFactory=null, commandListeners=[io.micrometer.core.instrument.binder.mongodb.MongoMetricsCommandListener@391f385a], codecRegistry=ProvidersCodecRegistry{codecProviders=[ValueCodecProvider{}, BsonValueCodecProvider{}, DBRefCodecProvider{}, DBObjectCodecProvider{}, DocumentCodecProvider{}, IterableCodecProvider{}, MapCodecProvider{}, GeoJsonCodecProvider{}, GridFSFileCodecProvider{}, Jsr310CodecProvider{}, JsonObjectCodecProvider{}, BsonCodecProvider{}, EnumCodecProvider{}, com.mongodb.Jep395RecordCodecProvider@aee8437]}, clusterSettings={hosts=[localhost:27017], srvServiceName=mongodb, mode=SINGLE, requiredClusterType=UNKNOWN, requiredReplicaSetName='null', serverSelector='null', clusterListeners='[]', serverSelectionTimeout='30000 ms', localThreshold='30000 ms'}, socketSettings=SocketSettings{connectTimeoutMS=10000, readTimeoutMS=0, receiveBufferSize=0, sendBufferSize=0}, heartbeatSocketSettings=SocketSettings{connectTimeoutMS=10000, readTimeoutMS=10000, receiveBufferSize=0, sendBufferSize=0}, connectionPoolSettings=ConnectionPoolSettings{maxSize=100, minSize=0, maxWaitTimeMS=120000, maxConnectionLifeTimeMS=0, maxConnectionIdleTimeMS=0, maintenanceInitialDelayMS=0, maintenanceFrequencyMS=60000, connectionPoolListeners=[io.micrometer.core.instrument.binder.mongodb.MongoMetricsConnectionPoolListener@759eb773], maxConnecting=2}, serverSettings=ServerSettings{heartbeatFrequencyMS=10000, minHeartbeatFrequencyMS=500, serverListeners='[]', serverMonitorListeners='[]'}, sslSettings=SslSettings{enabled=false, invalidHostNameAllowed=false, context=null}, applicationName='null', compressorList=[], uuidRepresentation=JAVA_LEGACY, serverApi=null, autoEncryptionSettings=null, contextProvider=null}
2025-01-22 09:31:57 [cluster-ClusterId{value='6790acfd1cc9ee74bceddc21', description='null'}-localhost:27017] INFO  org.mongodb.driver.connection - Opened connection [connectionId{localValue:15, serverValue:15}] to localhost:27017
2025-01-22 09:31:57 [cluster-ClusterId{value='6790acfd1cc9ee74bceddc21', description='null'}-localhost:27017] INFO  org.mongodb.driver.cluster - Monitor thread successfully connected to server with description ServerDescription{address=localhost:27017, type=STANDALONE, state=CONNECTED, ok=true, minWireVersion=0, maxWireVersion=21, maxDocumentSize=16777216, logicalSessionTimeoutMinutes=30, roundTripTimeNanos=2180400}
2025-01-22 09:31:57 [cluster-rtt-ClusterId{value='6790acfd1cc9ee74bceddc21', description='null'}-localhost:27017] INFO  org.mongodb.driver.connection - Opened connection [connectionId{localValue:16, serverValue:16}] to localhost:27017
2025-01-22 09:31:57 [restartedMain] DEBUG o.s.d.m.c.i.MongoPersistentEntityIndexCreator - Analyzing class class com.MusicManager.model.Album for index information.
2025-01-22 09:31:57 [restartedMain] DEBUG o.s.d.m.c.i.MongoPersistentEntityIndexCreator - Analyzing class class com.MusicManager.model.User for index information.
2025-01-22 09:31:57 [restartedMain] DEBUG o.s.d.m.c.i.MongoPersistentEntityIndexCreator - Analyzing class class com.MusicManager.model.Role for index information.
2025-01-22 09:31:57 [restartedMain] INFO  org.mongodb.driver.connection - Opened connection [connectionId{localValue:17, serverValue:17}] to localhost:27017
2025-01-22 09:31:57 [restartedMain] DEBUG o.s.d.m.c.i.MongoPersistentEntityIndexCreator - Analyzing class class com.MusicManager.model.Chanson for index information.
2025-01-22 09:31:57 [restartedMain] DEBUG c.M.security.JwtAuthenticationFilter - Filter 'jwtAuthenticationFilter' configured for use
2025-01-22 09:31:57 [restartedMain] INFO  o.s.b.d.a.OptionalLiveReloadServer - LiveReload server is running on port 35729
2025-01-22 09:31:57 [restartedMain] DEBUG o.s.data.mongodb.core.MongoTemplate - Executing count: {} in collection: roles
2025-01-22 09:31:57 [restartedMain] INFO  o.s.s.web.DefaultSecurityFilterChain - Will secure any request with [org.springframework.security.web.session.DisableEncodeUrlFilter@7edac74b, org.springframework.security.web.context.request.async.WebAsyncManagerIntegrationFilter@11f67cbc, org.springframework.security.web.context.SecurityContextPersistenceFilter@37c7653, org.springframework.security.web.header.HeaderWriterFilter@680fe637, org.springframework.security.web.authentication.logout.LogoutFilter@4888838c, com.MusicManager.security.JwtAuthenticationFilter@20cb49c4, org.springframework.security.web.savedrequest.RequestCacheAwareFilter@3a45b22d, org.springframework.security.web.servletapi.SecurityContextHolderAwareRequestFilter@2d6cc50c, org.springframework.security.web.authentication.AnonymousAuthenticationFilter@5925016e, org.springframework.security.web.session.SessionManagementFilter@1342c1bd, org.springframework.security.web.access.ExceptionTranslationFilter@ee6fcc5, org.springframework.security.web.access.intercept.FilterSecurityInterceptor@4f236d1b]
2025-01-22 09:31:58 [restartedMain] INFO  o.s.b.a.e.web.EndpointLinksResolver - Exposing 1 endpoint(s) beneath base path '/actuator'
2025-01-22 09:31:58 [restartedMain] INFO  o.s.b.w.e.tomcat.TomcatWebServer - Tomcat started on port(s): 8080 (http) with context path ''
2025-01-22 09:31:58 [restartedMain] INFO  c.M.MusicManagerApplication - Started MusicManagerApplication in 1.355 seconds (JVM running for 889.39)
2025-01-22 09:31:58 [restartedMain] INFO  o.s.b.d.a.ConditionEvaluationDeltaLoggingListener - Condition evaluation unchanged
2025-01-22 09:33:45 [File Watcher] INFO  o.s.b.d.a.LocalDevToolsAutoConfiguration$RestartingClassPathChangeChangedEventListener - Restarting due to 1 class path change (0 additions, 0 deletions, 1 modification)
2025-01-22 09:33:45 [Thread-21] INFO  o.a.catalina.core.StandardService - Stopping service [Tomcat]
2025-01-22 09:33:45 [Thread-21] WARN  o.a.c.loader.WebappClassLoaderBase - The web application [ROOT] appears to have started a thread named [cluster-ClusterId{value='6790acfd1cc9ee74bceddc21', description='null'}-localhost:27017] but has failed to stop it. This is very likely to create a memory leak. Stack trace of thread:
 java.base@17.0.12/sun.nio.ch.Net.poll(Native Method)
 java.base@17.0.12/sun.nio.ch.NioSocketImpl.park(NioSocketImpl.java:186)
 java.base@17.0.12/sun.nio.ch.NioSocketImpl.timedRead(NioSocketImpl.java:290)
 java.base@17.0.12/sun.nio.ch.NioSocketImpl.implRead(NioSocketImpl.java:314)
 java.base@17.0.12/sun.nio.ch.NioSocketImpl.read(NioSocketImpl.java:355)
 java.base@17.0.12/sun.nio.ch.NioSocketImpl$1.read(NioSocketImpl.java:808)
 java.base@17.0.12/java.net.Socket$SocketInputStream.read(Socket.java:966)
 app//com.mongodb.internal.connection.SocketStream.read(SocketStream.java:110)
 app//com.mongodb.internal.connection.SocketStream.read(SocketStream.java:135)
 app//com.mongodb.internal.connection.InternalStreamConnection.receiveResponseBuffers(InternalStreamConnection.java:713)
 app//com.mongodb.internal.connection.InternalStreamConnection.receiveMessageWithAdditionalTimeout(InternalStreamConnection.java:571)
 app//com.mongodb.internal.connection.InternalStreamConnection.receiveCommandMessageResponse(InternalStreamConnection.java:410)
 app//com.mongodb.internal.connection.InternalStreamConnection.receive(InternalStreamConnection.java:369)
 app//com.mongodb.internal.connection.DefaultServerMonitor$ServerMonitorRunnable.lookupServerDescription(DefaultServerMonitor.java:221)
 app//com.mongodb.internal.connection.DefaultServerMonitor$ServerMonitorRunnable.run(DefaultServerMonitor.java:157)
 java.base@17.0.12/java.lang.Thread.run(Thread.java:840)
2025-01-22 09:33:45 [Thread-21] WARN  o.a.c.loader.WebappClassLoaderBase - The web application [ROOT] appears to have started a thread named [cluster-rtt-ClusterId{value='6790acfd1cc9ee74bceddc21', description='null'}-localhost:27017] but has failed to stop it. This is very likely to create a memory leak. Stack trace of thread:
 java.base@17.0.12/java.lang.Thread.sleep(Native Method)
 app//com.mongodb.internal.connection.DefaultServerMonitor.waitForNext(DefaultServerMonitor.java:443)
 app//com.mongodb.internal.connection.DefaultServerMonitor.access$1500(DefaultServerMonitor.java:64)
 app//com.mongodb.internal.connection.DefaultServerMonitor$RoundTripTimeRunnable.run(DefaultServerMonitor.java:415)
 java.base@17.0.12/java.lang.Thread.run(Thread.java:840)
2025-01-22 09:33:45 [Thread-21] WARN  o.a.c.loader.WebappClassLoaderBase - The web application [ROOT] appears to have started a thread named [MaintenanceTimer-7-thread-1] but has failed to stop it. This is very likely to create a memory leak. Stack trace of thread:
 java.base@17.0.12/jdk.internal.misc.Unsafe.park(Native Method)
 java.base@17.0.12/java.util.concurrent.locks.LockSupport.parkNanos(LockSupport.java:252)
 java.base@17.0.12/java.util.concurrent.locks.AbstractQueuedSynchronizer$ConditionObject.awaitNanos(AbstractQueuedSynchronizer.java:1674)
 java.base@17.0.12/java.util.concurrent.ScheduledThreadPoolExecutor$DelayedWorkQueue.take(ScheduledThreadPoolExecutor.java:1182)
 java.base@17.0.12/java.util.concurrent.ScheduledThreadPoolExecutor$DelayedWorkQueue.take(ScheduledThreadPoolExecutor.java:899)
 java.base@17.0.12/java.util.concurrent.ThreadPoolExecutor.getTask(ThreadPoolExecutor.java:1062)
 java.base@17.0.12/java.util.concurrent.ThreadPoolExecutor.runWorker(ThreadPoolExecutor.java:1122)
 java.base@17.0.12/java.util.concurrent.ThreadPoolExecutor$Worker.run(ThreadPoolExecutor.java:635)
 java.base@17.0.12/java.lang.Thread.run(Thread.java:840)
2025-01-22 09:33:45 [restartedMain] INFO  c.M.MusicManagerApplication - Starting MusicManagerApplication using Java 17.0.12 on LAPTOP-ICGVSVEA with PID 18272 (C:\Users\ycode\Streamify\back-end\target\classes started by ycode in C:\Users\ycode\Streamify\back-end)
2025-01-22 09:33:45 [restartedMain] DEBUG c.M.MusicManagerApplication - Running with Spring Boot v2.7.18, Spring v5.3.31
2025-01-22 09:33:45 [restartedMain] INFO  c.M.MusicManagerApplication - The following 1 profile is active: "prod"
2025-01-22 09:33:46 [restartedMain] INFO  o.s.d.r.c.RepositoryConfigurationDelegate - Bootstrapping Spring Data MongoDB repositories in DEFAULT mode.
2025-01-22 09:33:46 [restartedMain] INFO  o.s.d.r.c.RepositoryConfigurationDelegate - Finished Spring Data repository scanning in 45 ms. Found 4 MongoDB repository interfaces.
2025-01-22 09:33:46 [restartedMain] INFO  o.s.b.w.e.tomcat.TomcatWebServer - Tomcat initialized with port(s): 8080 (http)
2025-01-22 09:33:46 [restartedMain] INFO  o.a.catalina.core.StandardService - Starting service [Tomcat]
2025-01-22 09:33:46 [restartedMain] INFO  o.a.catalina.core.StandardEngine - Starting Servlet engine: [Apache Tomcat/9.0.83]
2025-01-22 09:33:46 [restartedMain] INFO  o.a.c.c.C.[Tomcat-2].[localhost].[/] - Initializing Spring embedded WebApplicationContext
2025-01-22 09:33:46 [restartedMain] INFO  o.s.b.w.s.c.ServletWebServerApplicationContext - Root WebApplicationContext: initialization completed in 834 ms
2025-01-22 09:33:46 [restartedMain] INFO  org.mongodb.driver.client - MongoClient with metadata {"driver": {"name": "mongo-java-driver|sync|spring-boot", "version": "4.6.1"}, "os": {"type": "Windows", "name": "Windows 11", "architecture": "amd64", "version": "10.0"}, "platform": "Java/Eclipse Adoptium/17.0.12+7"} created with settings MongoClientSettings{readPreference=primary, writeConcern=WriteConcern{w=null, wTimeout=null ms, journal=null}, retryWrites=true, retryReads=true, readConcern=ReadConcern{level=null}, credential=null, streamFactoryFactory=null, commandListeners=[io.micrometer.core.instrument.binder.mongodb.MongoMetricsCommandListener@6a61e3a9], codecRegistry=ProvidersCodecRegistry{codecProviders=[ValueCodecProvider{}, BsonValueCodecProvider{}, DBRefCodecProvider{}, DBObjectCodecProvider{}, DocumentCodecProvider{}, IterableCodecProvider{}, MapCodecProvider{}, GeoJsonCodecProvider{}, GridFSFileCodecProvider{}, Jsr310CodecProvider{}, JsonObjectCodecProvider{}, BsonCodecProvider{}, EnumCodecProvider{}, com.mongodb.Jep395RecordCodecProvider@aee8437]}, clusterSettings={hosts=[localhost:27017], srvServiceName=mongodb, mode=SINGLE, requiredClusterType=UNKNOWN, requiredReplicaSetName='null', serverSelector='null', clusterListeners='[]', serverSelectionTimeout='30000 ms', localThreshold='30000 ms'}, socketSettings=SocketSettings{connectTimeoutMS=10000, readTimeoutMS=0, receiveBufferSize=0, sendBufferSize=0}, heartbeatSocketSettings=SocketSettings{connectTimeoutMS=10000, readTimeoutMS=10000, receiveBufferSize=0, sendBufferSize=0}, connectionPoolSettings=ConnectionPoolSettings{maxSize=100, minSize=0, maxWaitTimeMS=120000, maxConnectionLifeTimeMS=0, maxConnectionIdleTimeMS=0, maintenanceInitialDelayMS=0, maintenanceFrequencyMS=60000, connectionPoolListeners=[io.micrometer.core.instrument.binder.mongodb.MongoMetricsConnectionPoolListener@1dfac1f8], maxConnecting=2}, serverSettings=ServerSettings{heartbeatFrequencyMS=10000, minHeartbeatFrequencyMS=500, serverListeners='[]', serverMonitorListeners='[]'}, sslSettings=SslSettings{enabled=false, invalidHostNameAllowed=false, context=null}, applicationName='null', compressorList=[], uuidRepresentation=JAVA_LEGACY, serverApi=null, autoEncryptionSettings=null, contextProvider=null}
2025-01-22 09:33:47 [cluster-ClusterId{value='6790ad6a1cc9ee74bceddc22', description='null'}-localhost:27017] INFO  org.mongodb.driver.connection - Opened connection [connectionId{localValue:18, serverValue:18}] to localhost:27017
2025-01-22 09:33:47 [cluster-rtt-ClusterId{value='6790ad6a1cc9ee74bceddc22', description='null'}-localhost:27017] INFO  org.mongodb.driver.connection - Opened connection [connectionId{localValue:19, serverValue:19}] to localhost:27017
2025-01-22 09:33:47 [cluster-ClusterId{value='6790ad6a1cc9ee74bceddc22', description='null'}-localhost:27017] INFO  org.mongodb.driver.cluster - Monitor thread successfully connected to server with description ServerDescription{address=localhost:27017, type=STANDALONE, state=CONNECTED, ok=true, minWireVersion=0, maxWireVersion=21, maxDocumentSize=16777216, logicalSessionTimeoutMinutes=30, roundTripTimeNanos=11850900}
2025-01-22 09:33:47 [restartedMain] DEBUG o.s.d.m.c.i.MongoPersistentEntityIndexCreator - Analyzing class class com.MusicManager.model.Role for index information.
2025-01-22 09:33:47 [restartedMain] INFO  org.mongodb.driver.connection - Opened connection [connectionId{localValue:20, serverValue:20}] to localhost:27017
2025-01-22 09:33:47 [restartedMain] DEBUG o.s.d.m.c.i.MongoPersistentEntityIndexCreator - Analyzing class class com.MusicManager.model.Chanson for index information.
2025-01-22 09:33:47 [restartedMain] DEBUG o.s.d.m.c.i.MongoPersistentEntityIndexCreator - Analyzing class class com.MusicManager.model.User for index information.
2025-01-22 09:33:47 [restartedMain] DEBUG o.s.d.m.c.i.MongoPersistentEntityIndexCreator - Analyzing class class com.MusicManager.model.Album for index information.
2025-01-22 09:33:47 [restartedMain] DEBUG c.M.security.JwtAuthenticationFilter - Filter 'jwtAuthenticationFilter' configured for use
2025-01-22 09:33:47 [restartedMain] INFO  o.s.b.d.a.OptionalLiveReloadServer - LiveReload server is running on port 35729
2025-01-22 09:33:47 [restartedMain] DEBUG o.s.data.mongodb.core.MongoTemplate - Executing count: {} in collection: roles
2025-01-22 09:33:47 [restartedMain] INFO  o.s.s.web.DefaultSecurityFilterChain - Will secure any request with [org.springframework.security.web.session.DisableEncodeUrlFilter@bf2fe44, org.springframework.security.web.context.request.async.WebAsyncManagerIntegrationFilter@1d3ff74b, org.springframework.security.web.context.SecurityContextPersistenceFilter@356a7c7b, org.springframework.security.web.header.HeaderWriterFilter@7e4eaa9d, org.springframework.security.web.authentication.logout.LogoutFilter@5dd74c38, com.MusicManager.security.JwtAuthenticationFilter@5c44f6c0, org.springframework.security.web.savedrequest.RequestCacheAwareFilter@465e0351, org.springframework.security.web.servletapi.SecurityContextHolderAwareRequestFilter@4d4f4345, org.springframework.security.web.authentication.AnonymousAuthenticationFilter@1bbd9f90, org.springframework.security.web.session.SessionManagementFilter@f2f35d1, org.springframework.security.web.access.ExceptionTranslationFilter@40767639, org.springframework.security.web.access.intercept.FilterSecurityInterceptor@5f662162]
2025-01-22 09:33:47 [restartedMain] INFO  o.s.b.a.e.web.EndpointLinksResolver - Exposing 1 endpoint(s) beneath base path '/actuator'
2025-01-22 09:33:47 [restartedMain] INFO  o.s.b.w.e.tomcat.TomcatWebServer - Tomcat started on port(s): 8080 (http) with context path ''
2025-01-22 09:33:47 [restartedMain] INFO  c.M.MusicManagerApplication - Started MusicManagerApplication in 1.481 seconds (JVM running for 998.298)
2025-01-22 09:33:47 [restartedMain] INFO  o.s.b.d.a.ConditionEvaluationDeltaLoggingListener - Condition evaluation unchanged
2025-01-22 09:33:58 [http-nio-8080-exec-3] INFO  o.a.c.c.C.[Tomcat-2].[localhost].[/] - Initializing Spring DispatcherServlet 'dispatcherServlet'
2025-01-22 09:33:58 [http-nio-8080-exec-3] INFO  o.s.web.servlet.DispatcherServlet - Initializing Servlet 'dispatcherServlet'
2025-01-22 09:33:58 [http-nio-8080-exec-3] INFO  o.s.web.servlet.DispatcherServlet - Completed initialization in 1 ms
2025-01-22 09:33:58 [http-nio-8080-exec-3] ERROR o.a.c.c.C.[.[.[.[dispatcherServlet] - Servlet.service() for servlet [dispatcherServlet] in context with path [] threw exception
io.jsonwebtoken.ExpiredJwtException: JWT expired at 2024-12-18T14:12:52Z. Current time: 2025-01-22T08:33:58Z, a difference of 3003666804 milliseconds.  Allowed clock skew: 0 milliseconds.
	at io.jsonwebtoken.impl.DefaultJwtParser.parse(DefaultJwtParser.java:427)
	at io.jsonwebtoken.impl.DefaultJwtParser.parse(DefaultJwtParser.java:529)
	at io.jsonwebtoken.impl.DefaultJwtParser.parseClaimsJws(DefaultJwtParser.java:589)
	at io.jsonwebtoken.impl.ImmutableJwtParser.parseClaimsJws(ImmutableJwtParser.java:173)
	at com.MusicManager.security.JwtService.extractAllClaims(JwtService.java:63)
	at com.MusicManager.security.JwtService.extractClaim(JwtService.java:26)
	at com.MusicManager.security.JwtService.extractUsername(JwtService.java:22)
	at com.MusicManager.security.JwtAuthenticationFilter.doFilterInternal(JwtAuthenticationFilter.java:41)
	at org.springframework.web.filter.OncePerRequestFilter.doFilter(OncePerRequestFilter.java:117)
	at org.springframework.security.web.FilterChainProxy$VirtualFilterChain.doFilter(FilterChainProxy.java:346)
	at org.springframework.security.web.authentication.logout.LogoutFilter.doFilter(LogoutFilter.java:103)
	at org.springframework.security.web.authentication.logout.LogoutFilter.doFilter(LogoutFilter.java:89)
	at org.springframework.security.web.FilterChainProxy$VirtualFilterChain.doFilter(FilterChainProxy.java:346)
	at org.springframework.security.web.header.HeaderWriterFilter.doHeadersAfter(HeaderWriterFilter.java:90)
	at org.springframework.security.web.header.HeaderWriterFilter.doFilterInternal(HeaderWriterFilter.java:75)
	at org.springframework.web.filter.OncePerRequestFilter.doFilter(OncePerRequestFilter.java:117)
	at org.springframework.security.web.FilterChainProxy$VirtualFilterChain.doFilter(FilterChainProxy.java:346)
	at org.springframework.security.web.context.SecurityContextPersistenceFilter.doFilter(SecurityContextPersistenceFilter.java:112)
	at org.springframework.security.web.context.SecurityContextPersistenceFilter.doFilter(SecurityContextPersistenceFilter.java:82)
	at org.springframework.security.web.FilterChainProxy$VirtualFilterChain.doFilter(FilterChainProxy.java:346)
	at org.springframework.security.web.context.request.async.WebAsyncManagerIntegrationFilter.doFilterInternal(WebAsyncManagerIntegrationFilter.java:55)
	at org.springframework.web.filter.OncePerRequestFilter.doFilter(OncePerRequestFilter.java:117)
	at org.springframework.security.web.FilterChainProxy$VirtualFilterChain.doFilter(FilterChainProxy.java:346)
	at org.springframework.security.web.session.DisableEncodeUrlFilter.doFilterInternal(DisableEncodeUrlFilter.java:42)
	at org.springframework.web.filter.OncePerRequestFilter.doFilter(OncePerRequestFilter.java:117)
	at org.springframework.security.web.FilterChainProxy$VirtualFilterChain.doFilter(FilterChainProxy.java:346)
	at org.springframework.security.web.FilterChainProxy.doFilterInternal(FilterChainProxy.java:221)
	at org.springframework.security.web.FilterChainProxy.doFilter(FilterChainProxy.java:186)
	at org.springframework.web.filter.DelegatingFilterProxy.invokeDelegate(DelegatingFilterProxy.java:354)
	at org.springframework.web.filter.DelegatingFilterProxy.doFilter(DelegatingFilterProxy.java:267)
	at org.apache.catalina.core.ApplicationFilterChain.internalDoFilter(ApplicationFilterChain.java:178)
	at org.apache.catalina.core.ApplicationFilterChain.doFilter(ApplicationFilterChain.java:153)
	at org.springframework.web.filter.RequestContextFilter.doFilterInternal(RequestContextFilter.java:100)
	at org.springframework.web.filter.OncePerRequestFilter.doFilter(OncePerRequestFilter.java:117)
	at org.apache.catalina.core.ApplicationFilterChain.internalDoFilter(ApplicationFilterChain.java:178)
	at org.apache.catalina.core.ApplicationFilterChain.doFilter(ApplicationFilterChain.java:153)
	at org.springframework.web.filter.FormContentFilter.doFilterInternal(FormContentFilter.java:93)
	at org.springframework.web.filter.OncePerRequestFilter.doFilter(OncePerRequestFilter.java:117)
	at org.apache.catalina.core.ApplicationFilterChain.internalDoFilter(ApplicationFilterChain.java:178)
	at org.apache.catalina.core.ApplicationFilterChain.doFilter(ApplicationFilterChain.java:153)
	at org.springframework.boot.actuate.metrics.web.servlet.WebMvcMetricsFilter.doFilterInternal(WebMvcMetricsFilter.java:96)
	at org.springframework.web.filter.OncePerRequestFilter.doFilter(OncePerRequestFilter.java:117)
	at org.apache.catalina.core.ApplicationFilterChain.internalDoFilter(ApplicationFilterChain.java:178)
	at org.apache.catalina.core.ApplicationFilterChain.doFilter(ApplicationFilterChain.java:153)
	at org.springframework.web.filter.CharacterEncodingFilter.doFilterInternal(CharacterEncodingFilter.java:201)
	at org.springframework.web.filter.OncePerRequestFilter.doFilter(OncePerRequestFilter.java:117)
	at org.apache.catalina.core.ApplicationFilterChain.internalDoFilter(ApplicationFilterChain.java:178)
	at org.apache.catalina.core.ApplicationFilterChain.doFilter(ApplicationFilterChain.java:153)
	at org.apache.catalina.core.StandardWrapperValve.invoke(StandardWrapperValve.java:168)
	at org.apache.catalina.core.StandardContextValve.invoke(StandardContextValve.java:90)
	at org.apache.catalina.authenticator.AuthenticatorBase.invoke(AuthenticatorBase.java:481)
	at org.apache.catalina.core.StandardHostValve.invoke(StandardHostValve.java:130)
	at org.apache.catalina.valves.ErrorReportValve.invoke(ErrorReportValve.java:93)
	at org.apache.catalina.core.StandardEngineValve.invoke(StandardEngineValve.java:74)
	at org.apache.catalina.connector.CoyoteAdapter.service(CoyoteAdapter.java:342)
	at org.apache.coyote.http11.Http11Processor.service(Http11Processor.java:390)
	at org.apache.coyote.AbstractProcessorLight.process(AbstractProcessorLight.java:63)
	at org.apache.coyote.AbstractProtocol$ConnectionHandler.process(AbstractProtocol.java:928)
	at org.apache.tomcat.util.net.NioEndpoint$SocketProcessor.doRun(NioEndpoint.java:1794)
	at org.apache.tomcat.util.net.SocketProcessorBase.run(SocketProcessorBase.java:52)
	at org.apache.tomcat.util.threads.ThreadPoolExecutor.runWorker(ThreadPoolExecutor.java:1191)
	at org.apache.tomcat.util.threads.ThreadPoolExecutor$Worker.run(ThreadPoolExecutor.java:659)
	at org.apache.tomcat.util.threads.TaskThread$WrappingRunnable.run(TaskThread.java:61)
	at java.base/java.lang.Thread.run(Thread.java:840)
2025-01-22 10:09:38 [File Watcher] INFO  o.s.b.d.a.LocalDevToolsAutoConfiguration$RestartingClassPathChangeChangedEventListener - Restarting due to 1 class path change (0 additions, 0 deletions, 1 modification)
2025-01-22 10:09:38 [Thread-25] INFO  o.a.catalina.core.StandardService - Stopping service [Tomcat]
2025-01-22 10:09:38 [Thread-25] INFO  o.a.c.c.C.[Tomcat-2].[localhost].[/] - Destroying Spring FrameworkServlet 'dispatcherServlet'
2025-01-22 10:09:38 [Thread-25] WARN  o.a.c.loader.WebappClassLoaderBase - The web application [ROOT] appears to have started a thread named [cluster-ClusterId{value='6790ad6a1cc9ee74bceddc22', description='null'}-localhost:27017] but has failed to stop it. This is very likely to create a memory leak. Stack trace of thread:
 java.base@17.0.12/sun.nio.ch.Net.poll(Native Method)
 java.base@17.0.12/sun.nio.ch.NioSocketImpl.park(NioSocketImpl.java:186)
 java.base@17.0.12/sun.nio.ch.NioSocketImpl.timedRead(NioSocketImpl.java:290)
 java.base@17.0.12/sun.nio.ch.NioSocketImpl.implRead(NioSocketImpl.java:314)
 java.base@17.0.12/sun.nio.ch.NioSocketImpl.read(NioSocketImpl.java:355)
 java.base@17.0.12/sun.nio.ch.NioSocketImpl$1.read(NioSocketImpl.java:808)
 java.base@17.0.12/java.net.Socket$SocketInputStream.read(Socket.java:966)
 app//com.mongodb.internal.connection.SocketStream.read(SocketStream.java:110)
 app//com.mongodb.internal.connection.SocketStream.read(SocketStream.java:135)
 app//com.mongodb.internal.connection.InternalStreamConnection.receiveResponseBuffers(InternalStreamConnection.java:713)
 app//com.mongodb.internal.connection.InternalStreamConnection.receiveMessageWithAdditionalTimeout(InternalStreamConnection.java:571)
 app//com.mongodb.internal.connection.InternalStreamConnection.receiveCommandMessageResponse(InternalStreamConnection.java:410)
 app//com.mongodb.internal.connection.InternalStreamConnection.receive(InternalStreamConnection.java:369)
 app//com.mongodb.internal.connection.DefaultServerMonitor$ServerMonitorRunnable.lookupServerDescription(DefaultServerMonitor.java:221)
 app//com.mongodb.internal.connection.DefaultServerMonitor$ServerMonitorRunnable.run(DefaultServerMonitor.java:157)
 java.base@17.0.12/java.lang.Thread.run(Thread.java:840)
2025-01-22 10:09:38 [Thread-25] WARN  o.a.c.loader.WebappClassLoaderBase - The web application [ROOT] appears to have started a thread named [cluster-rtt-ClusterId{value='6790ad6a1cc9ee74bceddc22', description='null'}-localhost:27017] but has failed to stop it. This is very likely to create a memory leak. Stack trace of thread:
 java.base@17.0.12/java.lang.Thread.sleep(Native Method)
 app//com.mongodb.internal.connection.DefaultServerMonitor.waitForNext(DefaultServerMonitor.java:443)
 app//com.mongodb.internal.connection.DefaultServerMonitor.access$1500(DefaultServerMonitor.java:64)
 app//com.mongodb.internal.connection.DefaultServerMonitor$RoundTripTimeRunnable.run(DefaultServerMonitor.java:415)
 java.base@17.0.12/java.lang.Thread.run(Thread.java:840)
2025-01-22 10:09:38 [Thread-25] WARN  o.a.c.loader.WebappClassLoaderBase - The web application [ROOT] appears to have started a thread named [MaintenanceTimer-8-thread-1] but has failed to stop it. This is very likely to create a memory leak. Stack trace of thread:
 java.base@17.0.12/jdk.internal.misc.Unsafe.park(Native Method)
 java.base@17.0.12/java.util.concurrent.locks.LockSupport.parkNanos(LockSupport.java:252)
 java.base@17.0.12/java.util.concurrent.locks.AbstractQueuedSynchronizer$ConditionObject.awaitNanos(AbstractQueuedSynchronizer.java:1674)
 java.base@17.0.12/java.util.concurrent.ScheduledThreadPoolExecutor$DelayedWorkQueue.take(ScheduledThreadPoolExecutor.java:1182)
 java.base@17.0.12/java.util.concurrent.ScheduledThreadPoolExecutor$DelayedWorkQueue.take(ScheduledThreadPoolExecutor.java:899)
 java.base@17.0.12/java.util.concurrent.ThreadPoolExecutor.getTask(ThreadPoolExecutor.java:1062)
 java.base@17.0.12/java.util.concurrent.ThreadPoolExecutor.runWorker(ThreadPoolExecutor.java:1122)
 java.base@17.0.12/java.util.concurrent.ThreadPoolExecutor$Worker.run(ThreadPoolExecutor.java:635)
 java.base@17.0.12/java.lang.Thread.run(Thread.java:840)
2025-01-22 10:09:40 [restartedMain] INFO  c.M.MusicManagerApplication - Starting MusicManagerApplication using Java 17.0.12 on LAPTOP-ICGVSVEA with PID 18272 (C:\Users\ycode\Streamify\back-end\target\classes started by ycode in C:\Users\ycode\Streamify\back-end)
2025-01-22 10:09:40 [restartedMain] DEBUG c.M.MusicManagerApplication - Running with Spring Boot v2.7.18, Spring v5.3.31
2025-01-22 10:09:40 [restartedMain] INFO  c.M.MusicManagerApplication - The following 1 profile is active: "prod"
2025-01-22 10:09:42 [restartedMain] INFO  o.s.d.r.c.RepositoryConfigurationDelegate - Bootstrapping Spring Data MongoDB repositories in DEFAULT mode.
2025-01-22 10:09:42 [restartedMain] INFO  o.s.d.r.c.RepositoryConfigurationDelegate - Finished Spring Data repository scanning in 185 ms. Found 4 MongoDB repository interfaces.
2025-01-22 10:09:43 [restartedMain] INFO  o.s.b.w.e.tomcat.TomcatWebServer - Tomcat initialized with port(s): 8080 (http)
2025-01-22 10:09:43 [restartedMain] INFO  o.a.catalina.core.StandardService - Starting service [Tomcat]
2025-01-22 10:09:43 [restartedMain] INFO  o.a.catalina.core.StandardEngine - Starting Servlet engine: [Apache Tomcat/9.0.83]
2025-01-22 10:09:43 [restartedMain] INFO  o.a.c.c.C.[Tomcat-2].[localhost].[/] - Initializing Spring embedded WebApplicationContext
2025-01-22 10:09:43 [restartedMain] INFO  o.s.b.w.s.c.ServletWebServerApplicationContext - Root WebApplicationContext: initialization completed in 3273 ms
2025-01-22 10:09:43 [restartedMain] INFO  org.mongodb.driver.client - MongoClient with metadata {"driver": {"name": "mongo-java-driver|sync|spring-boot", "version": "4.6.1"}, "os": {"type": "Windows", "name": "Windows 11", "architecture": "amd64", "version": "10.0"}, "platform": "Java/Eclipse Adoptium/17.0.12+7"} created with settings MongoClientSettings{readPreference=primary, writeConcern=WriteConcern{w=null, wTimeout=null ms, journal=null}, retryWrites=true, retryReads=true, readConcern=ReadConcern{level=null}, credential=null, streamFactoryFactory=null, commandListeners=[io.micrometer.core.instrument.binder.mongodb.MongoMetricsCommandListener@154a57d2], codecRegistry=ProvidersCodecRegistry{codecProviders=[ValueCodecProvider{}, BsonValueCodecProvider{}, DBRefCodecProvider{}, DBObjectCodecProvider{}, DocumentCodecProvider{}, IterableCodecProvider{}, MapCodecProvider{}, GeoJsonCodecProvider{}, GridFSFileCodecProvider{}, Jsr310CodecProvider{}, JsonObjectCodecProvider{}, BsonCodecProvider{}, EnumCodecProvider{}, com.mongodb.Jep395RecordCodecProvider@aee8437]}, clusterSettings={hosts=[localhost:27017], srvServiceName=mongodb, mode=SINGLE, requiredClusterType=UNKNOWN, requiredReplicaSetName='null', serverSelector='null', clusterListeners='[]', serverSelectionTimeout='30000 ms', localThreshold='30000 ms'}, socketSettings=SocketSettings{connectTimeoutMS=10000, readTimeoutMS=0, receiveBufferSize=0, sendBufferSize=0}, heartbeatSocketSettings=SocketSettings{connectTimeoutMS=10000, readTimeoutMS=10000, receiveBufferSize=0, sendBufferSize=0}, connectionPoolSettings=ConnectionPoolSettings{maxSize=100, minSize=0, maxWaitTimeMS=120000, maxConnectionLifeTimeMS=0, maxConnectionIdleTimeMS=0, maintenanceInitialDelayMS=0, maintenanceFrequencyMS=60000, connectionPoolListeners=[io.micrometer.core.instrument.binder.mongodb.MongoMetricsConnectionPoolListener@52a6ee9d], maxConnecting=2}, serverSettings=ServerSettings{heartbeatFrequencyMS=10000, minHeartbeatFrequencyMS=500, serverListeners='[]', serverMonitorListeners='[]'}, sslSettings=SslSettings{enabled=false, invalidHostNameAllowed=false, context=null}, applicationName='null', compressorList=[], uuidRepresentation=JAVA_LEGACY, serverApi=null, autoEncryptionSettings=null, contextProvider=null}
2025-01-22 10:09:43 [cluster-rtt-ClusterId{value='6790b5d71cc9ee74bceddc23', description='null'}-localhost:27017] INFO  org.mongodb.driver.connection - Opened connection [connectionId{localValue:22, serverValue:22}] to localhost:27017
2025-01-22 10:09:43 [cluster-ClusterId{value='6790b5d71cc9ee74bceddc23', description='null'}-localhost:27017] INFO  org.mongodb.driver.connection - Opened connection [connectionId{localValue:21, serverValue:21}] to localhost:27017
2025-01-22 10:09:43 [cluster-ClusterId{value='6790b5d71cc9ee74bceddc23', description='null'}-localhost:27017] INFO  org.mongodb.driver.cluster - Monitor thread successfully connected to server with description ServerDescription{address=localhost:27017, type=STANDALONE, state=CONNECTED, ok=true, minWireVersion=0, maxWireVersion=21, maxDocumentSize=16777216, logicalSessionTimeoutMinutes=30, roundTripTimeNanos=25512100}
2025-01-22 10:09:43 [restartedMain] DEBUG o.s.d.m.c.i.MongoPersistentEntityIndexCreator - Analyzing class class com.MusicManager.model.Album for index information.
2025-01-22 10:09:43 [restartedMain] DEBUG o.s.d.m.c.i.MongoPersistentEntityIndexCreator - Analyzing class class com.MusicManager.model.Chanson for index information.
2025-01-22 10:09:43 [restartedMain] DEBUG o.s.d.m.c.i.MongoPersistentEntityIndexCreator - Analyzing class class com.MusicManager.model.Role for index information.
2025-01-22 10:09:43 [restartedMain] INFO  org.mongodb.driver.connection - Opened connection [connectionId{localValue:23, serverValue:23}] to localhost:27017
2025-01-22 10:09:43 [restartedMain] DEBUG o.s.d.m.c.i.MongoPersistentEntityIndexCreator - Analyzing class class com.MusicManager.model.User for index information.
2025-01-22 10:09:43 [restartedMain] DEBUG c.M.security.JwtAuthenticationFilter - Filter 'jwtAuthenticationFilter' configured for use
2025-01-22 10:09:43 [restartedMain] INFO  o.s.b.d.a.OptionalLiveReloadServer - LiveReload server is running on port 35729
2025-01-22 10:09:43 [restartedMain] DEBUG o.s.data.mongodb.core.MongoTemplate - Executing count: {} in collection: roles
2025-01-22 10:09:43 [restartedMain] INFO  o.s.s.web.DefaultSecurityFilterChain - Will secure any request with [org.springframework.security.web.session.DisableEncodeUrlFilter@1450007, org.springframework.security.web.context.request.async.WebAsyncManagerIntegrationFilter@42026e1f, org.springframework.security.web.context.SecurityContextPersistenceFilter@7aeb1209, org.springframework.security.web.header.HeaderWriterFilter@3b90155, org.springframework.security.web.authentication.logout.LogoutFilter@40e7c8d1, com.MusicManager.security.JwtAuthenticationFilter@2a718932, org.springframework.security.web.savedrequest.RequestCacheAwareFilter@523365cf, org.springframework.security.web.servletapi.SecurityContextHolderAwareRequestFilter@19cb7575, org.springframework.security.web.authentication.AnonymousAuthenticationFilter@1b340f32, org.springframework.security.web.session.SessionManagementFilter@6ee2ad94, org.springframework.security.web.access.ExceptionTranslationFilter@28701013, org.springframework.security.web.access.intercept.FilterSecurityInterceptor@1ab3ed3c]
2025-01-22 10:09:44 [restartedMain] INFO  o.s.b.a.e.web.EndpointLinksResolver - Exposing 1 endpoint(s) beneath base path '/actuator'
2025-01-22 10:09:44 [restartedMain] INFO  o.s.b.w.e.tomcat.TomcatWebServer - Tomcat started on port(s): 8080 (http) with context path ''
2025-01-22 10:09:44 [restartedMain] INFO  c.M.MusicManagerApplication - Started MusicManagerApplication in 4.425 seconds (JVM running for 3155.163)
2025-01-22 10:09:44 [restartedMain] INFO  o.s.b.d.a.ConditionEvaluationDeltaLoggingListener - Condition evaluation unchanged
2025-01-22 10:23:03 [File Watcher] INFO  o.s.b.d.a.LocalDevToolsAutoConfiguration$RestartingClassPathChangeChangedEventListener - Restarting due to 4 class path changes (0 additions, 0 deletions, 4 modifications)
2025-01-22 10:23:03 [Thread-29] INFO  o.a.catalina.core.StandardService - Stopping service [Tomcat]
2025-01-22 10:23:03 [Thread-29] WARN  o.a.c.loader.WebappClassLoaderBase - The web application [ROOT] appears to have started a thread named [cluster-ClusterId{value='6790b5d71cc9ee74bceddc23', description='null'}-localhost:27017] but has failed to stop it. This is very likely to create a memory leak. Stack trace of thread:
 java.base@17.0.12/sun.nio.ch.Net.poll(Native Method)
 java.base@17.0.12/sun.nio.ch.NioSocketImpl.park(NioSocketImpl.java:186)
 java.base@17.0.12/sun.nio.ch.NioSocketImpl.timedRead(NioSocketImpl.java:290)
 java.base@17.0.12/sun.nio.ch.NioSocketImpl.implRead(NioSocketImpl.java:314)
 java.base@17.0.12/sun.nio.ch.NioSocketImpl.read(NioSocketImpl.java:355)
 java.base@17.0.12/sun.nio.ch.NioSocketImpl$1.read(NioSocketImpl.java:808)
 java.base@17.0.12/java.net.Socket$SocketInputStream.read(Socket.java:966)
 app//com.mongodb.internal.connection.SocketStream.read(SocketStream.java:110)
 app//com.mongodb.internal.connection.SocketStream.read(SocketStream.java:135)
 app//com.mongodb.internal.connection.InternalStreamConnection.receiveResponseBuffers(InternalStreamConnection.java:713)
 app//com.mongodb.internal.connection.InternalStreamConnection.receiveMessageWithAdditionalTimeout(InternalStreamConnection.java:571)
 app//com.mongodb.internal.connection.InternalStreamConnection.receiveCommandMessageResponse(InternalStreamConnection.java:410)
 app//com.mongodb.internal.connection.InternalStreamConnection.receive(InternalStreamConnection.java:369)
 app//com.mongodb.internal.connection.DefaultServerMonitor$ServerMonitorRunnable.lookupServerDescription(DefaultServerMonitor.java:221)
 app//com.mongodb.internal.connection.DefaultServerMonitor$ServerMonitorRunnable.run(DefaultServerMonitor.java:157)
 java.base@17.0.12/java.lang.Thread.run(Thread.java:840)
2025-01-22 10:23:03 [Thread-29] WARN  o.a.c.loader.WebappClassLoaderBase - The web application [ROOT] appears to have started a thread named [cluster-rtt-ClusterId{value='6790b5d71cc9ee74bceddc23', description='null'}-localhost:27017] but has failed to stop it. This is very likely to create a memory leak. Stack trace of thread:
 java.base@17.0.12/java.lang.Thread.sleep(Native Method)
 app//com.mongodb.internal.connection.DefaultServerMonitor.waitForNext(DefaultServerMonitor.java:443)
 app//com.mongodb.internal.connection.DefaultServerMonitor.access$1500(DefaultServerMonitor.java:64)
 app//com.mongodb.internal.connection.DefaultServerMonitor$RoundTripTimeRunnable.run(DefaultServerMonitor.java:415)
 java.base@17.0.12/java.lang.Thread.run(Thread.java:840)
2025-01-22 10:23:03 [Thread-29] WARN  o.a.c.loader.WebappClassLoaderBase - The web application [ROOT] appears to have started a thread named [MaintenanceTimer-9-thread-1] but has failed to stop it. This is very likely to create a memory leak. Stack trace of thread:
 java.base@17.0.12/jdk.internal.misc.Unsafe.park(Native Method)
 java.base@17.0.12/java.util.concurrent.locks.LockSupport.parkNanos(LockSupport.java:252)
 java.base@17.0.12/java.util.concurrent.locks.AbstractQueuedSynchronizer$ConditionObject.awaitNanos(AbstractQueuedSynchronizer.java:1674)
 java.base@17.0.12/java.util.concurrent.ScheduledThreadPoolExecutor$DelayedWorkQueue.take(ScheduledThreadPoolExecutor.java:1182)
 java.base@17.0.12/java.util.concurrent.ScheduledThreadPoolExecutor$DelayedWorkQueue.take(ScheduledThreadPoolExecutor.java:899)
 java.base@17.0.12/java.util.concurrent.ThreadPoolExecutor.getTask(ThreadPoolExecutor.java:1062)
 java.base@17.0.12/java.util.concurrent.ThreadPoolExecutor.runWorker(ThreadPoolExecutor.java:1122)
 java.base@17.0.12/java.util.concurrent.ThreadPoolExecutor$Worker.run(ThreadPoolExecutor.java:635)
 java.base@17.0.12/java.lang.Thread.run(Thread.java:840)
2025-01-22 10:23:03 [restartedMain] INFO  c.M.MusicManagerApplication - Starting MusicManagerApplication using Java 17.0.12 on LAPTOP-ICGVSVEA with PID 18272 (C:\Users\ycode\Streamify\back-end\target\classes started by ycode in C:\Users\ycode\Streamify\back-end)
2025-01-22 10:23:03 [restartedMain] DEBUG c.M.MusicManagerApplication - Running with Spring Boot v2.7.18, Spring v5.3.31
2025-01-22 10:23:03 [restartedMain] INFO  c.M.MusicManagerApplication - The following 1 profile is active: "prod"
2025-01-22 10:23:04 [restartedMain] INFO  o.s.d.r.c.RepositoryConfigurationDelegate - Bootstrapping Spring Data MongoDB repositories in DEFAULT mode.
2025-01-22 10:23:04 [restartedMain] INFO  o.s.d.r.c.RepositoryConfigurationDelegate - Finished Spring Data repository scanning in 31 ms. Found 4 MongoDB repository interfaces.
2025-01-22 10:23:04 [restartedMain] INFO  o.s.b.w.e.tomcat.TomcatWebServer - Tomcat initialized with port(s): 8080 (http)
2025-01-22 10:23:04 [restartedMain] INFO  o.a.catalina.core.StandardService - Starting service [Tomcat]
2025-01-22 10:23:04 [restartedMain] INFO  o.a.catalina.core.StandardEngine - Starting Servlet engine: [Apache Tomcat/9.0.83]
2025-01-22 10:23:04 [restartedMain] INFO  o.a.c.c.C.[Tomcat-2].[localhost].[/] - Initializing Spring embedded WebApplicationContext
2025-01-22 10:23:04 [restartedMain] INFO  o.s.b.w.s.c.ServletWebServerApplicationContext - Root WebApplicationContext: initialization completed in 526 ms
2025-01-22 10:23:04 [restartedMain] INFO  org.mongodb.driver.client - MongoClient with metadata {"driver": {"name": "mongo-java-driver|sync|spring-boot", "version": "4.6.1"}, "os": {"type": "Windows", "name": "Windows 11", "architecture": "amd64", "version": "10.0"}, "platform": "Java/Eclipse Adoptium/17.0.12+7"} created with settings MongoClientSettings{readPreference=primary, writeConcern=WriteConcern{w=null, wTimeout=null ms, journal=null}, retryWrites=true, retryReads=true, readConcern=ReadConcern{level=null}, credential=null, streamFactoryFactory=null, commandListeners=[io.micrometer.core.instrument.binder.mongodb.MongoMetricsCommandListener@bfa2fd3], codecRegistry=ProvidersCodecRegistry{codecProviders=[ValueCodecProvider{}, BsonValueCodecProvider{}, DBRefCodecProvider{}, DBObjectCodecProvider{}, DocumentCodecProvider{}, IterableCodecProvider{}, MapCodecProvider{}, GeoJsonCodecProvider{}, GridFSFileCodecProvider{}, Jsr310CodecProvider{}, JsonObjectCodecProvider{}, BsonCodecProvider{}, EnumCodecProvider{}, com.mongodb.Jep395RecordCodecProvider@aee8437]}, clusterSettings={hosts=[localhost:27017], srvServiceName=mongodb, mode=SINGLE, requiredClusterType=UNKNOWN, requiredReplicaSetName='null', serverSelector='null', clusterListeners='[]', serverSelectionTimeout='30000 ms', localThreshold='30000 ms'}, socketSettings=SocketSettings{connectTimeoutMS=10000, readTimeoutMS=0, receiveBufferSize=0, sendBufferSize=0}, heartbeatSocketSettings=SocketSettings{connectTimeoutMS=10000, readTimeoutMS=10000, receiveBufferSize=0, sendBufferSize=0}, connectionPoolSettings=ConnectionPoolSettings{maxSize=100, minSize=0, maxWaitTimeMS=120000, maxConnectionLifeTimeMS=0, maxConnectionIdleTimeMS=0, maintenanceInitialDelayMS=0, maintenanceFrequencyMS=60000, connectionPoolListeners=[io.micrometer.core.instrument.binder.mongodb.MongoMetricsConnectionPoolListener@1e58cd2e], maxConnecting=2}, serverSettings=ServerSettings{heartbeatFrequencyMS=10000, minHeartbeatFrequencyMS=500, serverListeners='[]', serverMonitorListeners='[]'}, sslSettings=SslSettings{enabled=false, invalidHostNameAllowed=false, context=null}, applicationName='null', compressorList=[], uuidRepresentation=JAVA_LEGACY, serverApi=null, autoEncryptionSettings=null, contextProvider=null}
2025-01-22 10:23:04 [cluster-ClusterId{value='6790b8f81cc9ee74bceddc24', description='null'}-localhost:27017] INFO  org.mongodb.driver.connection - Opened connection [connectionId{localValue:24, serverValue:24}] to localhost:27017
2025-01-22 10:23:04 [cluster-ClusterId{value='6790b8f81cc9ee74bceddc24', description='null'}-localhost:27017] INFO  org.mongodb.driver.cluster - Monitor thread successfully connected to server with description ServerDescription{address=localhost:27017, type=STANDALONE, state=CONNECTED, ok=true, minWireVersion=0, maxWireVersion=21, maxDocumentSize=16777216, logicalSessionTimeoutMinutes=30, roundTripTimeNanos=7988500}
2025-01-22 10:23:04 [cluster-rtt-ClusterId{value='6790b8f81cc9ee74bceddc24', description='null'}-localhost:27017] INFO  org.mongodb.driver.connection - Opened connection [connectionId{localValue:25, serverValue:25}] to localhost:27017
2025-01-22 10:23:04 [restartedMain] DEBUG o.s.d.m.c.i.MongoPersistentEntityIndexCreator - Analyzing class class com.MusicManager.model.Chanson for index information.
2025-01-22 10:23:04 [restartedMain] DEBUG o.s.d.m.c.i.MongoPersistentEntityIndexCreator - Analyzing class class com.MusicManager.model.Album for index information.
2025-01-22 10:23:04 [restartedMain] DEBUG o.s.d.m.c.i.MongoPersistentEntityIndexCreator - Analyzing class class com.MusicManager.model.Role for index information.
2025-01-22 10:23:04 [restartedMain] INFO  org.mongodb.driver.connection - Opened connection [connectionId{localValue:26, serverValue:26}] to localhost:27017
2025-01-22 10:23:04 [restartedMain] DEBUG o.s.d.m.c.i.MongoPersistentEntityIndexCreator - Analyzing class class com.MusicManager.model.User for index information.
2025-01-22 10:23:04 [restartedMain] DEBUG c.M.security.JwtAuthenticationFilter - Filter 'jwtAuthenticationFilter' configured for use
2025-01-22 10:23:04 [restartedMain] INFO  o.s.b.d.a.OptionalLiveReloadServer - LiveReload server is running on port 35729
2025-01-22 10:23:04 [restartedMain] DEBUG o.s.data.mongodb.core.MongoTemplate - Executing count: {} in collection: roles
2025-01-22 10:23:04 [restartedMain] INFO  o.s.s.web.DefaultSecurityFilterChain - Will secure any request with [org.springframework.security.web.session.DisableEncodeUrlFilter@38445277, org.springframework.security.web.context.request.async.WebAsyncManagerIntegrationFilter@20f0bf1c, org.springframework.security.web.context.SecurityContextPersistenceFilter@49866e5c, org.springframework.security.web.header.HeaderWriterFilter@194240f9, org.springframework.security.web.authentication.logout.LogoutFilter@67b142ec, com.MusicManager.security.JwtAuthenticationFilter@3d395d7e, org.springframework.security.web.savedrequest.RequestCacheAwareFilter@2699e5f4, org.springframework.security.web.servletapi.SecurityContextHolderAwareRequestFilter@2dd73c56, org.springframework.security.web.authentication.AnonymousAuthenticationFilter@1aa6110, org.springframework.security.web.session.SessionManagementFilter@41330bb1, org.springframework.security.web.access.ExceptionTranslationFilter@56e722ea, org.springframework.security.web.access.intercept.FilterSecurityInterceptor@2b9577be]
2025-01-22 10:23:04 [restartedMain] INFO  o.s.b.a.e.web.EndpointLinksResolver - Exposing 1 endpoint(s) beneath base path '/actuator'
2025-01-22 10:23:04 [restartedMain] INFO  o.s.b.w.e.tomcat.TomcatWebServer - Tomcat started on port(s): 8080 (http) with context path ''
2025-01-22 10:23:04 [restartedMain] INFO  c.M.MusicManagerApplication - Started MusicManagerApplication in 0.952 seconds (JVM running for 3955.671)
2025-01-22 10:23:04 [restartedMain] INFO  o.s.b.d.a.ConditionEvaluationDeltaLoggingListener - Condition evaluation unchanged
2025-01-22 10:23:21 [File Watcher] INFO  o.s.b.d.a.LocalDevToolsAutoConfiguration$RestartingClassPathChangeChangedEventListener - Restarting due to 4 class path changes (0 additions, 0 deletions, 4 modifications)
2025-01-22 10:23:21 [Thread-33] INFO  o.a.catalina.core.StandardService - Stopping service [Tomcat]
2025-01-22 10:23:21 [Thread-33] WARN  o.a.c.loader.WebappClassLoaderBase - The web application [ROOT] appears to have started a thread named [cluster-ClusterId{value='6790b8f81cc9ee74bceddc24', description='null'}-localhost:27017] but has failed to stop it. This is very likely to create a memory leak. Stack trace of thread:
 java.base@17.0.12/sun.nio.ch.Net.poll(Native Method)
 java.base@17.0.12/sun.nio.ch.NioSocketImpl.park(NioSocketImpl.java:186)
 java.base@17.0.12/sun.nio.ch.NioSocketImpl.timedRead(NioSocketImpl.java:290)
 java.base@17.0.12/sun.nio.ch.NioSocketImpl.implRead(NioSocketImpl.java:314)
 java.base@17.0.12/sun.nio.ch.NioSocketImpl.read(NioSocketImpl.java:355)
 java.base@17.0.12/sun.nio.ch.NioSocketImpl$1.read(NioSocketImpl.java:808)
 java.base@17.0.12/java.net.Socket$SocketInputStream.read(Socket.java:966)
 app//com.mongodb.internal.connection.SocketStream.read(SocketStream.java:110)
 app//com.mongodb.internal.connection.SocketStream.read(SocketStream.java:135)
 app//com.mongodb.internal.connection.InternalStreamConnection.receiveResponseBuffers(InternalStreamConnection.java:713)
 app//com.mongodb.internal.connection.InternalStreamConnection.receiveMessageWithAdditionalTimeout(InternalStreamConnection.java:571)
 app//com.mongodb.internal.connection.InternalStreamConnection.receiveCommandMessageResponse(InternalStreamConnection.java:410)
 app//com.mongodb.internal.connection.InternalStreamConnection.receive(InternalStreamConnection.java:369)
 app//com.mongodb.internal.connection.DefaultServerMonitor$ServerMonitorRunnable.lookupServerDescription(DefaultServerMonitor.java:221)
 app//com.mongodb.internal.connection.DefaultServerMonitor$ServerMonitorRunnable.run(DefaultServerMonitor.java:157)
 java.base@17.0.12/java.lang.Thread.run(Thread.java:840)
2025-01-22 10:23:21 [Thread-33] WARN  o.a.c.loader.WebappClassLoaderBase - The web application [ROOT] appears to have started a thread named [cluster-rtt-ClusterId{value='6790b8f81cc9ee74bceddc24', description='null'}-localhost:27017] but has failed to stop it. This is very likely to create a memory leak. Stack trace of thread:
 java.base@17.0.12/java.lang.Thread.sleep(Native Method)
 app//com.mongodb.internal.connection.DefaultServerMonitor.waitForNext(DefaultServerMonitor.java:443)
 app//com.mongodb.internal.connection.DefaultServerMonitor.access$1500(DefaultServerMonitor.java:64)
 app//com.mongodb.internal.connection.DefaultServerMonitor$RoundTripTimeRunnable.run(DefaultServerMonitor.java:415)
 java.base@17.0.12/java.lang.Thread.run(Thread.java:840)
2025-01-22 10:23:21 [Thread-33] WARN  o.a.c.loader.WebappClassLoaderBase - The web application [ROOT] appears to have started a thread named [MaintenanceTimer-10-thread-1] but has failed to stop it. This is very likely to create a memory leak. Stack trace of thread:
 java.base@17.0.12/jdk.internal.misc.Unsafe.park(Native Method)
 java.base@17.0.12/java.util.concurrent.locks.LockSupport.parkNanos(LockSupport.java:252)
 java.base@17.0.12/java.util.concurrent.locks.AbstractQueuedSynchronizer$ConditionObject.awaitNanos(AbstractQueuedSynchronizer.java:1674)
 java.base@17.0.12/java.util.concurrent.ScheduledThreadPoolExecutor$DelayedWorkQueue.take(ScheduledThreadPoolExecutor.java:1182)
 java.base@17.0.12/java.util.concurrent.ScheduledThreadPoolExecutor$DelayedWorkQueue.take(ScheduledThreadPoolExecutor.java:899)
 java.base@17.0.12/java.util.concurrent.ThreadPoolExecutor.getTask(ThreadPoolExecutor.java:1062)
 java.base@17.0.12/java.util.concurrent.ThreadPoolExecutor.runWorker(ThreadPoolExecutor.java:1122)
 java.base@17.0.12/java.util.concurrent.ThreadPoolExecutor$Worker.run(ThreadPoolExecutor.java:635)
 java.base@17.0.12/java.lang.Thread.run(Thread.java:840)
2025-01-22 10:23:21 [restartedMain] INFO  c.M.MusicManagerApplication - Starting MusicManagerApplication using Java 17.0.12 on LAPTOP-ICGVSVEA with PID 18272 (C:\Users\ycode\Streamify\back-end\target\classes started by ycode in C:\Users\ycode\Streamify\back-end)
2025-01-22 10:23:21 [restartedMain] DEBUG c.M.MusicManagerApplication - Running with Spring Boot v2.7.18, Spring v5.3.31
2025-01-22 10:23:21 [restartedMain] INFO  c.M.MusicManagerApplication - The following 1 profile is active: "prod"
2025-01-22 10:23:21 [restartedMain] INFO  o.s.d.r.c.RepositoryConfigurationDelegate - Bootstrapping Spring Data MongoDB repositories in DEFAULT mode.
2025-01-22 10:23:21 [restartedMain] INFO  o.s.d.r.c.RepositoryConfigurationDelegate - Finished Spring Data repository scanning in 28 ms. Found 4 MongoDB repository interfaces.
2025-01-22 10:23:21 [restartedMain] INFO  o.s.b.w.e.tomcat.TomcatWebServer - Tomcat initialized with port(s): 8080 (http)
2025-01-22 10:23:21 [restartedMain] INFO  o.a.catalina.core.StandardService - Starting service [Tomcat]
2025-01-22 10:23:21 [restartedMain] INFO  o.a.catalina.core.StandardEngine - Starting Servlet engine: [Apache Tomcat/9.0.83]
2025-01-22 10:23:21 [restartedMain] INFO  o.a.c.c.C.[Tomcat-2].[localhost].[/] - Initializing Spring embedded WebApplicationContext
2025-01-22 10:23:21 [restartedMain] INFO  o.s.b.w.s.c.ServletWebServerApplicationContext - Root WebApplicationContext: initialization completed in 298 ms
2025-01-22 10:23:21 [restartedMain] INFO  org.mongodb.driver.client - MongoClient with metadata {"driver": {"name": "mongo-java-driver|sync|spring-boot", "version": "4.6.1"}, "os": {"type": "Windows", "name": "Windows 11", "architecture": "amd64", "version": "10.0"}, "platform": "Java/Eclipse Adoptium/17.0.12+7"} created with settings MongoClientSettings{readPreference=primary, writeConcern=WriteConcern{w=null, wTimeout=null ms, journal=null}, retryWrites=true, retryReads=true, readConcern=ReadConcern{level=null}, credential=null, streamFactoryFactory=null, commandListeners=[io.micrometer.core.instrument.binder.mongodb.MongoMetricsCommandListener@446a9885], codecRegistry=ProvidersCodecRegistry{codecProviders=[ValueCodecProvider{}, BsonValueCodecProvider{}, DBRefCodecProvider{}, DBObjectCodecProvider{}, DocumentCodecProvider{}, IterableCodecProvider{}, MapCodecProvider{}, GeoJsonCodecProvider{}, GridFSFileCodecProvider{}, Jsr310CodecProvider{}, JsonObjectCodecProvider{}, BsonCodecProvider{}, EnumCodecProvider{}, com.mongodb.Jep395RecordCodecProvider@aee8437]}, clusterSettings={hosts=[localhost:27017], srvServiceName=mongodb, mode=SINGLE, requiredClusterType=UNKNOWN, requiredReplicaSetName='null', serverSelector='null', clusterListeners='[]', serverSelectionTimeout='30000 ms', localThreshold='30000 ms'}, socketSettings=SocketSettings{connectTimeoutMS=10000, readTimeoutMS=0, receiveBufferSize=0, sendBufferSize=0}, heartbeatSocketSettings=SocketSettings{connectTimeoutMS=10000, readTimeoutMS=10000, receiveBufferSize=0, sendBufferSize=0}, connectionPoolSettings=ConnectionPoolSettings{maxSize=100, minSize=0, maxWaitTimeMS=120000, maxConnectionLifeTimeMS=0, maxConnectionIdleTimeMS=0, maintenanceInitialDelayMS=0, maintenanceFrequencyMS=60000, connectionPoolListeners=[io.micrometer.core.instrument.binder.mongodb.MongoMetricsConnectionPoolListener@748255bf], maxConnecting=2}, serverSettings=ServerSettings{heartbeatFrequencyMS=10000, minHeartbeatFrequencyMS=500, serverListeners='[]', serverMonitorListeners='[]'}, sslSettings=SslSettings{enabled=false, invalidHostNameAllowed=false, context=null}, applicationName='null', compressorList=[], uuidRepresentation=JAVA_LEGACY, serverApi=null, autoEncryptionSettings=null, contextProvider=null}
2025-01-22 10:23:21 [cluster-ClusterId{value='6790b9091cc9ee74bceddc25', description='null'}-localhost:27017] INFO  org.mongodb.driver.connection - Opened connection [connectionId{localValue:27, serverValue:28}] to localhost:27017
2025-01-22 10:23:21 [cluster-ClusterId{value='6790b9091cc9ee74bceddc25', description='null'}-localhost:27017] INFO  org.mongodb.driver.cluster - Monitor thread successfully connected to server with description ServerDescription{address=localhost:27017, type=STANDALONE, state=CONNECTED, ok=true, minWireVersion=0, maxWireVersion=21, maxDocumentSize=16777216, logicalSessionTimeoutMinutes=30, roundTripTimeNanos=1822500}
2025-01-22 10:23:21 [cluster-rtt-ClusterId{value='6790b9091cc9ee74bceddc25', description='null'}-localhost:27017] INFO  org.mongodb.driver.connection - Opened connection [connectionId{localValue:28, serverValue:27}] to localhost:27017
2025-01-22 10:23:22 [restartedMain] DEBUG o.s.d.m.c.i.MongoPersistentEntityIndexCreator - Analyzing class class com.MusicManager.model.User for index information.
2025-01-22 10:23:22 [restartedMain] DEBUG o.s.d.m.c.i.MongoPersistentEntityIndexCreator - Analyzing class class com.MusicManager.model.Chanson for index information.
2025-01-22 10:23:22 [restartedMain] DEBUG o.s.d.m.c.i.MongoPersistentEntityIndexCreator - Analyzing class class com.MusicManager.model.Album for index information.
2025-01-22 10:23:22 [restartedMain] DEBUG o.s.d.m.c.i.MongoPersistentEntityIndexCreator - Analyzing class class com.MusicManager.model.Role for index information.
2025-01-22 10:23:22 [restartedMain] INFO  org.mongodb.driver.connection - Opened connection [connectionId{localValue:29, serverValue:29}] to localhost:27017
2025-01-22 10:23:22 [restartedMain] DEBUG c.M.security.JwtAuthenticationFilter - Filter 'jwtAuthenticationFilter' configured for use
2025-01-22 10:23:22 [restartedMain] INFO  o.s.b.d.a.OptionalLiveReloadServer - LiveReload server is running on port 35729
2025-01-22 10:23:22 [restartedMain] DEBUG o.s.data.mongodb.core.MongoTemplate - Executing count: {} in collection: roles
2025-01-22 10:23:22 [restartedMain] INFO  o.s.s.web.DefaultSecurityFilterChain - Will secure any request with [org.springframework.security.web.session.DisableEncodeUrlFilter@364e3f44, org.springframework.security.web.context.request.async.WebAsyncManagerIntegrationFilter@3d895438, org.springframework.security.web.context.SecurityContextPersistenceFilter@13ec2d73, org.springframework.security.web.header.HeaderWriterFilter@55102a28, org.springframework.security.web.authentication.logout.LogoutFilter@3068eff0, com.MusicManager.security.JwtAuthenticationFilter@f41ac28, org.springframework.security.web.savedrequest.RequestCacheAwareFilter@3ea37164, org.springframework.security.web.servletapi.SecurityContextHolderAwareRequestFilter@6ab65df2, org.springframework.security.web.authentication.AnonymousAuthenticationFilter@32b8b34, org.springframework.security.web.session.SessionManagementFilter@5f5aed7, org.springframework.security.web.access.ExceptionTranslationFilter@29008c56, org.springframework.security.web.access.intercept.FilterSecurityInterceptor@51b16575]
2025-01-22 10:23:22 [restartedMain] INFO  o.s.b.a.e.web.EndpointLinksResolver - Exposing 1 endpoint(s) beneath base path '/actuator'
2025-01-22 10:23:22 [restartedMain] INFO  o.s.b.w.e.tomcat.TomcatWebServer - Tomcat started on port(s): 8080 (http) with context path ''
2025-01-22 10:23:22 [restartedMain] INFO  c.M.MusicManagerApplication - Started MusicManagerApplication in 0.6 seconds (JVM running for 3973.115)
2025-01-22 10:23:22 [restartedMain] INFO  o.s.b.d.a.ConditionEvaluationDeltaLoggingListener - Condition evaluation unchanged
2025-01-22 10:23:30 [File Watcher] INFO  o.s.b.d.a.LocalDevToolsAutoConfiguration$RestartingClassPathChangeChangedEventListener - Restarting due to 6 class path changes (0 additions, 0 deletions, 6 modifications)
2025-01-22 10:23:30 [Thread-37] INFO  o.a.catalina.core.StandardService - Stopping service [Tomcat]
2025-01-22 10:23:30 [Thread-37] WARN  o.a.c.loader.WebappClassLoaderBase - The web application [ROOT] appears to have started a thread named [cluster-ClusterId{value='6790b9091cc9ee74bceddc25', description='null'}-localhost:27017] but has failed to stop it. This is very likely to create a memory leak. Stack trace of thread:
 java.base@17.0.12/sun.nio.ch.Net.poll(Native Method)
 java.base@17.0.12/sun.nio.ch.NioSocketImpl.park(NioSocketImpl.java:186)
 java.base@17.0.12/sun.nio.ch.NioSocketImpl.timedRead(NioSocketImpl.java:290)
 java.base@17.0.12/sun.nio.ch.NioSocketImpl.implRead(NioSocketImpl.java:314)
 java.base@17.0.12/sun.nio.ch.NioSocketImpl.read(NioSocketImpl.java:355)
 java.base@17.0.12/sun.nio.ch.NioSocketImpl$1.read(NioSocketImpl.java:808)
 java.base@17.0.12/java.net.Socket$SocketInputStream.read(Socket.java:966)
 app//com.mongodb.internal.connection.SocketStream.read(SocketStream.java:110)
 app//com.mongodb.internal.connection.SocketStream.read(SocketStream.java:135)
 app//com.mongodb.internal.connection.InternalStreamConnection.receiveResponseBuffers(InternalStreamConnection.java:713)
 app//com.mongodb.internal.connection.InternalStreamConnection.receiveMessageWithAdditionalTimeout(InternalStreamConnection.java:571)
 app//com.mongodb.internal.connection.InternalStreamConnection.receiveCommandMessageResponse(InternalStreamConnection.java:410)
 app//com.mongodb.internal.connection.InternalStreamConnection.receive(InternalStreamConnection.java:369)
 app//com.mongodb.internal.connection.DefaultServerMonitor$ServerMonitorRunnable.lookupServerDescription(DefaultServerMonitor.java:221)
 app//com.mongodb.internal.connection.DefaultServerMonitor$ServerMonitorRunnable.run(DefaultServerMonitor.java:157)
 java.base@17.0.12/java.lang.Thread.run(Thread.java:840)
2025-01-22 10:23:30 [Thread-37] WARN  o.a.c.loader.WebappClassLoaderBase - The web application [ROOT] appears to have started a thread named [cluster-rtt-ClusterId{value='6790b9091cc9ee74bceddc25', description='null'}-localhost:27017] but has failed to stop it. This is very likely to create a memory leak. Stack trace of thread:
 java.base@17.0.12/java.lang.Thread.sleep(Native Method)
 app//com.mongodb.internal.connection.DefaultServerMonitor.waitForNext(DefaultServerMonitor.java:443)
 app//com.mongodb.internal.connection.DefaultServerMonitor.access$1500(DefaultServerMonitor.java:64)
 app//com.mongodb.internal.connection.DefaultServerMonitor$RoundTripTimeRunnable.run(DefaultServerMonitor.java:415)
 java.base@17.0.12/java.lang.Thread.run(Thread.java:840)
2025-01-22 10:23:30 [Thread-37] WARN  o.a.c.loader.WebappClassLoaderBase - The web application [ROOT] appears to have started a thread named [MaintenanceTimer-11-thread-1] but has failed to stop it. This is very likely to create a memory leak. Stack trace of thread:
 java.base@17.0.12/jdk.internal.misc.Unsafe.park(Native Method)
 java.base@17.0.12/java.util.concurrent.locks.LockSupport.parkNanos(LockSupport.java:252)
 java.base@17.0.12/java.util.concurrent.locks.AbstractQueuedSynchronizer$ConditionObject.awaitNanos(AbstractQueuedSynchronizer.java:1674)
 java.base@17.0.12/java.util.concurrent.ScheduledThreadPoolExecutor$DelayedWorkQueue.take(ScheduledThreadPoolExecutor.java:1182)
 java.base@17.0.12/java.util.concurrent.ScheduledThreadPoolExecutor$DelayedWorkQueue.take(ScheduledThreadPoolExecutor.java:899)
 java.base@17.0.12/java.util.concurrent.ThreadPoolExecutor.getTask(ThreadPoolExecutor.java:1062)
 java.base@17.0.12/java.util.concurrent.ThreadPoolExecutor.runWorker(ThreadPoolExecutor.java:1122)
 java.base@17.0.12/java.util.concurrent.ThreadPoolExecutor$Worker.run(ThreadPoolExecutor.java:635)
 java.base@17.0.12/java.lang.Thread.run(Thread.java:840)
2025-01-22 10:23:31 [restartedMain] INFO  c.M.MusicManagerApplication - Starting MusicManagerApplication using Java 17.0.12 on LAPTOP-ICGVSVEA with PID 18272 (C:\Users\ycode\Streamify\back-end\target\classes started by ycode in C:\Users\ycode\Streamify\back-end)
2025-01-22 10:23:31 [restartedMain] DEBUG c.M.MusicManagerApplication - Running with Spring Boot v2.7.18, Spring v5.3.31
2025-01-22 10:23:31 [restartedMain] INFO  c.M.MusicManagerApplication - The following 1 profile is active: "prod"
2025-01-22 10:23:31 [restartedMain] INFO  o.s.d.r.c.RepositoryConfigurationDelegate - Bootstrapping Spring Data MongoDB repositories in DEFAULT mode.
2025-01-22 10:23:31 [restartedMain] INFO  o.s.d.r.c.RepositoryConfigurationDelegate - Finished Spring Data repository scanning in 23 ms. Found 4 MongoDB repository interfaces.
2025-01-22 10:23:31 [restartedMain] INFO  o.s.b.w.e.tomcat.TomcatWebServer - Tomcat initialized with port(s): 8080 (http)
2025-01-22 10:23:31 [restartedMain] INFO  o.a.catalina.core.StandardService - Starting service [Tomcat]
2025-01-22 10:23:31 [restartedMain] INFO  o.a.catalina.core.StandardEngine - Starting Servlet engine: [Apache Tomcat/9.0.83]
2025-01-22 10:23:31 [restartedMain] INFO  o.a.c.c.C.[Tomcat-2].[localhost].[/] - Initializing Spring embedded WebApplicationContext
2025-01-22 10:23:31 [restartedMain] INFO  o.s.b.w.s.c.ServletWebServerApplicationContext - Root WebApplicationContext: initialization completed in 309 ms
2025-01-22 10:23:31 [restartedMain] INFO  org.mongodb.driver.client - MongoClient with metadata {"driver": {"name": "mongo-java-driver|sync|spring-boot", "version": "4.6.1"}, "os": {"type": "Windows", "name": "Windows 11", "architecture": "amd64", "version": "10.0"}, "platform": "Java/Eclipse Adoptium/17.0.12+7"} created with settings MongoClientSettings{readPreference=primary, writeConcern=WriteConcern{w=null, wTimeout=null ms, journal=null}, retryWrites=true, retryReads=true, readConcern=ReadConcern{level=null}, credential=null, streamFactoryFactory=null, commandListeners=[io.micrometer.core.instrument.binder.mongodb.MongoMetricsCommandListener@13607d7f], codecRegistry=ProvidersCodecRegistry{codecProviders=[ValueCodecProvider{}, BsonValueCodecProvider{}, DBRefCodecProvider{}, DBObjectCodecProvider{}, DocumentCodecProvider{}, IterableCodecProvider{}, MapCodecProvider{}, GeoJsonCodecProvider{}, GridFSFileCodecProvider{}, Jsr310CodecProvider{}, JsonObjectCodecProvider{}, BsonCodecProvider{}, EnumCodecProvider{}, com.mongodb.Jep395RecordCodecProvider@aee8437]}, clusterSettings={hosts=[localhost:27017], srvServiceName=mongodb, mode=SINGLE, requiredClusterType=UNKNOWN, requiredReplicaSetName='null', serverSelector='null', clusterListeners='[]', serverSelectionTimeout='30000 ms', localThreshold='30000 ms'}, socketSettings=SocketSettings{connectTimeoutMS=10000, readTimeoutMS=0, receiveBufferSize=0, sendBufferSize=0}, heartbeatSocketSettings=SocketSettings{connectTimeoutMS=10000, readTimeoutMS=10000, receiveBufferSize=0, sendBufferSize=0}, connectionPoolSettings=ConnectionPoolSettings{maxSize=100, minSize=0, maxWaitTimeMS=120000, maxConnectionLifeTimeMS=0, maxConnectionIdleTimeMS=0, maintenanceInitialDelayMS=0, maintenanceFrequencyMS=60000, connectionPoolListeners=[io.micrometer.core.instrument.binder.mongodb.MongoMetricsConnectionPoolListener@3b8ef8f1], maxConnecting=2}, serverSettings=ServerSettings{heartbeatFrequencyMS=10000, minHeartbeatFrequencyMS=500, serverListeners='[]', serverMonitorListeners='[]'}, sslSettings=SslSettings{enabled=false, invalidHostNameAllowed=false, context=null}, applicationName='null', compressorList=[], uuidRepresentation=JAVA_LEGACY, serverApi=null, autoEncryptionSettings=null, contextProvider=null}
2025-01-22 10:23:31 [cluster-rtt-ClusterId{value='6790b9131cc9ee74bceddc26', description='null'}-localhost:27017] INFO  org.mongodb.driver.connection - Opened connection [connectionId{localValue:31, serverValue:30}] to localhost:27017
2025-01-22 10:23:31 [cluster-ClusterId{value='6790b9131cc9ee74bceddc26', description='null'}-localhost:27017] INFO  org.mongodb.driver.connection - Opened connection [connectionId{localValue:30, serverValue:31}] to localhost:27017
2025-01-22 10:23:31 [cluster-ClusterId{value='6790b9131cc9ee74bceddc26', description='null'}-localhost:27017] INFO  org.mongodb.driver.cluster - Monitor thread successfully connected to server with description ServerDescription{address=localhost:27017, type=STANDALONE, state=CONNECTED, ok=true, minWireVersion=0, maxWireVersion=21, maxDocumentSize=16777216, logicalSessionTimeoutMinutes=30, roundTripTimeNanos=1469800}
2025-01-22 10:23:31 [restartedMain] DEBUG o.s.d.m.c.i.MongoPersistentEntityIndexCreator - Analyzing class class com.MusicManager.model.User for index information.
2025-01-22 10:23:31 [restartedMain] DEBUG o.s.d.m.c.i.MongoPersistentEntityIndexCreator - Analyzing class class com.MusicManager.model.Role for index information.
2025-01-22 10:23:31 [restartedMain] INFO  org.mongodb.driver.connection - Opened connection [connectionId{localValue:32, serverValue:32}] to localhost:27017
2025-01-22 10:23:31 [restartedMain] DEBUG o.s.d.m.c.i.MongoPersistentEntityIndexCreator - Analyzing class class com.MusicManager.model.Album for index information.
2025-01-22 10:23:31 [restartedMain] DEBUG o.s.d.m.c.i.MongoPersistentEntityIndexCreator - Analyzing class class com.MusicManager.model.Chanson for index information.
2025-01-22 10:23:31 [restartedMain] DEBUG c.M.security.JwtAuthenticationFilter - Filter 'jwtAuthenticationFilter' configured for use
2025-01-22 10:23:31 [restartedMain] INFO  o.s.b.d.a.OptionalLiveReloadServer - LiveReload server is running on port 35729
2025-01-22 10:23:31 [restartedMain] DEBUG o.s.data.mongodb.core.MongoTemplate - Executing count: {} in collection: roles
2025-01-22 10:23:31 [restartedMain] INFO  o.s.s.web.DefaultSecurityFilterChain - Will secure any request with [org.springframework.security.web.session.DisableEncodeUrlFilter@4d4807e9, org.springframework.security.web.context.request.async.WebAsyncManagerIntegrationFilter@21e0a373, org.springframework.security.web.context.SecurityContextPersistenceFilter@25fe0b74, org.springframework.security.web.header.HeaderWriterFilter@7685482, org.springframework.security.web.authentication.logout.LogoutFilter@7852ec6c, com.MusicManager.security.JwtAuthenticationFilter@71db857f, org.springframework.security.web.savedrequest.RequestCacheAwareFilter@136d9cf5, org.springframework.security.web.servletapi.SecurityContextHolderAwareRequestFilter@56e4165e, org.springframework.security.web.authentication.AnonymousAuthenticationFilter@3161f9a5, org.springframework.security.web.session.SessionManagementFilter@54fce43, org.springframework.security.web.access.ExceptionTranslationFilter@1d157608, org.springframework.security.web.access.intercept.FilterSecurityInterceptor@2549d07d]
2025-01-22 10:23:31 [restartedMain] INFO  o.s.b.a.e.web.EndpointLinksResolver - Exposing 1 endpoint(s) beneath base path '/actuator'
2025-01-22 10:23:31 [restartedMain] INFO  o.s.b.w.e.tomcat.TomcatWebServer - Tomcat started on port(s): 8080 (http) with context path ''
2025-01-22 10:23:31 [restartedMain] INFO  c.M.MusicManagerApplication - Started MusicManagerApplication in 0.588 seconds (JVM running for 3982.541)
2025-01-22 10:23:31 [restartedMain] INFO  o.s.b.d.a.ConditionEvaluationDeltaLoggingListener - Condition evaluation unchanged
2025-01-22 10:23:42 [File Watcher] INFO  o.s.b.d.a.LocalDevToolsAutoConfiguration$RestartingClassPathChangeChangedEventListener - Restarting due to 5 class path changes (0 additions, 0 deletions, 5 modifications)
2025-01-22 10:23:42 [Thread-41] INFO  o.a.catalina.core.StandardService - Stopping service [Tomcat]
2025-01-22 10:23:42 [Thread-41] WARN  o.a.c.loader.WebappClassLoaderBase - The web application [ROOT] appears to have started a thread named [cluster-ClusterId{value='6790b9131cc9ee74bceddc26', description='null'}-localhost:27017] but has failed to stop it. This is very likely to create a memory leak. Stack trace of thread:
 java.base@17.0.12/sun.nio.ch.Net.poll(Native Method)
 java.base@17.0.12/sun.nio.ch.NioSocketImpl.park(NioSocketImpl.java:186)
 java.base@17.0.12/sun.nio.ch.NioSocketImpl.timedRead(NioSocketImpl.java:290)
 java.base@17.0.12/sun.nio.ch.NioSocketImpl.implRead(NioSocketImpl.java:314)
 java.base@17.0.12/sun.nio.ch.NioSocketImpl.read(NioSocketImpl.java:355)
 java.base@17.0.12/sun.nio.ch.NioSocketImpl$1.read(NioSocketImpl.java:808)
 java.base@17.0.12/java.net.Socket$SocketInputStream.read(Socket.java:966)
 app//com.mongodb.internal.connection.SocketStream.read(SocketStream.java:110)
 app//com.mongodb.internal.connection.SocketStream.read(SocketStream.java:135)
 app//com.mongodb.internal.connection.InternalStreamConnection.receiveResponseBuffers(InternalStreamConnection.java:713)
 app//com.mongodb.internal.connection.InternalStreamConnection.receiveMessageWithAdditionalTimeout(InternalStreamConnection.java:571)
 app//com.mongodb.internal.connection.InternalStreamConnection.receiveCommandMessageResponse(InternalStreamConnection.java:410)
 app//com.mongodb.internal.connection.InternalStreamConnection.receive(InternalStreamConnection.java:369)
 app//com.mongodb.internal.connection.DefaultServerMonitor$ServerMonitorRunnable.lookupServerDescription(DefaultServerMonitor.java:221)
 app//com.mongodb.internal.connection.DefaultServerMonitor$ServerMonitorRunnable.run(DefaultServerMonitor.java:157)
 java.base@17.0.12/java.lang.Thread.run(Thread.java:840)
2025-01-22 10:23:42 [Thread-41] WARN  o.a.c.loader.WebappClassLoaderBase - The web application [ROOT] appears to have started a thread named [cluster-rtt-ClusterId{value='6790b9131cc9ee74bceddc26', description='null'}-localhost:27017] but has failed to stop it. This is very likely to create a memory leak. Stack trace of thread:
 java.base@17.0.12/java.lang.Thread.sleep(Native Method)
 app//com.mongodb.internal.connection.DefaultServerMonitor.waitForNext(DefaultServerMonitor.java:443)
 app//com.mongodb.internal.connection.DefaultServerMonitor.access$1500(DefaultServerMonitor.java:64)
 app//com.mongodb.internal.connection.DefaultServerMonitor$RoundTripTimeRunnable.run(DefaultServerMonitor.java:415)
 java.base@17.0.12/java.lang.Thread.run(Thread.java:840)
2025-01-22 10:23:42 [Thread-41] WARN  o.a.c.loader.WebappClassLoaderBase - The web application [ROOT] appears to have started a thread named [MaintenanceTimer-12-thread-1] but has failed to stop it. This is very likely to create a memory leak. Stack trace of thread:
 java.base@17.0.12/jdk.internal.misc.Unsafe.park(Native Method)
 java.base@17.0.12/java.util.concurrent.locks.LockSupport.parkNanos(LockSupport.java:252)
 java.base@17.0.12/java.util.concurrent.locks.AbstractQueuedSynchronizer$ConditionObject.awaitNanos(AbstractQueuedSynchronizer.java:1674)
 java.base@17.0.12/java.util.concurrent.ScheduledThreadPoolExecutor$DelayedWorkQueue.take(ScheduledThreadPoolExecutor.java:1182)
 java.base@17.0.12/java.util.concurrent.ScheduledThreadPoolExecutor$DelayedWorkQueue.take(ScheduledThreadPoolExecutor.java:899)
 java.base@17.0.12/java.util.concurrent.ThreadPoolExecutor.getTask(ThreadPoolExecutor.java:1062)
 java.base@17.0.12/java.util.concurrent.ThreadPoolExecutor.runWorker(ThreadPoolExecutor.java:1122)
 java.base@17.0.12/java.util.concurrent.ThreadPoolExecutor$Worker.run(ThreadPoolExecutor.java:635)
 java.base@17.0.12/java.lang.Thread.run(Thread.java:840)
2025-01-22 10:23:42 [restartedMain] INFO  c.M.MusicManagerApplication - Starting MusicManagerApplication using Java 17.0.12 on LAPTOP-ICGVSVEA with PID 18272 (C:\Users\ycode\Streamify\back-end\target\classes started by ycode in C:\Users\ycode\Streamify\back-end)
2025-01-22 10:23:42 [restartedMain] DEBUG c.M.MusicManagerApplication - Running with Spring Boot v2.7.18, Spring v5.3.31
2025-01-22 10:23:42 [restartedMain] INFO  c.M.MusicManagerApplication - The following 1 profile is active: "prod"
2025-01-22 10:23:42 [restartedMain] INFO  o.s.d.r.c.RepositoryConfigurationDelegate - Bootstrapping Spring Data MongoDB repositories in DEFAULT mode.
2025-01-22 10:23:42 [restartedMain] INFO  o.s.d.r.c.RepositoryConfigurationDelegate - Finished Spring Data repository scanning in 15 ms. Found 4 MongoDB repository interfaces.
2025-01-22 10:23:42 [restartedMain] INFO  o.s.b.w.e.tomcat.TomcatWebServer - Tomcat initialized with port(s): 8080 (http)
2025-01-22 10:23:42 [restartedMain] INFO  o.a.catalina.core.StandardService - Starting service [Tomcat]
2025-01-22 10:23:42 [restartedMain] INFO  o.a.catalina.core.StandardEngine - Starting Servlet engine: [Apache Tomcat/9.0.83]
2025-01-22 10:23:42 [restartedMain] INFO  o.a.c.c.C.[Tomcat-2].[localhost].[/] - Initializing Spring embedded WebApplicationContext
2025-01-22 10:23:42 [restartedMain] INFO  o.s.b.w.s.c.ServletWebServerApplicationContext - Root WebApplicationContext: initialization completed in 242 ms
2025-01-22 10:23:42 [restartedMain] INFO  org.mongodb.driver.client - MongoClient with metadata {"driver": {"name": "mongo-java-driver|sync|spring-boot", "version": "4.6.1"}, "os": {"type": "Windows", "name": "Windows 11", "architecture": "amd64", "version": "10.0"}, "platform": "Java/Eclipse Adoptium/17.0.12+7"} created with settings MongoClientSettings{readPreference=primary, writeConcern=WriteConcern{w=null, wTimeout=null ms, journal=null}, retryWrites=true, retryReads=true, readConcern=ReadConcern{level=null}, credential=null, streamFactoryFactory=null, commandListeners=[io.micrometer.core.instrument.binder.mongodb.MongoMetricsCommandListener@22d0084f], codecRegistry=ProvidersCodecRegistry{codecProviders=[ValueCodecProvider{}, BsonValueCodecProvider{}, DBRefCodecProvider{}, DBObjectCodecProvider{}, DocumentCodecProvider{}, IterableCodecProvider{}, MapCodecProvider{}, GeoJsonCodecProvider{}, GridFSFileCodecProvider{}, Jsr310CodecProvider{}, JsonObjectCodecProvider{}, BsonCodecProvider{}, EnumCodecProvider{}, com.mongodb.Jep395RecordCodecProvider@aee8437]}, clusterSettings={hosts=[localhost:27017], srvServiceName=mongodb, mode=SINGLE, requiredClusterType=UNKNOWN, requiredReplicaSetName='null', serverSelector='null', clusterListeners='[]', serverSelectionTimeout='30000 ms', localThreshold='30000 ms'}, socketSettings=SocketSettings{connectTimeoutMS=10000, readTimeoutMS=0, receiveBufferSize=0, sendBufferSize=0}, heartbeatSocketSettings=SocketSettings{connectTimeoutMS=10000, readTimeoutMS=10000, receiveBufferSize=0, sendBufferSize=0}, connectionPoolSettings=ConnectionPoolSettings{maxSize=100, minSize=0, maxWaitTimeMS=120000, maxConnectionLifeTimeMS=0, maxConnectionIdleTimeMS=0, maintenanceInitialDelayMS=0, maintenanceFrequencyMS=60000, connectionPoolListeners=[io.micrometer.core.instrument.binder.mongodb.MongoMetricsConnectionPoolListener@c58ca46], maxConnecting=2}, serverSettings=ServerSettings{heartbeatFrequencyMS=10000, minHeartbeatFrequencyMS=500, serverListeners='[]', serverMonitorListeners='[]'}, sslSettings=SslSettings{enabled=false, invalidHostNameAllowed=false, context=null}, applicationName='null', compressorList=[], uuidRepresentation=JAVA_LEGACY, serverApi=null, autoEncryptionSettings=null, contextProvider=null}
2025-01-22 10:23:42 [cluster-rtt-ClusterId{value='6790b91e1cc9ee74bceddc27', description='null'}-localhost:27017] INFO  org.mongodb.driver.connection - Opened connection [connectionId{localValue:33, serverValue:33}] to localhost:27017
2025-01-22 10:23:42 [cluster-ClusterId{value='6790b91e1cc9ee74bceddc27', description='null'}-localhost:27017] INFO  org.mongodb.driver.connection - Opened connection [connectionId{localValue:34, serverValue:34}] to localhost:27017
2025-01-22 10:23:42 [cluster-ClusterId{value='6790b91e1cc9ee74bceddc27', description='null'}-localhost:27017] INFO  org.mongodb.driver.cluster - Monitor thread successfully connected to server with description ServerDescription{address=localhost:27017, type=STANDALONE, state=CONNECTED, ok=true, minWireVersion=0, maxWireVersion=21, maxDocumentSize=16777216, logicalSessionTimeoutMinutes=30, roundTripTimeNanos=3223300}
2025-01-22 10:23:42 [restartedMain] DEBUG o.s.d.m.c.i.MongoPersistentEntityIndexCreator - Analyzing class class com.MusicManager.model.Chanson for index information.
2025-01-22 10:23:42 [restartedMain] DEBUG o.s.d.m.c.i.MongoPersistentEntityIndexCreator - Analyzing class class com.MusicManager.model.Album for index information.
2025-01-22 10:23:42 [restartedMain] DEBUG o.s.d.m.c.i.MongoPersistentEntityIndexCreator - Analyzing class class com.MusicManager.model.Role for index information.
2025-01-22 10:23:42 [restartedMain] INFO  org.mongodb.driver.connection - Opened connection [connectionId{localValue:35, serverValue:35}] to localhost:27017
2025-01-22 10:23:42 [restartedMain] DEBUG o.s.d.m.c.i.MongoPersistentEntityIndexCreator - Analyzing class class com.MusicManager.model.User for index information.
2025-01-22 10:23:42 [restartedMain] DEBUG c.M.security.JwtAuthenticationFilter - Filter 'jwtAuthenticationFilter' configured for use
2025-01-22 10:23:42 [restartedMain] INFO  o.s.b.d.a.OptionalLiveReloadServer - LiveReload server is running on port 35729
2025-01-22 10:23:42 [restartedMain] DEBUG o.s.data.mongodb.core.MongoTemplate - Executing count: {} in collection: roles
2025-01-22 10:23:42 [restartedMain] INFO  o.s.s.web.DefaultSecurityFilterChain - Will secure any request with [org.springframework.security.web.session.DisableEncodeUrlFilter@7022181a, org.springframework.security.web.context.request.async.WebAsyncManagerIntegrationFilter@4396e928, org.springframework.security.web.context.SecurityContextPersistenceFilter@54dd8709, org.springframework.security.web.header.HeaderWriterFilter@4f1ac30a, org.springframework.security.web.authentication.logout.LogoutFilter@327e76a7, com.MusicManager.security.JwtAuthenticationFilter@4856789e, org.springframework.security.web.savedrequest.RequestCacheAwareFilter@49505935, org.springframework.security.web.servletapi.SecurityContextHolderAwareRequestFilter@50cbd186, org.springframework.security.web.authentication.AnonymousAuthenticationFilter@b2bfc3b, org.springframework.security.web.session.SessionManagementFilter@6816548e, org.springframework.security.web.access.ExceptionTranslationFilter@23f7ccf3, org.springframework.security.web.access.intercept.FilterSecurityInterceptor@7ed311e5]
2025-01-22 10:23:42 [restartedMain] INFO  o.s.b.a.e.web.EndpointLinksResolver - Exposing 1 endpoint(s) beneath base path '/actuator'
2025-01-22 10:23:42 [restartedMain] INFO  o.s.b.w.e.tomcat.TomcatWebServer - Tomcat started on port(s): 8080 (http) with context path ''
2025-01-22 10:23:42 [restartedMain] INFO  c.M.MusicManagerApplication - Started MusicManagerApplication in 0.477 seconds (JVM running for 3993.745)
2025-01-22 10:23:42 [restartedMain] INFO  o.s.b.d.a.ConditionEvaluationDeltaLoggingListener - Condition evaluation unchanged
2025-01-22 10:24:36 [File Watcher] INFO  o.s.b.d.a.LocalDevToolsAutoConfiguration$RestartingClassPathChangeChangedEventListener - Restarting due to 4 class path changes (1 addition, 0 deletions, 3 modifications)
2025-01-22 10:24:36 [Thread-45] INFO  o.a.catalina.core.StandardService - Stopping service [Tomcat]
2025-01-22 10:24:36 [Thread-45] WARN  o.a.c.loader.WebappClassLoaderBase - The web application [ROOT] appears to have started a thread named [cluster-ClusterId{value='6790b91e1cc9ee74bceddc27', description='null'}-localhost:27017] but has failed to stop it. This is very likely to create a memory leak. Stack trace of thread:
 java.base@17.0.12/sun.nio.ch.Net.poll(Native Method)
 java.base@17.0.12/sun.nio.ch.NioSocketImpl.park(NioSocketImpl.java:186)
 java.base@17.0.12/sun.nio.ch.NioSocketImpl.timedRead(NioSocketImpl.java:290)
 java.base@17.0.12/sun.nio.ch.NioSocketImpl.implRead(NioSocketImpl.java:314)
 java.base@17.0.12/sun.nio.ch.NioSocketImpl.read(NioSocketImpl.java:355)
 java.base@17.0.12/sun.nio.ch.NioSocketImpl$1.read(NioSocketImpl.java:808)
 java.base@17.0.12/java.net.Socket$SocketInputStream.read(Socket.java:966)
 app//com.mongodb.internal.connection.SocketStream.read(SocketStream.java:110)
 app//com.mongodb.internal.connection.SocketStream.read(SocketStream.java:135)
 app//com.mongodb.internal.connection.InternalStreamConnection.receiveResponseBuffers(InternalStreamConnection.java:713)
 app//com.mongodb.internal.connection.InternalStreamConnection.receiveMessageWithAdditionalTimeout(InternalStreamConnection.java:571)
 app//com.mongodb.internal.connection.InternalStreamConnection.receiveCommandMessageResponse(InternalStreamConnection.java:410)
 app//com.mongodb.internal.connection.InternalStreamConnection.receive(InternalStreamConnection.java:369)
 app//com.mongodb.internal.connection.DefaultServerMonitor$ServerMonitorRunnable.lookupServerDescription(DefaultServerMonitor.java:221)
 app//com.mongodb.internal.connection.DefaultServerMonitor$ServerMonitorRunnable.run(DefaultServerMonitor.java:157)
 java.base@17.0.12/java.lang.Thread.run(Thread.java:840)
2025-01-22 10:24:36 [Thread-45] WARN  o.a.c.loader.WebappClassLoaderBase - The web application [ROOT] appears to have started a thread named [cluster-rtt-ClusterId{value='6790b91e1cc9ee74bceddc27', description='null'}-localhost:27017] but has failed to stop it. This is very likely to create a memory leak. Stack trace of thread:
 java.base@17.0.12/java.lang.Thread.sleep(Native Method)
 app//com.mongodb.internal.connection.DefaultServerMonitor.waitForNext(DefaultServerMonitor.java:443)
 app//com.mongodb.internal.connection.DefaultServerMonitor.access$1500(DefaultServerMonitor.java:64)
 app//com.mongodb.internal.connection.DefaultServerMonitor$RoundTripTimeRunnable.run(DefaultServerMonitor.java:415)
 java.base@17.0.12/java.lang.Thread.run(Thread.java:840)
2025-01-22 10:24:36 [Thread-45] WARN  o.a.c.loader.WebappClassLoaderBase - The web application [ROOT] appears to have started a thread named [MaintenanceTimer-13-thread-1] but has failed to stop it. This is very likely to create a memory leak. Stack trace of thread:
 java.base@17.0.12/jdk.internal.misc.Unsafe.park(Native Method)
 java.base@17.0.12/java.util.concurrent.locks.LockSupport.parkNanos(LockSupport.java:252)
 java.base@17.0.12/java.util.concurrent.locks.AbstractQueuedSynchronizer$ConditionObject.awaitNanos(AbstractQueuedSynchronizer.java:1674)
 java.base@17.0.12/java.util.concurrent.ScheduledThreadPoolExecutor$DelayedWorkQueue.take(ScheduledThreadPoolExecutor.java:1182)
 java.base@17.0.12/java.util.concurrent.ScheduledThreadPoolExecutor$DelayedWorkQueue.take(ScheduledThreadPoolExecutor.java:899)
 java.base@17.0.12/java.util.concurrent.ThreadPoolExecutor.getTask(ThreadPoolExecutor.java:1062)
 java.base@17.0.12/java.util.concurrent.ThreadPoolExecutor.runWorker(ThreadPoolExecutor.java:1122)
 java.base@17.0.12/java.util.concurrent.ThreadPoolExecutor$Worker.run(ThreadPoolExecutor.java:635)
 java.base@17.0.12/java.lang.Thread.run(Thread.java:840)
2025-01-22 10:24:36 [restartedMain] INFO  c.M.MusicManagerApplication - Starting MusicManagerApplication using Java 17.0.12 on LAPTOP-ICGVSVEA with PID 18272 (C:\Users\ycode\Streamify\back-end\target\classes started by ycode in C:\Users\ycode\Streamify\back-end)
2025-01-22 10:24:36 [restartedMain] DEBUG c.M.MusicManagerApplication - Running with Spring Boot v2.7.18, Spring v5.3.31
2025-01-22 10:24:36 [restartedMain] INFO  c.M.MusicManagerApplication - The following 1 profile is active: "prod"
2025-01-22 10:24:36 [restartedMain] INFO  o.s.d.r.c.RepositoryConfigurationDelegate - Bootstrapping Spring Data MongoDB repositories in DEFAULT mode.
2025-01-22 10:24:37 [restartedMain] INFO  o.s.d.r.c.RepositoryConfigurationDelegate - Finished Spring Data repository scanning in 93 ms. Found 4 MongoDB repository interfaces.
2025-01-22 10:24:37 [restartedMain] INFO  o.s.b.w.e.tomcat.TomcatWebServer - Tomcat initialized with port(s): 8080 (http)
2025-01-22 10:24:37 [restartedMain] INFO  o.a.catalina.core.StandardService - Starting service [Tomcat]
2025-01-22 10:24:37 [restartedMain] INFO  o.a.catalina.core.StandardEngine - Starting Servlet engine: [Apache Tomcat/9.0.83]
2025-01-22 10:24:37 [restartedMain] INFO  o.a.c.c.C.[Tomcat-2].[localhost].[/] - Initializing Spring embedded WebApplicationContext
2025-01-22 10:24:37 [restartedMain] INFO  o.s.b.w.s.c.ServletWebServerApplicationContext - Root WebApplicationContext: initialization completed in 485 ms
2025-01-22 10:24:37 [restartedMain] INFO  org.mongodb.driver.client - MongoClient with metadata {"driver": {"name": "mongo-java-driver|sync|spring-boot", "version": "4.6.1"}, "os": {"type": "Windows", "name": "Windows 11", "architecture": "amd64", "version": "10.0"}, "platform": "Java/Eclipse Adoptium/17.0.12+7"} created with settings MongoClientSettings{readPreference=primary, writeConcern=WriteConcern{w=null, wTimeout=null ms, journal=null}, retryWrites=true, retryReads=true, readConcern=ReadConcern{level=null}, credential=null, streamFactoryFactory=null, commandListeners=[io.micrometer.core.instrument.binder.mongodb.MongoMetricsCommandListener@37b2fd69], codecRegistry=ProvidersCodecRegistry{codecProviders=[ValueCodecProvider{}, BsonValueCodecProvider{}, DBRefCodecProvider{}, DBObjectCodecProvider{}, DocumentCodecProvider{}, IterableCodecProvider{}, MapCodecProvider{}, GeoJsonCodecProvider{}, GridFSFileCodecProvider{}, Jsr310CodecProvider{}, JsonObjectCodecProvider{}, BsonCodecProvider{}, EnumCodecProvider{}, com.mongodb.Jep395RecordCodecProvider@aee8437]}, clusterSettings={hosts=[localhost:27017], srvServiceName=mongodb, mode=SINGLE, requiredClusterType=UNKNOWN, requiredReplicaSetName='null', serverSelector='null', clusterListeners='[]', serverSelectionTimeout='30000 ms', localThreshold='30000 ms'}, socketSettings=SocketSettings{connectTimeoutMS=10000, readTimeoutMS=0, receiveBufferSize=0, sendBufferSize=0}, heartbeatSocketSettings=SocketSettings{connectTimeoutMS=10000, readTimeoutMS=10000, receiveBufferSize=0, sendBufferSize=0}, connectionPoolSettings=ConnectionPoolSettings{maxSize=100, minSize=0, maxWaitTimeMS=120000, maxConnectionLifeTimeMS=0, maxConnectionIdleTimeMS=0, maintenanceInitialDelayMS=0, maintenanceFrequencyMS=60000, connectionPoolListeners=[io.micrometer.core.instrument.binder.mongodb.MongoMetricsConnectionPoolListener@2754360c], maxConnecting=2}, serverSettings=ServerSettings{heartbeatFrequencyMS=10000, minHeartbeatFrequencyMS=500, serverListeners='[]', serverMonitorListeners='[]'}, sslSettings=SslSettings{enabled=false, invalidHostNameAllowed=false, context=null}, applicationName='null', compressorList=[], uuidRepresentation=JAVA_LEGACY, serverApi=null, autoEncryptionSettings=null, contextProvider=null}
2025-01-22 10:24:37 [cluster-ClusterId{value='6790b9551cc9ee74bceddc28', description='null'}-localhost:27017] INFO  org.mongodb.driver.connection - Opened connection [connectionId{localValue:36, serverValue:36}] to localhost:27017
2025-01-22 10:24:37 [cluster-ClusterId{value='6790b9551cc9ee74bceddc28', description='null'}-localhost:27017] INFO  org.mongodb.driver.cluster - Monitor thread successfully connected to server with description ServerDescription{address=localhost:27017, type=STANDALONE, state=CONNECTED, ok=true, minWireVersion=0, maxWireVersion=21, maxDocumentSize=16777216, logicalSessionTimeoutMinutes=30, roundTripTimeNanos=1505200}
2025-01-22 10:24:37 [cluster-rtt-ClusterId{value='6790b9551cc9ee74bceddc28', description='null'}-localhost:27017] INFO  org.mongodb.driver.connection - Opened connection [connectionId{localValue:37, serverValue:37}] to localhost:27017
2025-01-22 10:24:37 [restartedMain] DEBUG o.s.d.m.c.i.MongoPersistentEntityIndexCreator - Analyzing class class com.MusicManager.model.User for index information.
2025-01-22 10:24:37 [restartedMain] DEBUG o.s.d.m.c.i.MongoPersistentEntityIndexCreator - Analyzing class class com.MusicManager.model.Chanson for index information.
2025-01-22 10:24:37 [restartedMain] DEBUG o.s.d.m.c.i.MongoPersistentEntityIndexCreator - Analyzing class class com.MusicManager.model.Role for index information.
2025-01-22 10:24:37 [restartedMain] INFO  org.mongodb.driver.connection - Opened connection [connectionId{localValue:38, serverValue:38}] to localhost:27017
2025-01-22 10:24:37 [restartedMain] DEBUG o.s.d.m.c.i.MongoPersistentEntityIndexCreator - Analyzing class class com.MusicManager.model.Album for index information.
2025-01-22 10:24:37 [restartedMain] DEBUG c.M.security.JwtAuthenticationFilter - Filter 'jwtAuthenticationFilter' configured for use
2025-01-22 10:24:37 [restartedMain] INFO  o.s.b.d.a.OptionalLiveReloadServer - LiveReload server is running on port 35729
2025-01-22 10:24:37 [restartedMain] DEBUG o.s.data.mongodb.core.MongoTemplate - Executing count: {} in collection: roles
2025-01-22 10:24:37 [restartedMain] INFO  o.s.s.web.DefaultSecurityFilterChain - Will secure any request with [org.springframework.security.web.session.DisableEncodeUrlFilter@4680806, org.springframework.security.web.context.request.async.WebAsyncManagerIntegrationFilter@54f9a250, org.springframework.security.web.context.SecurityContextPersistenceFilter@1d9fd278, org.springframework.security.web.header.HeaderWriterFilter@2f80cc30, org.springframework.security.web.authentication.logout.LogoutFilter@2c2e8fd, com.MusicManager.security.JwtAuthenticationFilter@4d5ee974, org.springframework.security.web.savedrequest.RequestCacheAwareFilter@100aef71, org.springframework.security.web.servletapi.SecurityContextHolderAwareRequestFilter@3942400c, org.springframework.security.web.authentication.AnonymousAuthenticationFilter@77376c08, org.springframework.security.web.session.SessionManagementFilter@43e36a8c, org.springframework.security.web.access.ExceptionTranslationFilter@6fac568c, org.springframework.security.web.access.intercept.FilterSecurityInterceptor@29ac362b]
2025-01-22 10:24:37 [restartedMain] INFO  o.s.b.a.e.web.EndpointLinksResolver - Exposing 1 endpoint(s) beneath base path '/actuator'
2025-01-22 10:24:37 [restartedMain] INFO  o.s.b.w.e.tomcat.TomcatWebServer - Tomcat started on port(s): 8080 (http) with context path ''
2025-01-22 10:24:37 [restartedMain] INFO  c.M.MusicManagerApplication - Started MusicManagerApplication in 0.733 seconds (JVM running for 4048.272)
2025-01-22 10:24:37 [restartedMain] INFO  o.s.b.d.a.ConditionEvaluationDeltaLoggingListener - Condition evaluation delta:


==========================
CONDITION EVALUATION DELTA
==========================


Positive matches:
-----------------

    None


Negative matches:
-----------------

   MongoDatabaseFactoryDependentConfiguration#gridFsTemplate:
      Did not match:
         - @ConditionalOnMissingBean (types: org.springframework.data.mongodb.gridfs.GridFsOperations; SearchStrategy: all) found beans of type 'org.springframework.data.mongodb.gridfs.GridFsOperations' gridFsTemplate (OnBeanCondition)


Exclusions:
-----------

    None


Unconditional classes:
----------------------

    None



2025-01-22 10:24:38 [File Watcher] INFO  o.s.b.d.a.LocalDevToolsAutoConfiguration$RestartingClassPathChangeChangedEventListener - Restarting due to 4 class path changes (0 additions, 0 deletions, 4 modifications)
2025-01-22 10:24:38 [Thread-49] INFO  o.a.catalina.core.StandardService - Stopping service [Tomcat]
2025-01-22 10:24:38 [Thread-49] WARN  o.a.c.loader.WebappClassLoaderBase - The web application [ROOT] appears to have started a thread named [cluster-ClusterId{value='6790b9551cc9ee74bceddc28', description='null'}-localhost:27017] but has failed to stop it. This is very likely to create a memory leak. Stack trace of thread:
 java.base@17.0.12/sun.nio.ch.Net.poll(Native Method)
 java.base@17.0.12/sun.nio.ch.NioSocketImpl.park(NioSocketImpl.java:186)
 java.base@17.0.12/sun.nio.ch.NioSocketImpl.timedRead(NioSocketImpl.java:290)
 java.base@17.0.12/sun.nio.ch.NioSocketImpl.implRead(NioSocketImpl.java:314)
 java.base@17.0.12/sun.nio.ch.NioSocketImpl.read(NioSocketImpl.java:355)
 java.base@17.0.12/sun.nio.ch.NioSocketImpl$1.read(NioSocketImpl.java:808)
 java.base@17.0.12/java.net.Socket$SocketInputStream.read(Socket.java:966)
 app//com.mongodb.internal.connection.SocketStream.read(SocketStream.java:110)
 app//com.mongodb.internal.connection.SocketStream.read(SocketStream.java:135)
 app//com.mongodb.internal.connection.InternalStreamConnection.receiveResponseBuffers(InternalStreamConnection.java:713)
 app//com.mongodb.internal.connection.InternalStreamConnection.receiveMessageWithAdditionalTimeout(InternalStreamConnection.java:571)
 app//com.mongodb.internal.connection.InternalStreamConnection.receiveCommandMessageResponse(InternalStreamConnection.java:410)
 app//com.mongodb.internal.connection.InternalStreamConnection.receive(InternalStreamConnection.java:369)
 app//com.mongodb.internal.connection.DefaultServerMonitor$ServerMonitorRunnable.lookupServerDescription(DefaultServerMonitor.java:221)
 app//com.mongodb.internal.connection.DefaultServerMonitor$ServerMonitorRunnable.run(DefaultServerMonitor.java:157)
 java.base@17.0.12/java.lang.Thread.run(Thread.java:840)
2025-01-22 10:24:38 [Thread-49] WARN  o.a.c.loader.WebappClassLoaderBase - The web application [ROOT] appears to have started a thread named [cluster-rtt-ClusterId{value='6790b9551cc9ee74bceddc28', description='null'}-localhost:27017] but has failed to stop it. This is very likely to create a memory leak. Stack trace of thread:
 java.base@17.0.12/java.lang.Thread.sleep(Native Method)
 app//com.mongodb.internal.connection.DefaultServerMonitor.waitForNext(DefaultServerMonitor.java:443)
 app//com.mongodb.internal.connection.DefaultServerMonitor.access$1500(DefaultServerMonitor.java:64)
 app//com.mongodb.internal.connection.DefaultServerMonitor$RoundTripTimeRunnable.run(DefaultServerMonitor.java:415)
 java.base@17.0.12/java.lang.Thread.run(Thread.java:840)
2025-01-22 10:24:38 [Thread-49] WARN  o.a.c.loader.WebappClassLoaderBase - The web application [ROOT] appears to have started a thread named [MaintenanceTimer-14-thread-1] but has failed to stop it. This is very likely to create a memory leak. Stack trace of thread:
 java.base@17.0.12/jdk.internal.misc.Unsafe.park(Native Method)
 java.base@17.0.12/java.util.concurrent.locks.LockSupport.parkNanos(LockSupport.java:252)
 java.base@17.0.12/java.util.concurrent.locks.AbstractQueuedSynchronizer$ConditionObject.awaitNanos(AbstractQueuedSynchronizer.java:1674)
 java.base@17.0.12/java.util.concurrent.ScheduledThreadPoolExecutor$DelayedWorkQueue.take(ScheduledThreadPoolExecutor.java:1182)
 java.base@17.0.12/java.util.concurrent.ScheduledThreadPoolExecutor$DelayedWorkQueue.take(ScheduledThreadPoolExecutor.java:899)
 java.base@17.0.12/java.util.concurrent.ThreadPoolExecutor.getTask(ThreadPoolExecutor.java:1062)
 java.base@17.0.12/java.util.concurrent.ThreadPoolExecutor.runWorker(ThreadPoolExecutor.java:1122)
 java.base@17.0.12/java.util.concurrent.ThreadPoolExecutor$Worker.run(ThreadPoolExecutor.java:635)
 java.base@17.0.12/java.lang.Thread.run(Thread.java:840)
2025-01-22 10:24:38 [restartedMain] INFO  c.M.MusicManagerApplication - Starting MusicManagerApplication using Java 17.0.12 on LAPTOP-ICGVSVEA with PID 18272 (C:\Users\ycode\Streamify\back-end\target\classes started by ycode in C:\Users\ycode\Streamify\back-end)
2025-01-22 10:24:38 [restartedMain] DEBUG c.M.MusicManagerApplication - Running with Spring Boot v2.7.18, Spring v5.3.31
2025-01-22 10:24:38 [restartedMain] INFO  c.M.MusicManagerApplication - The following 1 profile is active: "prod"
2025-01-22 10:24:39 [restartedMain] INFO  o.s.d.r.c.RepositoryConfigurationDelegate - Bootstrapping Spring Data MongoDB repositories in DEFAULT mode.
2025-01-22 10:24:39 [restartedMain] INFO  o.s.d.r.c.RepositoryConfigurationDelegate - Finished Spring Data repository scanning in 19 ms. Found 4 MongoDB repository interfaces.
2025-01-22 10:24:39 [restartedMain] INFO  o.s.b.w.e.tomcat.TomcatWebServer - Tomcat initialized with port(s): 8080 (http)
2025-01-22 10:24:39 [restartedMain] INFO  o.a.catalina.core.StandardService - Starting service [Tomcat]
2025-01-22 10:24:39 [restartedMain] INFO  o.a.catalina.core.StandardEngine - Starting Servlet engine: [Apache Tomcat/9.0.83]
2025-01-22 10:24:39 [restartedMain] INFO  o.a.c.c.C.[Tomcat-2].[localhost].[/] - Initializing Spring embedded WebApplicationContext
2025-01-22 10:24:39 [restartedMain] INFO  o.s.b.w.s.c.ServletWebServerApplicationContext - Root WebApplicationContext: initialization completed in 271 ms
2025-01-22 10:24:39 [restartedMain] INFO  org.mongodb.driver.client - MongoClient with metadata {"driver": {"name": "mongo-java-driver|sync|spring-boot", "version": "4.6.1"}, "os": {"type": "Windows", "name": "Windows 11", "architecture": "amd64", "version": "10.0"}, "platform": "Java/Eclipse Adoptium/17.0.12+7"} created with settings MongoClientSettings{readPreference=primary, writeConcern=WriteConcern{w=null, wTimeout=null ms, journal=null}, retryWrites=true, retryReads=true, readConcern=ReadConcern{level=null}, credential=null, streamFactoryFactory=null, commandListeners=[io.micrometer.core.instrument.binder.mongodb.MongoMetricsCommandListener@32b72684], codecRegistry=ProvidersCodecRegistry{codecProviders=[ValueCodecProvider{}, BsonValueCodecProvider{}, DBRefCodecProvider{}, DBObjectCodecProvider{}, DocumentCodecProvider{}, IterableCodecProvider{}, MapCodecProvider{}, GeoJsonCodecProvider{}, GridFSFileCodecProvider{}, Jsr310CodecProvider{}, JsonObjectCodecProvider{}, BsonCodecProvider{}, EnumCodecProvider{}, com.mongodb.Jep395RecordCodecProvider@aee8437]}, clusterSettings={hosts=[localhost:27017], srvServiceName=mongodb, mode=SINGLE, requiredClusterType=UNKNOWN, requiredReplicaSetName='null', serverSelector='null', clusterListeners='[]', serverSelectionTimeout='30000 ms', localThreshold='30000 ms'}, socketSettings=SocketSettings{connectTimeoutMS=10000, readTimeoutMS=0, receiveBufferSize=0, sendBufferSize=0}, heartbeatSocketSettings=SocketSettings{connectTimeoutMS=10000, readTimeoutMS=10000, receiveBufferSize=0, sendBufferSize=0}, connectionPoolSettings=ConnectionPoolSettings{maxSize=100, minSize=0, maxWaitTimeMS=120000, maxConnectionLifeTimeMS=0, maxConnectionIdleTimeMS=0, maintenanceInitialDelayMS=0, maintenanceFrequencyMS=60000, connectionPoolListeners=[io.micrometer.core.instrument.binder.mongodb.MongoMetricsConnectionPoolListener@2f3e4743], maxConnecting=2}, serverSettings=ServerSettings{heartbeatFrequencyMS=10000, minHeartbeatFrequencyMS=500, serverListeners='[]', serverMonitorListeners='[]'}, sslSettings=SslSettings{enabled=false, invalidHostNameAllowed=false, context=null}, applicationName='null', compressorList=[], uuidRepresentation=JAVA_LEGACY, serverApi=null, autoEncryptionSettings=null, contextProvider=null}
2025-01-22 10:24:39 [cluster-rtt-ClusterId{value='6790b9571cc9ee74bceddc29', description='null'}-localhost:27017] INFO  org.mongodb.driver.connection - Opened connection [connectionId{localValue:40, serverValue:40}] to localhost:27017
2025-01-22 10:24:39 [cluster-ClusterId{value='6790b9571cc9ee74bceddc29', description='null'}-localhost:27017] INFO  org.mongodb.driver.connection - Opened connection [connectionId{localValue:39, serverValue:39}] to localhost:27017
2025-01-22 10:24:39 [cluster-ClusterId{value='6790b9571cc9ee74bceddc29', description='null'}-localhost:27017] INFO  org.mongodb.driver.cluster - Monitor thread successfully connected to server with description ServerDescription{address=localhost:27017, type=STANDALONE, state=CONNECTED, ok=true, minWireVersion=0, maxWireVersion=21, maxDocumentSize=16777216, logicalSessionTimeoutMinutes=30, roundTripTimeNanos=3669200}
2025-01-22 10:24:39 [restartedMain] DEBUG o.s.d.m.c.i.MongoPersistentEntityIndexCreator - Analyzing class class com.MusicManager.model.User for index information.
2025-01-22 10:24:39 [restartedMain] DEBUG o.s.d.m.c.i.MongoPersistentEntityIndexCreator - Analyzing class class com.MusicManager.model.Role for index information.
2025-01-22 10:24:39 [restartedMain] INFO  org.mongodb.driver.connection - Opened connection [connectionId{localValue:41, serverValue:41}] to localhost:27017
2025-01-22 10:24:39 [restartedMain] DEBUG o.s.d.m.c.i.MongoPersistentEntityIndexCreator - Analyzing class class com.MusicManager.model.Chanson for index information.
2025-01-22 10:24:39 [restartedMain] DEBUG o.s.d.m.c.i.MongoPersistentEntityIndexCreator - Analyzing class class com.MusicManager.model.Album for index information.
2025-01-22 10:24:39 [restartedMain] DEBUG c.M.security.JwtAuthenticationFilter - Filter 'jwtAuthenticationFilter' configured for use
2025-01-22 10:24:39 [restartedMain] INFO  o.s.b.d.a.OptionalLiveReloadServer - LiveReload server is running on port 35729
2025-01-22 10:24:39 [restartedMain] DEBUG o.s.data.mongodb.core.MongoTemplate - Executing count: {} in collection: roles
2025-01-22 10:24:39 [restartedMain] INFO  o.s.s.web.DefaultSecurityFilterChain - Will secure any request with [org.springframework.security.web.session.DisableEncodeUrlFilter@3b39b3d4, org.springframework.security.web.context.request.async.WebAsyncManagerIntegrationFilter@362f51dd, org.springframework.security.web.context.SecurityContextPersistenceFilter@64e60f9f, org.springframework.security.web.header.HeaderWriterFilter@1f6c00a8, org.springframework.security.web.authentication.logout.LogoutFilter@52c7dd77, com.MusicManager.security.JwtAuthenticationFilter@60bfcfac, org.springframework.security.web.savedrequest.RequestCacheAwareFilter@47c04322, org.springframework.security.web.servletapi.SecurityContextHolderAwareRequestFilter@38d67232, org.springframework.security.web.authentication.AnonymousAuthenticationFilter@2486ca44, org.springframework.security.web.session.SessionManagementFilter@23c3b442, org.springframework.security.web.access.ExceptionTranslationFilter@54aef574, org.springframework.security.web.access.intercept.FilterSecurityInterceptor@1f26764c]
2025-01-22 10:24:39 [restartedMain] INFO  o.s.b.a.e.web.EndpointLinksResolver - Exposing 1 endpoint(s) beneath base path '/actuator'
2025-01-22 10:24:39 [restartedMain] INFO  o.s.b.w.e.tomcat.TomcatWebServer - Tomcat started on port(s): 8080 (http) with context path ''
2025-01-22 10:24:39 [restartedMain] INFO  c.M.MusicManagerApplication - Started MusicManagerApplication in 0.504 seconds (JVM running for 4050.282)
2025-01-22 10:24:39 [restartedMain] INFO  o.s.b.d.a.ConditionEvaluationDeltaLoggingListener - Condition evaluation unchanged
2025-01-22 10:24:46 [File Watcher] INFO  o.s.b.d.a.LocalDevToolsAutoConfiguration$RestartingClassPathChangeChangedEventListener - Restarting due to 3 class path changes (0 additions, 0 deletions, 3 modifications)
2025-01-22 10:24:46 [Thread-53] INFO  o.a.catalina.core.StandardService - Stopping service [Tomcat]
2025-01-22 10:24:46 [Thread-53] WARN  o.a.c.loader.WebappClassLoaderBase - The web application [ROOT] appears to have started a thread named [cluster-ClusterId{value='6790b9571cc9ee74bceddc29', description='null'}-localhost:27017] but has failed to stop it. This is very likely to create a memory leak. Stack trace of thread:
 java.base@17.0.12/sun.nio.ch.Net.poll(Native Method)
 java.base@17.0.12/sun.nio.ch.NioSocketImpl.park(NioSocketImpl.java:186)
 java.base@17.0.12/sun.nio.ch.NioSocketImpl.timedRead(NioSocketImpl.java:290)
 java.base@17.0.12/sun.nio.ch.NioSocketImpl.implRead(NioSocketImpl.java:314)
 java.base@17.0.12/sun.nio.ch.NioSocketImpl.read(NioSocketImpl.java:355)
 java.base@17.0.12/sun.nio.ch.NioSocketImpl$1.read(NioSocketImpl.java:808)
 java.base@17.0.12/java.net.Socket$SocketInputStream.read(Socket.java:966)
 app//com.mongodb.internal.connection.SocketStream.read(SocketStream.java:110)
 app//com.mongodb.internal.connection.SocketStream.read(SocketStream.java:135)
 app//com.mongodb.internal.connection.InternalStreamConnection.receiveResponseBuffers(InternalStreamConnection.java:713)
 app//com.mongodb.internal.connection.InternalStreamConnection.receiveMessageWithAdditionalTimeout(InternalStreamConnection.java:571)
 app//com.mongodb.internal.connection.InternalStreamConnection.receiveCommandMessageResponse(InternalStreamConnection.java:410)
 app//com.mongodb.internal.connection.InternalStreamConnection.receive(InternalStreamConnection.java:369)
 app//com.mongodb.internal.connection.DefaultServerMonitor$ServerMonitorRunnable.lookupServerDescription(DefaultServerMonitor.java:221)
 app//com.mongodb.internal.connection.DefaultServerMonitor$ServerMonitorRunnable.run(DefaultServerMonitor.java:157)
 java.base@17.0.12/java.lang.Thread.run(Thread.java:840)
2025-01-22 10:24:46 [Thread-53] WARN  o.a.c.loader.WebappClassLoaderBase - The web application [ROOT] appears to have started a thread named [cluster-rtt-ClusterId{value='6790b9571cc9ee74bceddc29', description='null'}-localhost:27017] but has failed to stop it. This is very likely to create a memory leak. Stack trace of thread:
 java.base@17.0.12/java.lang.Thread.sleep(Native Method)
 app//com.mongodb.internal.connection.DefaultServerMonitor.waitForNext(DefaultServerMonitor.java:443)
 app//com.mongodb.internal.connection.DefaultServerMonitor.access$1500(DefaultServerMonitor.java:64)
 app//com.mongodb.internal.connection.DefaultServerMonitor$RoundTripTimeRunnable.run(DefaultServerMonitor.java:415)
 java.base@17.0.12/java.lang.Thread.run(Thread.java:840)
2025-01-22 10:24:46 [Thread-53] WARN  o.a.c.loader.WebappClassLoaderBase - The web application [ROOT] appears to have started a thread named [MaintenanceTimer-15-thread-1] but has failed to stop it. This is very likely to create a memory leak. Stack trace of thread:
 java.base@17.0.12/jdk.internal.misc.Unsafe.park(Native Method)
 java.base@17.0.12/java.util.concurrent.locks.LockSupport.parkNanos(LockSupport.java:252)
 java.base@17.0.12/java.util.concurrent.locks.AbstractQueuedSynchronizer$ConditionObject.awaitNanos(AbstractQueuedSynchronizer.java:1674)
 java.base@17.0.12/java.util.concurrent.ScheduledThreadPoolExecutor$DelayedWorkQueue.take(ScheduledThreadPoolExecutor.java:1182)
 java.base@17.0.12/java.util.concurrent.ScheduledThreadPoolExecutor$DelayedWorkQueue.take(ScheduledThreadPoolExecutor.java:899)
 java.base@17.0.12/java.util.concurrent.ThreadPoolExecutor.getTask(ThreadPoolExecutor.java:1062)
 java.base@17.0.12/java.util.concurrent.ThreadPoolExecutor.runWorker(ThreadPoolExecutor.java:1122)
 java.base@17.0.12/java.util.concurrent.ThreadPoolExecutor$Worker.run(ThreadPoolExecutor.java:635)
 java.base@17.0.12/java.lang.Thread.run(Thread.java:840)
2025-01-22 10:24:47 [restartedMain] INFO  c.M.MusicManagerApplication - Starting MusicManagerApplication using Java 17.0.12 on LAPTOP-ICGVSVEA with PID 18272 (C:\Users\ycode\Streamify\back-end\target\classes started by ycode in C:\Users\ycode\Streamify\back-end)
2025-01-22 10:24:47 [restartedMain] DEBUG c.M.MusicManagerApplication - Running with Spring Boot v2.7.18, Spring v5.3.31
2025-01-22 10:24:47 [restartedMain] INFO  c.M.MusicManagerApplication - The following 1 profile is active: "prod"
2025-01-22 10:24:47 [restartedMain] INFO  o.s.d.r.c.RepositoryConfigurationDelegate - Bootstrapping Spring Data MongoDB repositories in DEFAULT mode.
2025-01-22 10:24:47 [restartedMain] INFO  o.s.d.r.c.RepositoryConfigurationDelegate - Finished Spring Data repository scanning in 31 ms. Found 4 MongoDB repository interfaces.
2025-01-22 10:24:47 [restartedMain] INFO  o.s.b.w.e.tomcat.TomcatWebServer - Tomcat initialized with port(s): 8080 (http)
2025-01-22 10:24:47 [restartedMain] INFO  o.a.catalina.core.StandardService - Starting service [Tomcat]
2025-01-22 10:24:47 [restartedMain] INFO  o.a.catalina.core.StandardEngine - Starting Servlet engine: [Apache Tomcat/9.0.83]
2025-01-22 10:24:47 [restartedMain] INFO  o.a.c.c.C.[Tomcat-2].[localhost].[/] - Initializing Spring embedded WebApplicationContext
2025-01-22 10:24:47 [restartedMain] INFO  o.s.b.w.s.c.ServletWebServerApplicationContext - Root WebApplicationContext: initialization completed in 458 ms
2025-01-22 10:24:47 [restartedMain] INFO  org.mongodb.driver.client - MongoClient with metadata {"driver": {"name": "mongo-java-driver|sync|spring-boot", "version": "4.6.1"}, "os": {"type": "Windows", "name": "Windows 11", "architecture": "amd64", "version": "10.0"}, "platform": "Java/Eclipse Adoptium/17.0.12+7"} created with settings MongoClientSettings{readPreference=primary, writeConcern=WriteConcern{w=null, wTimeout=null ms, journal=null}, retryWrites=true, retryReads=true, readConcern=ReadConcern{level=null}, credential=null, streamFactoryFactory=null, commandListeners=[io.micrometer.core.instrument.binder.mongodb.MongoMetricsCommandListener@477c268f], codecRegistry=ProvidersCodecRegistry{codecProviders=[ValueCodecProvider{}, BsonValueCodecProvider{}, DBRefCodecProvider{}, DBObjectCodecProvider{}, DocumentCodecProvider{}, IterableCodecProvider{}, MapCodecProvider{}, GeoJsonCodecProvider{}, GridFSFileCodecProvider{}, Jsr310CodecProvider{}, JsonObjectCodecProvider{}, BsonCodecProvider{}, EnumCodecProvider{}, com.mongodb.Jep395RecordCodecProvider@aee8437]}, clusterSettings={hosts=[localhost:27017], srvServiceName=mongodb, mode=SINGLE, requiredClusterType=UNKNOWN, requiredReplicaSetName='null', serverSelector='null', clusterListeners='[]', serverSelectionTimeout='30000 ms', localThreshold='30000 ms'}, socketSettings=SocketSettings{connectTimeoutMS=10000, readTimeoutMS=0, receiveBufferSize=0, sendBufferSize=0}, heartbeatSocketSettings=SocketSettings{connectTimeoutMS=10000, readTimeoutMS=10000, receiveBufferSize=0, sendBufferSize=0}, connectionPoolSettings=ConnectionPoolSettings{maxSize=100, minSize=0, maxWaitTimeMS=120000, maxConnectionLifeTimeMS=0, maxConnectionIdleTimeMS=0, maintenanceInitialDelayMS=0, maintenanceFrequencyMS=60000, connectionPoolListeners=[io.micrometer.core.instrument.binder.mongodb.MongoMetricsConnectionPoolListener@1e79f2ef], maxConnecting=2}, serverSettings=ServerSettings{heartbeatFrequencyMS=10000, minHeartbeatFrequencyMS=500, serverListeners='[]', serverMonitorListeners='[]'}, sslSettings=SslSettings{enabled=false, invalidHostNameAllowed=false, context=null}, applicationName='null', compressorList=[], uuidRepresentation=JAVA_LEGACY, serverApi=null, autoEncryptionSettings=null, contextProvider=null}
2025-01-22 10:24:47 [cluster-rtt-ClusterId{value='6790b95f1cc9ee74bceddc2a', description='null'}-localhost:27017] INFO  org.mongodb.driver.connection - Opened connection [connectionId{localValue:43, serverValue:43}] to localhost:27017
2025-01-22 10:24:47 [cluster-ClusterId{value='6790b95f1cc9ee74bceddc2a', description='null'}-localhost:27017] INFO  org.mongodb.driver.connection - Opened connection [connectionId{localValue:42, serverValue:42}] to localhost:27017
2025-01-22 10:24:47 [cluster-ClusterId{value='6790b95f1cc9ee74bceddc2a', description='null'}-localhost:27017] INFO  org.mongodb.driver.cluster - Monitor thread successfully connected to server with description ServerDescription{address=localhost:27017, type=STANDALONE, state=CONNECTED, ok=true, minWireVersion=0, maxWireVersion=21, maxDocumentSize=16777216, logicalSessionTimeoutMinutes=30, roundTripTimeNanos=4924900}
2025-01-22 10:24:47 [restartedMain] DEBUG o.s.d.m.c.i.MongoPersistentEntityIndexCreator - Analyzing class class com.MusicManager.model.User for index information.
2025-01-22 10:24:47 [restartedMain] DEBUG o.s.d.m.c.i.MongoPersistentEntityIndexCreator - Analyzing class class com.MusicManager.model.Role for index information.
2025-01-22 10:24:47 [restartedMain] INFO  org.mongodb.driver.connection - Opened connection [connectionId{localValue:44, serverValue:44}] to localhost:27017
2025-01-22 10:24:47 [restartedMain] DEBUG o.s.d.m.c.i.MongoPersistentEntityIndexCreator - Analyzing class class com.MusicManager.model.Album for index information.
2025-01-22 10:24:47 [restartedMain] DEBUG o.s.d.m.c.i.MongoPersistentEntityIndexCreator - Analyzing class class com.MusicManager.model.Chanson for index information.
2025-01-22 10:24:47 [restartedMain] DEBUG c.M.security.JwtAuthenticationFilter - Filter 'jwtAuthenticationFilter' configured for use
2025-01-22 10:24:47 [restartedMain] INFO  o.s.b.d.a.OptionalLiveReloadServer - LiveReload server is running on port 35729
2025-01-22 10:24:47 [restartedMain] DEBUG o.s.data.mongodb.core.MongoTemplate - Executing count: {} in collection: roles
2025-01-22 10:24:47 [restartedMain] INFO  o.s.s.web.DefaultSecurityFilterChain - Will secure any request with [org.springframework.security.web.session.DisableEncodeUrlFilter@181cd1e4, org.springframework.security.web.context.request.async.WebAsyncManagerIntegrationFilter@78bb9d9b, org.springframework.security.web.context.SecurityContextPersistenceFilter@51deb8f2, org.springframework.security.web.header.HeaderWriterFilter@4287dc44, org.springframework.security.web.authentication.logout.LogoutFilter@464b4e1d, com.MusicManager.security.JwtAuthenticationFilter@568be4a1, org.springframework.security.web.savedrequest.RequestCacheAwareFilter@5a76b598, org.springframework.security.web.servletapi.SecurityContextHolderAwareRequestFilter@26ef276e, org.springframework.security.web.authentication.AnonymousAuthenticationFilter@4920f7bf, org.springframework.security.web.session.SessionManagementFilter@45f025b7, org.springframework.security.web.access.ExceptionTranslationFilter@2bc40cf5, org.springframework.security.web.access.intercept.FilterSecurityInterceptor@6acbd81d]
2025-01-22 10:24:47 [restartedMain] INFO  o.s.b.a.e.web.EndpointLinksResolver - Exposing 1 endpoint(s) beneath base path '/actuator'
2025-01-22 10:24:47 [restartedMain] INFO  o.s.b.w.e.tomcat.TomcatWebServer - Tomcat started on port(s): 8080 (http) with context path ''
2025-01-22 10:24:47 [restartedMain] INFO  c.M.MusicManagerApplication - Started MusicManagerApplication in 0.758 seconds (JVM running for 4058.67)
2025-01-22 10:24:47 [restartedMain] INFO  o.s.b.d.a.ConditionEvaluationDeltaLoggingListener - Condition evaluation unchanged
2025-01-22 10:24:49 [File Watcher] INFO  o.s.b.d.a.LocalDevToolsAutoConfiguration$RestartingClassPathChangeChangedEventListener - Restarting due to 4 class path changes (1 addition, 0 deletions, 3 modifications)
2025-01-22 10:24:49 [Thread-57] INFO  o.a.catalina.core.StandardService - Stopping service [Tomcat]
2025-01-22 10:24:49 [Thread-57] WARN  o.a.c.loader.WebappClassLoaderBase - The web application [ROOT] appears to have started a thread named [cluster-ClusterId{value='6790b95f1cc9ee74bceddc2a', description='null'}-localhost:27017] but has failed to stop it. This is very likely to create a memory leak. Stack trace of thread:
 java.base@17.0.12/sun.nio.ch.Net.poll(Native Method)
 java.base@17.0.12/sun.nio.ch.NioSocketImpl.park(NioSocketImpl.java:186)
 java.base@17.0.12/sun.nio.ch.NioSocketImpl.timedRead(NioSocketImpl.java:290)
 java.base@17.0.12/sun.nio.ch.NioSocketImpl.implRead(NioSocketImpl.java:314)
 java.base@17.0.12/sun.nio.ch.NioSocketImpl.read(NioSocketImpl.java:355)
 java.base@17.0.12/sun.nio.ch.NioSocketImpl$1.read(NioSocketImpl.java:808)
 java.base@17.0.12/java.net.Socket$SocketInputStream.read(Socket.java:966)
 app//com.mongodb.internal.connection.SocketStream.read(SocketStream.java:110)
 app//com.mongodb.internal.connection.SocketStream.read(SocketStream.java:135)
 app//com.mongodb.internal.connection.InternalStreamConnection.receiveResponseBuffers(InternalStreamConnection.java:713)
 app//com.mongodb.internal.connection.InternalStreamConnection.receiveMessageWithAdditionalTimeout(InternalStreamConnection.java:571)
 app//com.mongodb.internal.connection.InternalStreamConnection.receiveCommandMessageResponse(InternalStreamConnection.java:410)
 app//com.mongodb.internal.connection.InternalStreamConnection.receive(InternalStreamConnection.java:369)
 app//com.mongodb.internal.connection.DefaultServerMonitor$ServerMonitorRunnable.lookupServerDescription(DefaultServerMonitor.java:221)
 app//com.mongodb.internal.connection.DefaultServerMonitor$ServerMonitorRunnable.run(DefaultServerMonitor.java:157)
 java.base@17.0.12/java.lang.Thread.run(Thread.java:840)
2025-01-22 10:24:49 [Thread-57] WARN  o.a.c.loader.WebappClassLoaderBase - The web application [ROOT] appears to have started a thread named [cluster-rtt-ClusterId{value='6790b95f1cc9ee74bceddc2a', description='null'}-localhost:27017] but has failed to stop it. This is very likely to create a memory leak. Stack trace of thread:
 java.base@17.0.12/java.lang.Thread.sleep(Native Method)
 app//com.mongodb.internal.connection.DefaultServerMonitor.waitForNext(DefaultServerMonitor.java:443)
 app//com.mongodb.internal.connection.DefaultServerMonitor.access$1500(DefaultServerMonitor.java:64)
 app//com.mongodb.internal.connection.DefaultServerMonitor$RoundTripTimeRunnable.run(DefaultServerMonitor.java:415)
 java.base@17.0.12/java.lang.Thread.run(Thread.java:840)
2025-01-22 10:24:49 [Thread-57] WARN  o.a.c.loader.WebappClassLoaderBase - The web application [ROOT] appears to have started a thread named [MaintenanceTimer-16-thread-1] but has failed to stop it. This is very likely to create a memory leak. Stack trace of thread:
 java.base@17.0.12/jdk.internal.misc.Unsafe.park(Native Method)
 java.base@17.0.12/java.util.concurrent.locks.LockSupport.parkNanos(LockSupport.java:252)
 java.base@17.0.12/java.util.concurrent.locks.AbstractQueuedSynchronizer$ConditionObject.awaitNanos(AbstractQueuedSynchronizer.java:1674)
 java.base@17.0.12/java.util.concurrent.ScheduledThreadPoolExecutor$DelayedWorkQueue.take(ScheduledThreadPoolExecutor.java:1182)
 java.base@17.0.12/java.util.concurrent.ScheduledThreadPoolExecutor$DelayedWorkQueue.take(ScheduledThreadPoolExecutor.java:899)
 java.base@17.0.12/java.util.concurrent.ThreadPoolExecutor.getTask(ThreadPoolExecutor.java:1062)
 java.base@17.0.12/java.util.concurrent.ThreadPoolExecutor.runWorker(ThreadPoolExecutor.java:1122)
 java.base@17.0.12/java.util.concurrent.ThreadPoolExecutor$Worker.run(ThreadPoolExecutor.java:635)
 java.base@17.0.12/java.lang.Thread.run(Thread.java:840)
2025-01-22 10:24:49 [restartedMain] INFO  c.M.MusicManagerApplication - Starting MusicManagerApplication using Java 17.0.12 on LAPTOP-ICGVSVEA with PID 18272 (C:\Users\ycode\Streamify\back-end\target\classes started by ycode in C:\Users\ycode\Streamify\back-end)
2025-01-22 10:24:49 [restartedMain] DEBUG c.M.MusicManagerApplication - Running with Spring Boot v2.7.18, Spring v5.3.31
2025-01-22 10:24:49 [restartedMain] INFO  c.M.MusicManagerApplication - The following 1 profile is active: "prod"
2025-01-22 10:24:49 [restartedMain] INFO  o.s.d.r.c.RepositoryConfigurationDelegate - Bootstrapping Spring Data MongoDB repositories in DEFAULT mode.
2025-01-22 10:24:49 [restartedMain] INFO  o.s.d.r.c.RepositoryConfigurationDelegate - Finished Spring Data repository scanning in 20 ms. Found 4 MongoDB repository interfaces.
2025-01-22 10:24:49 [restartedMain] INFO  o.s.b.w.e.tomcat.TomcatWebServer - Tomcat initialized with port(s): 8080 (http)
2025-01-22 10:24:49 [restartedMain] INFO  o.a.catalina.core.StandardService - Starting service [Tomcat]
2025-01-22 10:24:49 [restartedMain] INFO  o.a.catalina.core.StandardEngine - Starting Servlet engine: [Apache Tomcat/9.0.83]
2025-01-22 10:24:49 [restartedMain] INFO  o.a.c.c.C.[Tomcat-2].[localhost].[/] - Initializing Spring embedded WebApplicationContext
2025-01-22 10:24:49 [restartedMain] INFO  o.s.b.w.s.c.ServletWebServerApplicationContext - Root WebApplicationContext: initialization completed in 300 ms
2025-01-22 10:24:49 [restartedMain] INFO  org.mongodb.driver.client - MongoClient with metadata {"driver": {"name": "mongo-java-driver|sync|spring-boot", "version": "4.6.1"}, "os": {"type": "Windows", "name": "Windows 11", "architecture": "amd64", "version": "10.0"}, "platform": "Java/Eclipse Adoptium/17.0.12+7"} created with settings MongoClientSettings{readPreference=primary, writeConcern=WriteConcern{w=null, wTimeout=null ms, journal=null}, retryWrites=true, retryReads=true, readConcern=ReadConcern{level=null}, credential=null, streamFactoryFactory=null, commandListeners=[io.micrometer.core.instrument.binder.mongodb.MongoMetricsCommandListener@6fa8a993], codecRegistry=ProvidersCodecRegistry{codecProviders=[ValueCodecProvider{}, BsonValueCodecProvider{}, DBRefCodecProvider{}, DBObjectCodecProvider{}, DocumentCodecProvider{}, IterableCodecProvider{}, MapCodecProvider{}, GeoJsonCodecProvider{}, GridFSFileCodecProvider{}, Jsr310CodecProvider{}, JsonObjectCodecProvider{}, BsonCodecProvider{}, EnumCodecProvider{}, com.mongodb.Jep395RecordCodecProvider@aee8437]}, clusterSettings={hosts=[localhost:27017], srvServiceName=mongodb, mode=SINGLE, requiredClusterType=UNKNOWN, requiredReplicaSetName='null', serverSelector='null', clusterListeners='[]', serverSelectionTimeout='30000 ms', localThreshold='30000 ms'}, socketSettings=SocketSettings{connectTimeoutMS=10000, readTimeoutMS=0, receiveBufferSize=0, sendBufferSize=0}, heartbeatSocketSettings=SocketSettings{connectTimeoutMS=10000, readTimeoutMS=10000, receiveBufferSize=0, sendBufferSize=0}, connectionPoolSettings=ConnectionPoolSettings{maxSize=100, minSize=0, maxWaitTimeMS=120000, maxConnectionLifeTimeMS=0, maxConnectionIdleTimeMS=0, maintenanceInitialDelayMS=0, maintenanceFrequencyMS=60000, connectionPoolListeners=[io.micrometer.core.instrument.binder.mongodb.MongoMetricsConnectionPoolListener@277d06f4], maxConnecting=2}, serverSettings=ServerSettings{heartbeatFrequencyMS=10000, minHeartbeatFrequencyMS=500, serverListeners='[]', serverMonitorListeners='[]'}, sslSettings=SslSettings{enabled=false, invalidHostNameAllowed=false, context=null}, applicationName='null', compressorList=[], uuidRepresentation=JAVA_LEGACY, serverApi=null, autoEncryptionSettings=null, contextProvider=null}
2025-01-22 10:24:49 [cluster-ClusterId{value='6790b9611cc9ee74bceddc2b', description='null'}-localhost:27017] INFO  org.mongodb.driver.connection - Opened connection [connectionId{localValue:46, serverValue:45}] to localhost:27017
2025-01-22 10:24:49 [cluster-rtt-ClusterId{value='6790b9611cc9ee74bceddc2b', description='null'}-localhost:27017] INFO  org.mongodb.driver.connection - Opened connection [connectionId{localValue:45, serverValue:46}] to localhost:27017
2025-01-22 10:24:49 [cluster-ClusterId{value='6790b9611cc9ee74bceddc2b', description='null'}-localhost:27017] INFO  org.mongodb.driver.cluster - Monitor thread successfully connected to server with description ServerDescription{address=localhost:27017, type=STANDALONE, state=CONNECTED, ok=true, minWireVersion=0, maxWireVersion=21, maxDocumentSize=16777216, logicalSessionTimeoutMinutes=30, roundTripTimeNanos=1174600}
2025-01-22 10:24:49 [restartedMain] DEBUG o.s.d.m.c.i.MongoPersistentEntityIndexCreator - Analyzing class class com.MusicManager.model.Role for index information.
2025-01-22 10:24:49 [restartedMain] INFO  org.mongodb.driver.connection - Opened connection [connectionId{localValue:47, serverValue:47}] to localhost:27017
2025-01-22 10:24:49 [restartedMain] DEBUG o.s.d.m.c.i.MongoPersistentEntityIndexCreator - Analyzing class class com.MusicManager.model.Chanson for index information.
2025-01-22 10:24:49 [restartedMain] DEBUG o.s.d.m.c.i.MongoPersistentEntityIndexCreator - Analyzing class class com.MusicManager.model.User for index information.
2025-01-22 10:24:49 [restartedMain] DEBUG o.s.d.m.c.i.MongoPersistentEntityIndexCreator - Analyzing class class com.MusicManager.model.Album for index information.
2025-01-22 10:24:49 [restartedMain] DEBUG c.M.security.JwtAuthenticationFilter - Filter 'jwtAuthenticationFilter' configured for use
2025-01-22 10:24:49 [restartedMain] INFO  o.s.b.d.a.OptionalLiveReloadServer - LiveReload server is running on port 35729
2025-01-22 10:24:49 [restartedMain] DEBUG o.s.data.mongodb.core.MongoTemplate - Executing count: {} in collection: roles
2025-01-22 10:24:49 [restartedMain] INFO  o.s.s.web.DefaultSecurityFilterChain - Will secure any request with [org.springframework.security.web.session.DisableEncodeUrlFilter@48516480, org.springframework.security.web.context.request.async.WebAsyncManagerIntegrationFilter@44a25af0, org.springframework.security.web.context.SecurityContextPersistenceFilter@23c7699, org.springframework.security.web.header.HeaderWriterFilter@6f1a76db, org.springframework.security.web.authentication.logout.LogoutFilter@37a00900, com.MusicManager.security.JwtAuthenticationFilter@363d9a72, org.springframework.security.web.savedrequest.RequestCacheAwareFilter@111de40, org.springframework.security.web.servletapi.SecurityContextHolderAwareRequestFilter@3d01cc17, org.springframework.security.web.authentication.AnonymousAuthenticationFilter@13e593e0, org.springframework.security.web.session.SessionManagementFilter@14cffd84, org.springframework.security.web.access.ExceptionTranslationFilter@759ed608, org.springframework.security.web.access.intercept.FilterSecurityInterceptor@2883ca44]
2025-01-22 10:24:49 [restartedMain] INFO  o.s.b.a.e.web.EndpointLinksResolver - Exposing 1 endpoint(s) beneath base path '/actuator'
2025-01-22 10:24:49 [restartedMain] INFO  o.s.b.w.e.tomcat.TomcatWebServer - Tomcat started on port(s): 8080 (http) with context path ''
2025-01-22 10:24:49 [restartedMain] INFO  c.M.MusicManagerApplication - Started MusicManagerApplication in 0.64 seconds (JVM running for 4060.811)
2025-01-22 10:24:49 [restartedMain] INFO  o.s.b.d.a.ConditionEvaluationDeltaLoggingListener - Condition evaluation unchanged
2025-01-22 10:24:53 [File Watcher] INFO  o.s.b.d.a.LocalDevToolsAutoConfiguration$RestartingClassPathChangeChangedEventListener - Restarting due to 4 class path changes (0 additions, 0 deletions, 4 modifications)
2025-01-22 10:24:53 [Thread-61] INFO  o.a.catalina.core.StandardService - Stopping service [Tomcat]
2025-01-22 10:24:53 [Thread-61] WARN  o.a.c.loader.WebappClassLoaderBase - The web application [ROOT] appears to have started a thread named [cluster-ClusterId{value='6790b9611cc9ee74bceddc2b', description='null'}-localhost:27017] but has failed to stop it. This is very likely to create a memory leak. Stack trace of thread:
 java.base@17.0.12/sun.nio.ch.Net.poll(Native Method)
 java.base@17.0.12/sun.nio.ch.NioSocketImpl.park(NioSocketImpl.java:186)
 java.base@17.0.12/sun.nio.ch.NioSocketImpl.timedRead(NioSocketImpl.java:290)
 java.base@17.0.12/sun.nio.ch.NioSocketImpl.implRead(NioSocketImpl.java:314)
 java.base@17.0.12/sun.nio.ch.NioSocketImpl.read(NioSocketImpl.java:355)
 java.base@17.0.12/sun.nio.ch.NioSocketImpl$1.read(NioSocketImpl.java:808)
 java.base@17.0.12/java.net.Socket$SocketInputStream.read(Socket.java:966)
 app//com.mongodb.internal.connection.SocketStream.read(SocketStream.java:110)
 app//com.mongodb.internal.connection.SocketStream.read(SocketStream.java:135)
 app//com.mongodb.internal.connection.InternalStreamConnection.receiveResponseBuffers(InternalStreamConnection.java:713)
 app//com.mongodb.internal.connection.InternalStreamConnection.receiveMessageWithAdditionalTimeout(InternalStreamConnection.java:571)
 app//com.mongodb.internal.connection.InternalStreamConnection.receiveCommandMessageResponse(InternalStreamConnection.java:410)
 app//com.mongodb.internal.connection.InternalStreamConnection.receive(InternalStreamConnection.java:369)
 app//com.mongodb.internal.connection.DefaultServerMonitor$ServerMonitorRunnable.lookupServerDescription(DefaultServerMonitor.java:221)
 app//com.mongodb.internal.connection.DefaultServerMonitor$ServerMonitorRunnable.run(DefaultServerMonitor.java:157)
 java.base@17.0.12/java.lang.Thread.run(Thread.java:840)
2025-01-22 10:24:53 [Thread-61] WARN  o.a.c.loader.WebappClassLoaderBase - The web application [ROOT] appears to have started a thread named [cluster-rtt-ClusterId{value='6790b9611cc9ee74bceddc2b', description='null'}-localhost:27017] but has failed to stop it. This is very likely to create a memory leak. Stack trace of thread:
 java.base@17.0.12/java.lang.Thread.sleep(Native Method)
 app//com.mongodb.internal.connection.DefaultServerMonitor.waitForNext(DefaultServerMonitor.java:443)
 app//com.mongodb.internal.connection.DefaultServerMonitor.access$1500(DefaultServerMonitor.java:64)
 app//com.mongodb.internal.connection.DefaultServerMonitor$RoundTripTimeRunnable.run(DefaultServerMonitor.java:415)
 java.base@17.0.12/java.lang.Thread.run(Thread.java:840)
2025-01-22 10:24:53 [Thread-61] WARN  o.a.c.loader.WebappClassLoaderBase - The web application [ROOT] appears to have started a thread named [MaintenanceTimer-17-thread-1] but has failed to stop it. This is very likely to create a memory leak. Stack trace of thread:
 java.base@17.0.12/jdk.internal.misc.Unsafe.park(Native Method)
 java.base@17.0.12/java.util.concurrent.locks.LockSupport.parkNanos(LockSupport.java:252)
 java.base@17.0.12/java.util.concurrent.locks.AbstractQueuedSynchronizer$ConditionObject.awaitNanos(AbstractQueuedSynchronizer.java:1674)
 java.base@17.0.12/java.util.concurrent.ScheduledThreadPoolExecutor$DelayedWorkQueue.take(ScheduledThreadPoolExecutor.java:1182)
 java.base@17.0.12/java.util.concurrent.ScheduledThreadPoolExecutor$DelayedWorkQueue.take(ScheduledThreadPoolExecutor.java:899)
 java.base@17.0.12/java.util.concurrent.ThreadPoolExecutor.getTask(ThreadPoolExecutor.java:1062)
 java.base@17.0.12/java.util.concurrent.ThreadPoolExecutor.runWorker(ThreadPoolExecutor.java:1122)
 java.base@17.0.12/java.util.concurrent.ThreadPoolExecutor$Worker.run(ThreadPoolExecutor.java:635)
 java.base@17.0.12/java.lang.Thread.run(Thread.java:840)
2025-01-22 10:24:53 [restartedMain] INFO  c.M.MusicManagerApplication - Starting MusicManagerApplication using Java 17.0.12 on LAPTOP-ICGVSVEA with PID 18272 (C:\Users\ycode\Streamify\back-end\target\classes started by ycode in C:\Users\ycode\Streamify\back-end)
2025-01-22 10:24:53 [restartedMain] DEBUG c.M.MusicManagerApplication - Running with Spring Boot v2.7.18, Spring v5.3.31
2025-01-22 10:24:53 [restartedMain] INFO  c.M.MusicManagerApplication - The following 1 profile is active: "prod"
2025-01-22 10:24:53 [restartedMain] INFO  o.s.d.r.c.RepositoryConfigurationDelegate - Bootstrapping Spring Data MongoDB repositories in DEFAULT mode.
2025-01-22 10:24:53 [restartedMain] INFO  o.s.d.r.c.RepositoryConfigurationDelegate - Finished Spring Data repository scanning in 16 ms. Found 4 MongoDB repository interfaces.
2025-01-22 10:24:53 [restartedMain] INFO  o.s.b.w.e.tomcat.TomcatWebServer - Tomcat initialized with port(s): 8080 (http)
2025-01-22 10:24:53 [restartedMain] INFO  o.a.catalina.core.StandardService - Starting service [Tomcat]
2025-01-22 10:24:53 [restartedMain] INFO  o.a.catalina.core.StandardEngine - Starting Servlet engine: [Apache Tomcat/9.0.83]
2025-01-22 10:24:53 [restartedMain] INFO  o.a.c.c.C.[Tomcat-2].[localhost].[/] - Initializing Spring embedded WebApplicationContext
2025-01-22 10:24:53 [restartedMain] INFO  o.s.b.w.s.c.ServletWebServerApplicationContext - Root WebApplicationContext: initialization completed in 250 ms
2025-01-22 10:24:53 [restartedMain] INFO  org.mongodb.driver.client - MongoClient with metadata {"driver": {"name": "mongo-java-driver|sync|spring-boot", "version": "4.6.1"}, "os": {"type": "Windows", "name": "Windows 11", "architecture": "amd64", "version": "10.0"}, "platform": "Java/Eclipse Adoptium/17.0.12+7"} created with settings MongoClientSettings{readPreference=primary, writeConcern=WriteConcern{w=null, wTimeout=null ms, journal=null}, retryWrites=true, retryReads=true, readConcern=ReadConcern{level=null}, credential=null, streamFactoryFactory=null, commandListeners=[io.micrometer.core.instrument.binder.mongodb.MongoMetricsCommandListener@78e8b300], codecRegistry=ProvidersCodecRegistry{codecProviders=[ValueCodecProvider{}, BsonValueCodecProvider{}, DBRefCodecProvider{}, DBObjectCodecProvider{}, DocumentCodecProvider{}, IterableCodecProvider{}, MapCodecProvider{}, GeoJsonCodecProvider{}, GridFSFileCodecProvider{}, Jsr310CodecProvider{}, JsonObjectCodecProvider{}, BsonCodecProvider{}, EnumCodecProvider{}, com.mongodb.Jep395RecordCodecProvider@aee8437]}, clusterSettings={hosts=[localhost:27017], srvServiceName=mongodb, mode=SINGLE, requiredClusterType=UNKNOWN, requiredReplicaSetName='null', serverSelector='null', clusterListeners='[]', serverSelectionTimeout='30000 ms', localThreshold='30000 ms'}, socketSettings=SocketSettings{connectTimeoutMS=10000, readTimeoutMS=0, receiveBufferSize=0, sendBufferSize=0}, heartbeatSocketSettings=SocketSettings{connectTimeoutMS=10000, readTimeoutMS=10000, receiveBufferSize=0, sendBufferSize=0}, connectionPoolSettings=ConnectionPoolSettings{maxSize=100, minSize=0, maxWaitTimeMS=120000, maxConnectionLifeTimeMS=0, maxConnectionIdleTimeMS=0, maintenanceInitialDelayMS=0, maintenanceFrequencyMS=60000, connectionPoolListeners=[io.micrometer.core.instrument.binder.mongodb.MongoMetricsConnectionPoolListener@3dfdb674], maxConnecting=2}, serverSettings=ServerSettings{heartbeatFrequencyMS=10000, minHeartbeatFrequencyMS=500, serverListeners='[]', serverMonitorListeners='[]'}, sslSettings=SslSettings{enabled=false, invalidHostNameAllowed=false, context=null}, applicationName='null', compressorList=[], uuidRepresentation=JAVA_LEGACY, serverApi=null, autoEncryptionSettings=null, contextProvider=null}
2025-01-22 10:24:53 [cluster-ClusterId{value='6790b9651cc9ee74bceddc2c', description='null'}-localhost:27017] INFO  org.mongodb.driver.connection - Opened connection [connectionId{localValue:48, serverValue:48}] to localhost:27017
2025-01-22 10:24:53 [cluster-rtt-ClusterId{value='6790b9651cc9ee74bceddc2c', description='null'}-localhost:27017] INFO  org.mongodb.driver.connection - Opened connection [connectionId{localValue:49, serverValue:49}] to localhost:27017
2025-01-22 10:24:53 [cluster-ClusterId{value='6790b9651cc9ee74bceddc2c', description='null'}-localhost:27017] INFO  org.mongodb.driver.cluster - Monitor thread successfully connected to server with description ServerDescription{address=localhost:27017, type=STANDALONE, state=CONNECTED, ok=true, minWireVersion=0, maxWireVersion=21, maxDocumentSize=16777216, logicalSessionTimeoutMinutes=30, roundTripTimeNanos=1055100}
2025-01-22 10:24:53 [restartedMain] DEBUG o.s.d.m.c.i.MongoPersistentEntityIndexCreator - Analyzing class class com.MusicManager.model.Chanson for index information.
2025-01-22 10:24:53 [restartedMain] DEBUG o.s.d.m.c.i.MongoPersistentEntityIndexCreator - Analyzing class class com.MusicManager.model.Role for index information.
2025-01-22 10:24:53 [restartedMain] INFO  org.mongodb.driver.connection - Opened connection [connectionId{localValue:50, serverValue:50}] to localhost:27017
2025-01-22 10:24:53 [restartedMain] DEBUG o.s.d.m.c.i.MongoPersistentEntityIndexCreator - Analyzing class class com.MusicManager.model.Album for index information.
2025-01-22 10:24:53 [restartedMain] DEBUG o.s.d.m.c.i.MongoPersistentEntityIndexCreator - Analyzing class class com.MusicManager.model.User for index information.
2025-01-22 10:24:53 [restartedMain] DEBUG c.M.security.JwtAuthenticationFilter - Filter 'jwtAuthenticationFilter' configured for use
2025-01-22 10:24:53 [restartedMain] INFO  o.s.b.d.a.OptionalLiveReloadServer - LiveReload server is running on port 35729
2025-01-22 10:24:53 [restartedMain] DEBUG o.s.data.mongodb.core.MongoTemplate - Executing count: {} in collection: roles
2025-01-22 10:24:53 [restartedMain] INFO  o.s.s.web.DefaultSecurityFilterChain - Will secure any request with [org.springframework.security.web.session.DisableEncodeUrlFilter@492744d0, org.springframework.security.web.context.request.async.WebAsyncManagerIntegrationFilter@30f72150, org.springframework.security.web.context.SecurityContextPersistenceFilter@735f7c6b, org.springframework.security.web.header.HeaderWriterFilter@3c6198ff, org.springframework.security.web.authentication.logout.LogoutFilter@40b210eb, com.MusicManager.security.JwtAuthenticationFilter@4d64361d, org.springframework.security.web.savedrequest.RequestCacheAwareFilter@31cb4c77, org.springframework.security.web.servletapi.SecurityContextHolderAwareRequestFilter@1dd8cd1, org.springframework.security.web.authentication.AnonymousAuthenticationFilter@74c1c6d7, org.springframework.security.web.session.SessionManagementFilter@9a81741, org.springframework.security.web.access.ExceptionTranslationFilter@5252109f, org.springframework.security.web.access.intercept.FilterSecurityInterceptor@e669d2f]
2025-01-22 10:24:53 [restartedMain] INFO  o.s.b.a.e.web.EndpointLinksResolver - Exposing 1 endpoint(s) beneath base path '/actuator'
2025-01-22 10:24:53 [restartedMain] INFO  o.s.b.w.e.tomcat.TomcatWebServer - Tomcat started on port(s): 8080 (http) with context path ''
2025-01-22 10:24:53 [restartedMain] INFO  c.M.MusicManagerApplication - Started MusicManagerApplication in 0.493 seconds (JVM running for 4064.843)
2025-01-22 10:24:53 [restartedMain] INFO  o.s.b.d.a.ConditionEvaluationDeltaLoggingListener - Condition evaluation unchanged
2025-01-22 10:28:35 [File Watcher] INFO  o.s.b.d.a.LocalDevToolsAutoConfiguration$RestartingClassPathChangeChangedEventListener - Restarting due to 4 class path changes (1 addition, 0 deletions, 3 modifications)
2025-01-22 10:28:35 [Thread-65] INFO  o.a.catalina.core.StandardService - Stopping service [Tomcat]
2025-01-22 10:28:35 [Thread-65] WARN  o.a.c.loader.WebappClassLoaderBase - The web application [ROOT] appears to have started a thread named [cluster-ClusterId{value='6790b9651cc9ee74bceddc2c', description='null'}-localhost:27017] but has failed to stop it. This is very likely to create a memory leak. Stack trace of thread:
 java.base@17.0.12/sun.nio.ch.Net.poll(Native Method)
 java.base@17.0.12/sun.nio.ch.NioSocketImpl.park(NioSocketImpl.java:186)
 java.base@17.0.12/sun.nio.ch.NioSocketImpl.timedRead(NioSocketImpl.java:290)
 java.base@17.0.12/sun.nio.ch.NioSocketImpl.implRead(NioSocketImpl.java:314)
 java.base@17.0.12/sun.nio.ch.NioSocketImpl.read(NioSocketImpl.java:355)
 java.base@17.0.12/sun.nio.ch.NioSocketImpl$1.read(NioSocketImpl.java:808)
 java.base@17.0.12/java.net.Socket$SocketInputStream.read(Socket.java:966)
 app//com.mongodb.internal.connection.SocketStream.read(SocketStream.java:110)
 app//com.mongodb.internal.connection.SocketStream.read(SocketStream.java:135)
 app//com.mongodb.internal.connection.InternalStreamConnection.receiveResponseBuffers(InternalStreamConnection.java:713)
 app//com.mongodb.internal.connection.InternalStreamConnection.receiveMessageWithAdditionalTimeout(InternalStreamConnection.java:571)
 app//com.mongodb.internal.connection.InternalStreamConnection.receiveCommandMessageResponse(InternalStreamConnection.java:410)
 app//com.mongodb.internal.connection.InternalStreamConnection.receive(InternalStreamConnection.java:369)
 app//com.mongodb.internal.connection.DefaultServerMonitor$ServerMonitorRunnable.lookupServerDescription(DefaultServerMonitor.java:221)
 app//com.mongodb.internal.connection.DefaultServerMonitor$ServerMonitorRunnable.run(DefaultServerMonitor.java:157)
 java.base@17.0.12/java.lang.Thread.run(Thread.java:840)
2025-01-22 10:28:35 [Thread-65] WARN  o.a.c.loader.WebappClassLoaderBase - The web application [ROOT] appears to have started a thread named [cluster-rtt-ClusterId{value='6790b9651cc9ee74bceddc2c', description='null'}-localhost:27017] but has failed to stop it. This is very likely to create a memory leak. Stack trace of thread:
 java.base@17.0.12/java.lang.Thread.sleep(Native Method)
 app//com.mongodb.internal.connection.DefaultServerMonitor.waitForNext(DefaultServerMonitor.java:443)
 app//com.mongodb.internal.connection.DefaultServerMonitor.access$1500(DefaultServerMonitor.java:64)
 app//com.mongodb.internal.connection.DefaultServerMonitor$RoundTripTimeRunnable.run(DefaultServerMonitor.java:415)
 java.base@17.0.12/java.lang.Thread.run(Thread.java:840)
2025-01-22 10:28:35 [Thread-65] WARN  o.a.c.loader.WebappClassLoaderBase - The web application [ROOT] appears to have started a thread named [MaintenanceTimer-18-thread-1] but has failed to stop it. This is very likely to create a memory leak. Stack trace of thread:
 java.base@17.0.12/jdk.internal.misc.Unsafe.park(Native Method)
 java.base@17.0.12/java.util.concurrent.locks.LockSupport.parkNanos(LockSupport.java:252)
 java.base@17.0.12/java.util.concurrent.locks.AbstractQueuedSynchronizer$ConditionObject.awaitNanos(AbstractQueuedSynchronizer.java:1674)
 java.base@17.0.12/java.util.concurrent.ScheduledThreadPoolExecutor$DelayedWorkQueue.take(ScheduledThreadPoolExecutor.java:1182)
 java.base@17.0.12/java.util.concurrent.ScheduledThreadPoolExecutor$DelayedWorkQueue.take(ScheduledThreadPoolExecutor.java:899)
 java.base@17.0.12/java.util.concurrent.ThreadPoolExecutor.getTask(ThreadPoolExecutor.java:1062)
 java.base@17.0.12/java.util.concurrent.ThreadPoolExecutor.runWorker(ThreadPoolExecutor.java:1122)
 java.base@17.0.12/java.util.concurrent.ThreadPoolExecutor$Worker.run(ThreadPoolExecutor.java:635)
 java.base@17.0.12/java.lang.Thread.run(Thread.java:840)
2025-01-22 10:28:35 [restartedMain] INFO  c.M.MusicManagerApplication - Starting MusicManagerApplication using Java 17.0.12 on LAPTOP-ICGVSVEA with PID 18272 (C:\Users\ycode\Streamify\back-end\target\classes started by ycode in C:\Users\ycode\Streamify\back-end)
2025-01-22 10:28:35 [restartedMain] DEBUG c.M.MusicManagerApplication - Running with Spring Boot v2.7.18, Spring v5.3.31
2025-01-22 10:28:35 [restartedMain] INFO  c.M.MusicManagerApplication - The following 1 profile is active: "prod"
2025-01-22 10:28:35 [restartedMain] INFO  o.s.d.r.c.RepositoryConfigurationDelegate - Bootstrapping Spring Data MongoDB repositories in DEFAULT mode.
2025-01-22 10:28:35 [restartedMain] INFO  o.s.d.r.c.RepositoryConfigurationDelegate - Finished Spring Data repository scanning in 18 ms. Found 4 MongoDB repository interfaces.
2025-01-22 10:28:35 [restartedMain] INFO  o.s.b.w.e.tomcat.TomcatWebServer - Tomcat initialized with port(s): 8080 (http)
2025-01-22 10:28:35 [restartedMain] INFO  o.a.catalina.core.StandardService - Starting service [Tomcat]
2025-01-22 10:28:35 [restartedMain] INFO  o.a.catalina.core.StandardEngine - Starting Servlet engine: [Apache Tomcat/9.0.83]
2025-01-22 10:28:35 [restartedMain] INFO  o.a.c.c.C.[Tomcat-2].[localhost].[/] - Initializing Spring embedded WebApplicationContext
2025-01-22 10:28:35 [restartedMain] INFO  o.s.b.w.s.c.ServletWebServerApplicationContext - Root WebApplicationContext: initialization completed in 331 ms
2025-01-22 10:28:35 [restartedMain] INFO  org.mongodb.driver.client - MongoClient with metadata {"driver": {"name": "mongo-java-driver|sync|spring-boot", "version": "4.6.1"}, "os": {"type": "Windows", "name": "Windows 11", "architecture": "amd64", "version": "10.0"}, "platform": "Java/Eclipse Adoptium/17.0.12+7"} created with settings MongoClientSettings{readPreference=primary, writeConcern=WriteConcern{w=null, wTimeout=null ms, journal=null}, retryWrites=true, retryReads=true, readConcern=ReadConcern{level=null}, credential=null, streamFactoryFactory=null, commandListeners=[io.micrometer.core.instrument.binder.mongodb.MongoMetricsCommandListener@32d5ab8a], codecRegistry=ProvidersCodecRegistry{codecProviders=[ValueCodecProvider{}, BsonValueCodecProvider{}, DBRefCodecProvider{}, DBObjectCodecProvider{}, DocumentCodecProvider{}, IterableCodecProvider{}, MapCodecProvider{}, GeoJsonCodecProvider{}, GridFSFileCodecProvider{}, Jsr310CodecProvider{}, JsonObjectCodecProvider{}, BsonCodecProvider{}, EnumCodecProvider{}, com.mongodb.Jep395RecordCodecProvider@aee8437]}, clusterSettings={hosts=[localhost:27017], srvServiceName=mongodb, mode=SINGLE, requiredClusterType=UNKNOWN, requiredReplicaSetName='null', serverSelector='null', clusterListeners='[]', serverSelectionTimeout='30000 ms', localThreshold='30000 ms'}, socketSettings=SocketSettings{connectTimeoutMS=10000, readTimeoutMS=0, receiveBufferSize=0, sendBufferSize=0}, heartbeatSocketSettings=SocketSettings{connectTimeoutMS=10000, readTimeoutMS=10000, receiveBufferSize=0, sendBufferSize=0}, connectionPoolSettings=ConnectionPoolSettings{maxSize=100, minSize=0, maxWaitTimeMS=120000, maxConnectionLifeTimeMS=0, maxConnectionIdleTimeMS=0, maintenanceInitialDelayMS=0, maintenanceFrequencyMS=60000, connectionPoolListeners=[io.micrometer.core.instrument.binder.mongodb.MongoMetricsConnectionPoolListener@10233d02], maxConnecting=2}, serverSettings=ServerSettings{heartbeatFrequencyMS=10000, minHeartbeatFrequencyMS=500, serverListeners='[]', serverMonitorListeners='[]'}, sslSettings=SslSettings{enabled=false, invalidHostNameAllowed=false, context=null}, applicationName='null', compressorList=[], uuidRepresentation=JAVA_LEGACY, serverApi=null, autoEncryptionSettings=null, contextProvider=null}
2025-01-22 10:28:35 [cluster-rtt-ClusterId{value='6790ba431cc9ee74bceddc2d', description='null'}-localhost:27017] INFO  org.mongodb.driver.connection - Opened connection [connectionId{localValue:52, serverValue:51}] to localhost:27017
2025-01-22 10:28:35 [cluster-ClusterId{value='6790ba431cc9ee74bceddc2d', description='null'}-localhost:27017] INFO  org.mongodb.driver.connection - Opened connection [connectionId{localValue:51, serverValue:52}] to localhost:27017
2025-01-22 10:28:35 [cluster-ClusterId{value='6790ba431cc9ee74bceddc2d', description='null'}-localhost:27017] INFO  org.mongodb.driver.cluster - Monitor thread successfully connected to server with description ServerDescription{address=localhost:27017, type=STANDALONE, state=CONNECTED, ok=true, minWireVersion=0, maxWireVersion=21, maxDocumentSize=16777216, logicalSessionTimeoutMinutes=30, roundTripTimeNanos=2709800}
2025-01-22 10:28:35 [restartedMain] DEBUG o.s.d.m.c.i.MongoPersistentEntityIndexCreator - Analyzing class class com.MusicManager.model.Role for index information.
2025-01-22 10:28:35 [restartedMain] INFO  org.mongodb.driver.connection - Opened connection [connectionId{localValue:53, serverValue:53}] to localhost:27017
2025-01-22 10:28:35 [restartedMain] DEBUG o.s.d.m.c.i.MongoPersistentEntityIndexCreator - Analyzing class class com.MusicManager.model.Album for index information.
2025-01-22 10:28:35 [restartedMain] DEBUG o.s.d.m.c.i.MongoPersistentEntityIndexCreator - Analyzing class class com.MusicManager.model.Chanson for index information.
2025-01-22 10:28:35 [restartedMain] DEBUG o.s.d.m.c.i.MongoPersistentEntityIndexCreator - Analyzing class class com.MusicManager.model.User for index information.
2025-01-22 10:28:35 [restartedMain] DEBUG c.M.security.JwtAuthenticationFilter - Filter 'jwtAuthenticationFilter' configured for use
2025-01-22 10:28:35 [restartedMain] INFO  o.s.b.d.a.OptionalLiveReloadServer - LiveReload server is running on port 35729
2025-01-22 10:28:35 [restartedMain] DEBUG o.s.data.mongodb.core.MongoTemplate - Executing count: {} in collection: roles
2025-01-22 10:28:35 [restartedMain] INFO  o.s.s.web.DefaultSecurityFilterChain - Will secure any request with [org.springframework.security.web.session.DisableEncodeUrlFilter@3e52e8aa, org.springframework.security.web.context.request.async.WebAsyncManagerIntegrationFilter@4a345e00, org.springframework.security.web.context.SecurityContextPersistenceFilter@71edbfdc, org.springframework.security.web.header.HeaderWriterFilter@5810fc37, org.springframework.security.web.authentication.logout.LogoutFilter@304a8ccb, com.MusicManager.security.JwtAuthenticationFilter@21230729, org.springframework.security.web.savedrequest.RequestCacheAwareFilter@523a91fb, org.springframework.security.web.servletapi.SecurityContextHolderAwareRequestFilter@d942ecf, org.springframework.security.web.authentication.AnonymousAuthenticationFilter@71745bec, org.springframework.security.web.session.SessionManagementFilter@7dab4dd3, org.springframework.security.web.access.ExceptionTranslationFilter@36d2a4ce, org.springframework.security.web.access.intercept.FilterSecurityInterceptor@6a943be5]
2025-01-22 10:28:35 [restartedMain] INFO  o.s.b.a.e.web.EndpointLinksResolver - Exposing 1 endpoint(s) beneath base path '/actuator'
2025-01-22 10:28:35 [restartedMain] INFO  o.s.b.w.e.tomcat.TomcatWebServer - Tomcat started on port(s): 8080 (http) with context path ''
2025-01-22 10:28:35 [restartedMain] INFO  c.M.MusicManagerApplication - Started MusicManagerApplication in 0.585 seconds (JVM running for 4286.575)
2025-01-22 10:28:35 [restartedMain] INFO  o.s.b.d.a.ConditionEvaluationDeltaLoggingListener - Condition evaluation unchanged
2025-01-22 10:28:37 [File Watcher] INFO  o.s.b.d.a.LocalDevToolsAutoConfiguration$RestartingClassPathChangeChangedEventListener - Restarting due to 4 class path changes (0 additions, 0 deletions, 4 modifications)
2025-01-22 10:28:37 [Thread-69] INFO  o.a.catalina.core.StandardService - Stopping service [Tomcat]
2025-01-22 10:28:37 [Thread-69] WARN  o.a.c.loader.WebappClassLoaderBase - The web application [ROOT] appears to have started a thread named [cluster-ClusterId{value='6790ba431cc9ee74bceddc2d', description='null'}-localhost:27017] but has failed to stop it. This is very likely to create a memory leak. Stack trace of thread:
 java.base@17.0.12/sun.nio.ch.Net.poll(Native Method)
 java.base@17.0.12/sun.nio.ch.NioSocketImpl.park(NioSocketImpl.java:186)
 java.base@17.0.12/sun.nio.ch.NioSocketImpl.timedRead(NioSocketImpl.java:290)
 java.base@17.0.12/sun.nio.ch.NioSocketImpl.implRead(NioSocketImpl.java:314)
 java.base@17.0.12/sun.nio.ch.NioSocketImpl.read(NioSocketImpl.java:355)
 java.base@17.0.12/sun.nio.ch.NioSocketImpl$1.read(NioSocketImpl.java:808)
 java.base@17.0.12/java.net.Socket$SocketInputStream.read(Socket.java:966)
 app//com.mongodb.internal.connection.SocketStream.read(SocketStream.java:110)
 app//com.mongodb.internal.connection.SocketStream.read(SocketStream.java:135)
 app//com.mongodb.internal.connection.InternalStreamConnection.receiveResponseBuffers(InternalStreamConnection.java:713)
 app//com.mongodb.internal.connection.InternalStreamConnection.receiveMessageWithAdditionalTimeout(InternalStreamConnection.java:571)
 app//com.mongodb.internal.connection.InternalStreamConnection.receiveCommandMessageResponse(InternalStreamConnection.java:410)
 app//com.mongodb.internal.connection.InternalStreamConnection.receive(InternalStreamConnection.java:369)
 app//com.mongodb.internal.connection.DefaultServerMonitor$ServerMonitorRunnable.lookupServerDescription(DefaultServerMonitor.java:221)
 app//com.mongodb.internal.connection.DefaultServerMonitor$ServerMonitorRunnable.run(DefaultServerMonitor.java:157)
 java.base@17.0.12/java.lang.Thread.run(Thread.java:840)
2025-01-22 10:28:37 [Thread-69] WARN  o.a.c.loader.WebappClassLoaderBase - The web application [ROOT] appears to have started a thread named [cluster-rtt-ClusterId{value='6790ba431cc9ee74bceddc2d', description='null'}-localhost:27017] but has failed to stop it. This is very likely to create a memory leak. Stack trace of thread:
 java.base@17.0.12/java.lang.Thread.sleep(Native Method)
 app//com.mongodb.internal.connection.DefaultServerMonitor.waitForNext(DefaultServerMonitor.java:443)
 app//com.mongodb.internal.connection.DefaultServerMonitor.access$1500(DefaultServerMonitor.java:64)
 app//com.mongodb.internal.connection.DefaultServerMonitor$RoundTripTimeRunnable.run(DefaultServerMonitor.java:415)
 java.base@17.0.12/java.lang.Thread.run(Thread.java:840)
2025-01-22 10:28:37 [Thread-69] WARN  o.a.c.loader.WebappClassLoaderBase - The web application [ROOT] appears to have started a thread named [MaintenanceTimer-19-thread-1] but has failed to stop it. This is very likely to create a memory leak. Stack trace of thread:
 java.base@17.0.12/jdk.internal.misc.Unsafe.park(Native Method)
 java.base@17.0.12/java.util.concurrent.locks.LockSupport.parkNanos(LockSupport.java:252)
 java.base@17.0.12/java.util.concurrent.locks.AbstractQueuedSynchronizer$ConditionObject.awaitNanos(AbstractQueuedSynchronizer.java:1674)
 java.base@17.0.12/java.util.concurrent.ScheduledThreadPoolExecutor$DelayedWorkQueue.take(ScheduledThreadPoolExecutor.java:1182)
 java.base@17.0.12/java.util.concurrent.ScheduledThreadPoolExecutor$DelayedWorkQueue.take(ScheduledThreadPoolExecutor.java:899)
 java.base@17.0.12/java.util.concurrent.ThreadPoolExecutor.getTask(ThreadPoolExecutor.java:1062)
 java.base@17.0.12/java.util.concurrent.ThreadPoolExecutor.runWorker(ThreadPoolExecutor.java:1122)
 java.base@17.0.12/java.util.concurrent.ThreadPoolExecutor$Worker.run(ThreadPoolExecutor.java:635)
 java.base@17.0.12/java.lang.Thread.run(Thread.java:840)
2025-01-22 10:28:37 [restartedMain] INFO  c.M.MusicManagerApplication - Starting MusicManagerApplication using Java 17.0.12 on LAPTOP-ICGVSVEA with PID 18272 (C:\Users\ycode\Streamify\back-end\target\classes started by ycode in C:\Users\ycode\Streamify\back-end)
2025-01-22 10:28:37 [restartedMain] DEBUG c.M.MusicManagerApplication - Running with Spring Boot v2.7.18, Spring v5.3.31
2025-01-22 10:28:37 [restartedMain] INFO  c.M.MusicManagerApplication - The following 1 profile is active: "prod"
2025-01-22 10:28:37 [restartedMain] INFO  o.s.d.r.c.RepositoryConfigurationDelegate - Bootstrapping Spring Data MongoDB repositories in DEFAULT mode.
2025-01-22 10:28:37 [restartedMain] INFO  o.s.d.r.c.RepositoryConfigurationDelegate - Finished Spring Data repository scanning in 17 ms. Found 4 MongoDB repository interfaces.
2025-01-22 10:28:37 [restartedMain] INFO  o.s.b.w.e.tomcat.TomcatWebServer - Tomcat initialized with port(s): 8080 (http)
2025-01-22 10:28:37 [restartedMain] INFO  o.a.catalina.core.StandardService - Starting service [Tomcat]
2025-01-22 10:28:37 [restartedMain] INFO  o.a.catalina.core.StandardEngine - Starting Servlet engine: [Apache Tomcat/9.0.83]
2025-01-22 10:28:37 [restartedMain] INFO  o.a.c.c.C.[Tomcat-2].[localhost].[/] - Initializing Spring embedded WebApplicationContext
2025-01-22 10:28:37 [restartedMain] INFO  o.s.b.w.s.c.ServletWebServerApplicationContext - Root WebApplicationContext: initialization completed in 289 ms
2025-01-22 10:28:37 [restartedMain] INFO  org.mongodb.driver.client - MongoClient with metadata {"driver": {"name": "mongo-java-driver|sync|spring-boot", "version": "4.6.1"}, "os": {"type": "Windows", "name": "Windows 11", "architecture": "amd64", "version": "10.0"}, "platform": "Java/Eclipse Adoptium/17.0.12+7"} created with settings MongoClientSettings{readPreference=primary, writeConcern=WriteConcern{w=null, wTimeout=null ms, journal=null}, retryWrites=true, retryReads=true, readConcern=ReadConcern{level=null}, credential=null, streamFactoryFactory=null, commandListeners=[io.micrometer.core.instrument.binder.mongodb.MongoMetricsCommandListener@76026dd3], codecRegistry=ProvidersCodecRegistry{codecProviders=[ValueCodecProvider{}, BsonValueCodecProvider{}, DBRefCodecProvider{}, DBObjectCodecProvider{}, DocumentCodecProvider{}, IterableCodecProvider{}, MapCodecProvider{}, GeoJsonCodecProvider{}, GridFSFileCodecProvider{}, Jsr310CodecProvider{}, JsonObjectCodecProvider{}, BsonCodecProvider{}, EnumCodecProvider{}, com.mongodb.Jep395RecordCodecProvider@aee8437]}, clusterSettings={hosts=[localhost:27017], srvServiceName=mongodb, mode=SINGLE, requiredClusterType=UNKNOWN, requiredReplicaSetName='null', serverSelector='null', clusterListeners='[]', serverSelectionTimeout='30000 ms', localThreshold='30000 ms'}, socketSettings=SocketSettings{connectTimeoutMS=10000, readTimeoutMS=0, receiveBufferSize=0, sendBufferSize=0}, heartbeatSocketSettings=SocketSettings{connectTimeoutMS=10000, readTimeoutMS=10000, receiveBufferSize=0, sendBufferSize=0}, connectionPoolSettings=ConnectionPoolSettings{maxSize=100, minSize=0, maxWaitTimeMS=120000, maxConnectionLifeTimeMS=0, maxConnectionIdleTimeMS=0, maintenanceInitialDelayMS=0, maintenanceFrequencyMS=60000, connectionPoolListeners=[io.micrometer.core.instrument.binder.mongodb.MongoMetricsConnectionPoolListener@475a4861], maxConnecting=2}, serverSettings=ServerSettings{heartbeatFrequencyMS=10000, minHeartbeatFrequencyMS=500, serverListeners='[]', serverMonitorListeners='[]'}, sslSettings=SslSettings{enabled=false, invalidHostNameAllowed=false, context=null}, applicationName='null', compressorList=[], uuidRepresentation=JAVA_LEGACY, serverApi=null, autoEncryptionSettings=null, contextProvider=null}
2025-01-22 10:28:37 [cluster-rtt-ClusterId{value='6790ba451cc9ee74bceddc2e', description='null'}-localhost:27017] INFO  org.mongodb.driver.connection - Opened connection [connectionId{localValue:55, serverValue:54}] to localhost:27017
2025-01-22 10:28:37 [cluster-ClusterId{value='6790ba451cc9ee74bceddc2e', description='null'}-localhost:27017] INFO  org.mongodb.driver.connection - Opened connection [connectionId{localValue:54, serverValue:55}] to localhost:27017
2025-01-22 10:28:37 [cluster-ClusterId{value='6790ba451cc9ee74bceddc2e', description='null'}-localhost:27017] INFO  org.mongodb.driver.cluster - Monitor thread successfully connected to server with description ServerDescription{address=localhost:27017, type=STANDALONE, state=CONNECTED, ok=true, minWireVersion=0, maxWireVersion=21, maxDocumentSize=16777216, logicalSessionTimeoutMinutes=30, roundTripTimeNanos=1108200}
2025-01-22 10:28:37 [restartedMain] DEBUG o.s.d.m.c.i.MongoPersistentEntityIndexCreator - Analyzing class class com.MusicManager.model.Chanson for index information.
2025-01-22 10:28:37 [restartedMain] DEBUG o.s.d.m.c.i.MongoPersistentEntityIndexCreator - Analyzing class class com.MusicManager.model.Album for index information.
2025-01-22 10:28:37 [restartedMain] DEBUG o.s.d.m.c.i.MongoPersistentEntityIndexCreator - Analyzing class class com.MusicManager.model.User for index information.
2025-01-22 10:28:37 [restartedMain] DEBUG o.s.d.m.c.i.MongoPersistentEntityIndexCreator - Analyzing class class com.MusicManager.model.Role for index information.
2025-01-22 10:28:37 [restartedMain] INFO  org.mongodb.driver.connection - Opened connection [connectionId{localValue:56, serverValue:56}] to localhost:27017
2025-01-22 10:28:37 [restartedMain] DEBUG c.M.security.JwtAuthenticationFilter - Filter 'jwtAuthenticationFilter' configured for use
2025-01-22 10:28:37 [restartedMain] INFO  o.s.b.d.a.OptionalLiveReloadServer - LiveReload server is running on port 35729
2025-01-22 10:28:37 [restartedMain] DEBUG o.s.data.mongodb.core.MongoTemplate - Executing count: {} in collection: roles
2025-01-22 10:28:37 [restartedMain] INFO  o.s.s.web.DefaultSecurityFilterChain - Will secure any request with [org.springframework.security.web.session.DisableEncodeUrlFilter@68c992da, org.springframework.security.web.context.request.async.WebAsyncManagerIntegrationFilter@10ee9694, org.springframework.security.web.context.SecurityContextPersistenceFilter@33ea7dad, org.springframework.security.web.header.HeaderWriterFilter@141d2996, org.springframework.security.web.authentication.logout.LogoutFilter@423e3d7, com.MusicManager.security.JwtAuthenticationFilter@4171c9a1, org.springframework.security.web.savedrequest.RequestCacheAwareFilter@1b8157a0, org.springframework.security.web.servletapi.SecurityContextHolderAwareRequestFilter@662d9cdf, org.springframework.security.web.authentication.AnonymousAuthenticationFilter@2b9347a3, org.springframework.security.web.session.SessionManagementFilter@649cdefb, org.springframework.security.web.access.ExceptionTranslationFilter@74fb971f, org.springframework.security.web.access.intercept.FilterSecurityInterceptor@22a9f1bf]
2025-01-22 10:28:37 [restartedMain] INFO  o.s.b.a.e.web.EndpointLinksResolver - Exposing 1 endpoint(s) beneath base path '/actuator'
2025-01-22 10:28:37 [restartedMain] INFO  o.s.b.w.e.tomcat.TomcatWebServer - Tomcat started on port(s): 8080 (http) with context path ''
2025-01-22 10:28:37 [restartedMain] INFO  c.M.MusicManagerApplication - Started MusicManagerApplication in 0.514 seconds (JVM running for 4288.597)
2025-01-22 10:28:37 [restartedMain] INFO  o.s.b.d.a.ConditionEvaluationDeltaLoggingListener - Condition evaluation unchanged
2025-01-22 10:28:47 [File Watcher] INFO  o.s.b.d.a.LocalDevToolsAutoConfiguration$RestartingClassPathChangeChangedEventListener - Restarting due to 4 class path changes (1 addition, 0 deletions, 3 modifications)
2025-01-22 10:28:47 [Thread-73] INFO  o.a.catalina.core.StandardService - Stopping service [Tomcat]
2025-01-22 10:28:47 [Thread-73] WARN  o.a.c.loader.WebappClassLoaderBase - The web application [ROOT] appears to have started a thread named [cluster-ClusterId{value='6790ba451cc9ee74bceddc2e', description='null'}-localhost:27017] but has failed to stop it. This is very likely to create a memory leak. Stack trace of thread:
 java.base@17.0.12/sun.nio.ch.Net.poll(Native Method)
 java.base@17.0.12/sun.nio.ch.NioSocketImpl.park(NioSocketImpl.java:186)
 java.base@17.0.12/sun.nio.ch.NioSocketImpl.timedRead(NioSocketImpl.java:290)
 java.base@17.0.12/sun.nio.ch.NioSocketImpl.implRead(NioSocketImpl.java:314)
 java.base@17.0.12/sun.nio.ch.NioSocketImpl.read(NioSocketImpl.java:355)
 java.base@17.0.12/sun.nio.ch.NioSocketImpl$1.read(NioSocketImpl.java:808)
 java.base@17.0.12/java.net.Socket$SocketInputStream.read(Socket.java:966)
 app//com.mongodb.internal.connection.SocketStream.read(SocketStream.java:110)
 app//com.mongodb.internal.connection.SocketStream.read(SocketStream.java:135)
 app//com.mongodb.internal.connection.InternalStreamConnection.receiveResponseBuffers(InternalStreamConnection.java:713)
 app//com.mongodb.internal.connection.InternalStreamConnection.receiveMessageWithAdditionalTimeout(InternalStreamConnection.java:571)
 app//com.mongodb.internal.connection.InternalStreamConnection.receiveCommandMessageResponse(InternalStreamConnection.java:410)
 app//com.mongodb.internal.connection.InternalStreamConnection.receive(InternalStreamConnection.java:369)
 app//com.mongodb.internal.connection.DefaultServerMonitor$ServerMonitorRunnable.lookupServerDescription(DefaultServerMonitor.java:221)
 app//com.mongodb.internal.connection.DefaultServerMonitor$ServerMonitorRunnable.run(DefaultServerMonitor.java:157)
 java.base@17.0.12/java.lang.Thread.run(Thread.java:840)
2025-01-22 10:28:47 [Thread-73] WARN  o.a.c.loader.WebappClassLoaderBase - The web application [ROOT] appears to have started a thread named [cluster-rtt-ClusterId{value='6790ba451cc9ee74bceddc2e', description='null'}-localhost:27017] but has failed to stop it. This is very likely to create a memory leak. Stack trace of thread:
 java.base@17.0.12/java.lang.Thread.sleep(Native Method)
 app//com.mongodb.internal.connection.DefaultServerMonitor.waitForNext(DefaultServerMonitor.java:443)
 app//com.mongodb.internal.connection.DefaultServerMonitor.access$1500(DefaultServerMonitor.java:64)
 app//com.mongodb.internal.connection.DefaultServerMonitor$RoundTripTimeRunnable.run(DefaultServerMonitor.java:415)
 java.base@17.0.12/java.lang.Thread.run(Thread.java:840)
2025-01-22 10:28:47 [Thread-73] WARN  o.a.c.loader.WebappClassLoaderBase - The web application [ROOT] appears to have started a thread named [MaintenanceTimer-20-thread-1] but has failed to stop it. This is very likely to create a memory leak. Stack trace of thread:
 java.base@17.0.12/jdk.internal.misc.Unsafe.park(Native Method)
 java.base@17.0.12/java.util.concurrent.locks.LockSupport.parkNanos(LockSupport.java:252)
 java.base@17.0.12/java.util.concurrent.locks.AbstractQueuedSynchronizer$ConditionObject.awaitNanos(AbstractQueuedSynchronizer.java:1674)
 java.base@17.0.12/java.util.concurrent.ScheduledThreadPoolExecutor$DelayedWorkQueue.take(ScheduledThreadPoolExecutor.java:1182)
 java.base@17.0.12/java.util.concurrent.ScheduledThreadPoolExecutor$DelayedWorkQueue.take(ScheduledThreadPoolExecutor.java:899)
 java.base@17.0.12/java.util.concurrent.ThreadPoolExecutor.getTask(ThreadPoolExecutor.java:1062)
 java.base@17.0.12/java.util.concurrent.ThreadPoolExecutor.runWorker(ThreadPoolExecutor.java:1122)
 java.base@17.0.12/java.util.concurrent.ThreadPoolExecutor$Worker.run(ThreadPoolExecutor.java:635)
 java.base@17.0.12/java.lang.Thread.run(Thread.java:840)
2025-01-22 10:28:47 [restartedMain] INFO  c.M.MusicManagerApplication - Starting MusicManagerApplication using Java 17.0.12 on LAPTOP-ICGVSVEA with PID 18272 (C:\Users\ycode\Streamify\back-end\target\classes started by ycode in C:\Users\ycode\Streamify\back-end)
2025-01-22 10:28:47 [restartedMain] DEBUG c.M.MusicManagerApplication - Running with Spring Boot v2.7.18, Spring v5.3.31
2025-01-22 10:28:47 [restartedMain] INFO  c.M.MusicManagerApplication - The following 1 profile is active: "prod"
2025-01-22 10:28:47 [restartedMain] INFO  o.s.d.r.c.RepositoryConfigurationDelegate - Bootstrapping Spring Data MongoDB repositories in DEFAULT mode.
2025-01-22 10:28:47 [restartedMain] INFO  o.s.d.r.c.RepositoryConfigurationDelegate - Finished Spring Data repository scanning in 19 ms. Found 4 MongoDB repository interfaces.
2025-01-22 10:28:47 [restartedMain] INFO  o.s.b.w.e.tomcat.TomcatWebServer - Tomcat initialized with port(s): 8080 (http)
2025-01-22 10:28:47 [restartedMain] INFO  o.a.catalina.core.StandardService - Starting service [Tomcat]
2025-01-22 10:28:47 [restartedMain] INFO  o.a.catalina.core.StandardEngine - Starting Servlet engine: [Apache Tomcat/9.0.83]
2025-01-22 10:28:47 [restartedMain] INFO  o.a.c.c.C.[Tomcat-2].[localhost].[/] - Initializing Spring embedded WebApplicationContext
2025-01-22 10:28:47 [restartedMain] INFO  o.s.b.w.s.c.ServletWebServerApplicationContext - Root WebApplicationContext: initialization completed in 341 ms
2025-01-22 10:28:47 [restartedMain] INFO  org.mongodb.driver.client - MongoClient with metadata {"driver": {"name": "mongo-java-driver|sync|spring-boot", "version": "4.6.1"}, "os": {"type": "Windows", "name": "Windows 11", "architecture": "amd64", "version": "10.0"}, "platform": "Java/Eclipse Adoptium/17.0.12+7"} created with settings MongoClientSettings{readPreference=primary, writeConcern=WriteConcern{w=null, wTimeout=null ms, journal=null}, retryWrites=true, retryReads=true, readConcern=ReadConcern{level=null}, credential=null, streamFactoryFactory=null, commandListeners=[io.micrometer.core.instrument.binder.mongodb.MongoMetricsCommandListener@3b4e3944], codecRegistry=ProvidersCodecRegistry{codecProviders=[ValueCodecProvider{}, BsonValueCodecProvider{}, DBRefCodecProvider{}, DBObjectCodecProvider{}, DocumentCodecProvider{}, IterableCodecProvider{}, MapCodecProvider{}, GeoJsonCodecProvider{}, GridFSFileCodecProvider{}, Jsr310CodecProvider{}, JsonObjectCodecProvider{}, BsonCodecProvider{}, EnumCodecProvider{}, com.mongodb.Jep395RecordCodecProvider@aee8437]}, clusterSettings={hosts=[localhost:27017], srvServiceName=mongodb, mode=SINGLE, requiredClusterType=UNKNOWN, requiredReplicaSetName='null', serverSelector='null', clusterListeners='[]', serverSelectionTimeout='30000 ms', localThreshold='30000 ms'}, socketSettings=SocketSettings{connectTimeoutMS=10000, readTimeoutMS=0, receiveBufferSize=0, sendBufferSize=0}, heartbeatSocketSettings=SocketSettings{connectTimeoutMS=10000, readTimeoutMS=10000, receiveBufferSize=0, sendBufferSize=0}, connectionPoolSettings=ConnectionPoolSettings{maxSize=100, minSize=0, maxWaitTimeMS=120000, maxConnectionLifeTimeMS=0, maxConnectionIdleTimeMS=0, maintenanceInitialDelayMS=0, maintenanceFrequencyMS=60000, connectionPoolListeners=[io.micrometer.core.instrument.binder.mongodb.MongoMetricsConnectionPoolListener@6b71adf7], maxConnecting=2}, serverSettings=ServerSettings{heartbeatFrequencyMS=10000, minHeartbeatFrequencyMS=500, serverListeners='[]', serverMonitorListeners='[]'}, sslSettings=SslSettings{enabled=false, invalidHostNameAllowed=false, context=null}, applicationName='null', compressorList=[], uuidRepresentation=JAVA_LEGACY, serverApi=null, autoEncryptionSettings=null, contextProvider=null}
2025-01-22 10:28:47 [cluster-rtt-ClusterId{value='6790ba4f1cc9ee74bceddc2f', description='null'}-localhost:27017] INFO  org.mongodb.driver.connection - Opened connection [connectionId{localValue:58, serverValue:58}] to localhost:27017
2025-01-22 10:28:47 [cluster-ClusterId{value='6790ba4f1cc9ee74bceddc2f', description='null'}-localhost:27017] INFO  org.mongodb.driver.connection - Opened connection [connectionId{localValue:57, serverValue:57}] to localhost:27017
2025-01-22 10:28:47 [cluster-ClusterId{value='6790ba4f1cc9ee74bceddc2f', description='null'}-localhost:27017] INFO  org.mongodb.driver.cluster - Monitor thread successfully connected to server with description ServerDescription{address=localhost:27017, type=STANDALONE, state=CONNECTED, ok=true, minWireVersion=0, maxWireVersion=21, maxDocumentSize=16777216, logicalSessionTimeoutMinutes=30, roundTripTimeNanos=1005700}
2025-01-22 10:28:47 [restartedMain] DEBUG o.s.d.m.c.i.MongoPersistentEntityIndexCreator - Analyzing class class com.MusicManager.model.Album for index information.
2025-01-22 10:28:47 [restartedMain] DEBUG o.s.d.m.c.i.MongoPersistentEntityIndexCreator - Analyzing class class com.MusicManager.model.Chanson for index information.
2025-01-22 10:28:47 [restartedMain] DEBUG o.s.d.m.c.i.MongoPersistentEntityIndexCreator - Analyzing class class com.MusicManager.model.User for index information.
2025-01-22 10:28:47 [restartedMain] DEBUG o.s.d.m.c.i.MongoPersistentEntityIndexCreator - Analyzing class class com.MusicManager.model.Role for index information.
2025-01-22 10:28:47 [restartedMain] INFO  org.mongodb.driver.connection - Opened connection [connectionId{localValue:59, serverValue:59}] to localhost:27017
2025-01-22 10:28:47 [restartedMain] DEBUG c.M.security.JwtAuthenticationFilter - Filter 'jwtAuthenticationFilter' configured for use
2025-01-22 10:28:47 [restartedMain] INFO  o.s.b.d.a.OptionalLiveReloadServer - LiveReload server is running on port 35729
2025-01-22 10:28:47 [restartedMain] DEBUG o.s.data.mongodb.core.MongoTemplate - Executing count: {} in collection: roles
2025-01-22 10:28:47 [restartedMain] INFO  o.s.s.web.DefaultSecurityFilterChain - Will secure any request with [org.springframework.security.web.session.DisableEncodeUrlFilter@78f59498, org.springframework.security.web.context.request.async.WebAsyncManagerIntegrationFilter@31b51697, org.springframework.security.web.context.SecurityContextPersistenceFilter@29c43237, org.springframework.security.web.header.HeaderWriterFilter@69aa5128, org.springframework.security.web.authentication.logout.LogoutFilter@3ab1a8, com.MusicManager.security.JwtAuthenticationFilter@edeb51a, org.springframework.security.web.savedrequest.RequestCacheAwareFilter@25411a90, org.springframework.security.web.servletapi.SecurityContextHolderAwareRequestFilter@1ed92c01, org.springframework.security.web.authentication.AnonymousAuthenticationFilter@5467841c, org.springframework.security.web.session.SessionManagementFilter@7badb0bb, org.springframework.security.web.access.ExceptionTranslationFilter@6f6c6cab, org.springframework.security.web.access.intercept.FilterSecurityInterceptor@76a89721]
2025-01-22 10:28:48 [restartedMain] INFO  o.s.b.a.e.web.EndpointLinksResolver - Exposing 1 endpoint(s) beneath base path '/actuator'
2025-01-22 10:28:48 [restartedMain] INFO  o.s.b.w.e.tomcat.TomcatWebServer - Tomcat started on port(s): 8080 (http) with context path ''
2025-01-22 10:28:48 [restartedMain] INFO  c.M.MusicManagerApplication - Started MusicManagerApplication in 0.593 seconds (JVM running for 4298.936)
2025-01-22 10:28:48 [restartedMain] INFO  o.s.b.d.a.ConditionEvaluationDeltaLoggingListener - Condition evaluation unchanged
2025-01-22 10:28:53 [File Watcher] INFO  o.s.b.d.a.LocalDevToolsAutoConfiguration$RestartingClassPathChangeChangedEventListener - Restarting due to 4 class path changes (0 additions, 0 deletions, 4 modifications)
2025-01-22 10:28:53 [Thread-77] INFO  o.a.catalina.core.StandardService - Stopping service [Tomcat]
2025-01-22 10:28:53 [Thread-77] WARN  o.a.c.loader.WebappClassLoaderBase - The web application [ROOT] appears to have started a thread named [cluster-ClusterId{value='6790ba4f1cc9ee74bceddc2f', description='null'}-localhost:27017] but has failed to stop it. This is very likely to create a memory leak. Stack trace of thread:
 java.base@17.0.12/sun.nio.ch.Net.poll(Native Method)
 java.base@17.0.12/sun.nio.ch.NioSocketImpl.park(NioSocketImpl.java:186)
 java.base@17.0.12/sun.nio.ch.NioSocketImpl.timedRead(NioSocketImpl.java:290)
 java.base@17.0.12/sun.nio.ch.NioSocketImpl.implRead(NioSocketImpl.java:314)
 java.base@17.0.12/sun.nio.ch.NioSocketImpl.read(NioSocketImpl.java:355)
 java.base@17.0.12/sun.nio.ch.NioSocketImpl$1.read(NioSocketImpl.java:808)
 java.base@17.0.12/java.net.Socket$SocketInputStream.read(Socket.java:966)
 app//com.mongodb.internal.connection.SocketStream.read(SocketStream.java:110)
 app//com.mongodb.internal.connection.SocketStream.read(SocketStream.java:135)
 app//com.mongodb.internal.connection.InternalStreamConnection.receiveResponseBuffers(InternalStreamConnection.java:713)
 app//com.mongodb.internal.connection.InternalStreamConnection.receiveMessageWithAdditionalTimeout(InternalStreamConnection.java:571)
 app//com.mongodb.internal.connection.InternalStreamConnection.receiveCommandMessageResponse(InternalStreamConnection.java:410)
 app//com.mongodb.internal.connection.InternalStreamConnection.receive(InternalStreamConnection.java:369)
 app//com.mongodb.internal.connection.DefaultServerMonitor$ServerMonitorRunnable.lookupServerDescription(DefaultServerMonitor.java:221)
 app//com.mongodb.internal.connection.DefaultServerMonitor$ServerMonitorRunnable.run(DefaultServerMonitor.java:157)
 java.base@17.0.12/java.lang.Thread.run(Thread.java:840)
2025-01-22 10:28:53 [Thread-77] WARN  o.a.c.loader.WebappClassLoaderBase - The web application [ROOT] appears to have started a thread named [cluster-rtt-ClusterId{value='6790ba4f1cc9ee74bceddc2f', description='null'}-localhost:27017] but has failed to stop it. This is very likely to create a memory leak. Stack trace of thread:
 java.base@17.0.12/java.lang.Thread.sleep(Native Method)
 app//com.mongodb.internal.connection.DefaultServerMonitor.waitForNext(DefaultServerMonitor.java:443)
 app//com.mongodb.internal.connection.DefaultServerMonitor.access$1500(DefaultServerMonitor.java:64)
 app//com.mongodb.internal.connection.DefaultServerMonitor$RoundTripTimeRunnable.run(DefaultServerMonitor.java:415)
 java.base@17.0.12/java.lang.Thread.run(Thread.java:840)
2025-01-22 10:28:53 [Thread-77] WARN  o.a.c.loader.WebappClassLoaderBase - The web application [ROOT] appears to have started a thread named [MaintenanceTimer-21-thread-1] but has failed to stop it. This is very likely to create a memory leak. Stack trace of thread:
 java.base@17.0.12/jdk.internal.misc.Unsafe.park(Native Method)
 java.base@17.0.12/java.util.concurrent.locks.LockSupport.parkNanos(LockSupport.java:252)
 java.base@17.0.12/java.util.concurrent.locks.AbstractQueuedSynchronizer$ConditionObject.awaitNanos(AbstractQueuedSynchronizer.java:1674)
 java.base@17.0.12/java.util.concurrent.ScheduledThreadPoolExecutor$DelayedWorkQueue.take(ScheduledThreadPoolExecutor.java:1182)
 java.base@17.0.12/java.util.concurrent.ScheduledThreadPoolExecutor$DelayedWorkQueue.take(ScheduledThreadPoolExecutor.java:899)
 java.base@17.0.12/java.util.concurrent.ThreadPoolExecutor.getTask(ThreadPoolExecutor.java:1062)
 java.base@17.0.12/java.util.concurrent.ThreadPoolExecutor.runWorker(ThreadPoolExecutor.java:1122)
 java.base@17.0.12/java.util.concurrent.ThreadPoolExecutor$Worker.run(ThreadPoolExecutor.java:635)
 java.base@17.0.12/java.lang.Thread.run(Thread.java:840)
2025-01-22 10:28:53 [restartedMain] INFO  c.M.MusicManagerApplication - Starting MusicManagerApplication using Java 17.0.12 on LAPTOP-ICGVSVEA with PID 18272 (C:\Users\ycode\Streamify\back-end\target\classes started by ycode in C:\Users\ycode\Streamify\back-end)
2025-01-22 10:28:53 [restartedMain] DEBUG c.M.MusicManagerApplication - Running with Spring Boot v2.7.18, Spring v5.3.31
2025-01-22 10:28:53 [restartedMain] INFO  c.M.MusicManagerApplication - The following 1 profile is active: "prod"
2025-01-22 10:28:53 [restartedMain] INFO  o.s.d.r.c.RepositoryConfigurationDelegate - Bootstrapping Spring Data MongoDB repositories in DEFAULT mode.
2025-01-22 10:28:53 [restartedMain] INFO  o.s.d.r.c.RepositoryConfigurationDelegate - Finished Spring Data repository scanning in 15 ms. Found 4 MongoDB repository interfaces.
2025-01-22 10:28:53 [restartedMain] INFO  o.s.b.w.e.tomcat.TomcatWebServer - Tomcat initialized with port(s): 8080 (http)
2025-01-22 10:28:53 [restartedMain] INFO  o.a.catalina.core.StandardService - Starting service [Tomcat]
2025-01-22 10:28:53 [restartedMain] INFO  o.a.catalina.core.StandardEngine - Starting Servlet engine: [Apache Tomcat/9.0.83]
2025-01-22 10:28:53 [restartedMain] INFO  o.a.c.c.C.[Tomcat-2].[localhost].[/] - Initializing Spring embedded WebApplicationContext
2025-01-22 10:28:53 [restartedMain] INFO  o.s.b.w.s.c.ServletWebServerApplicationContext - Root WebApplicationContext: initialization completed in 344 ms
2025-01-22 10:28:53 [restartedMain] INFO  org.mongodb.driver.client - MongoClient with metadata {"driver": {"name": "mongo-java-driver|sync|spring-boot", "version": "4.6.1"}, "os": {"type": "Windows", "name": "Windows 11", "architecture": "amd64", "version": "10.0"}, "platform": "Java/Eclipse Adoptium/17.0.12+7"} created with settings MongoClientSettings{readPreference=primary, writeConcern=WriteConcern{w=null, wTimeout=null ms, journal=null}, retryWrites=true, retryReads=true, readConcern=ReadConcern{level=null}, credential=null, streamFactoryFactory=null, commandListeners=[io.micrometer.core.instrument.binder.mongodb.MongoMetricsCommandListener@74af4711], codecRegistry=ProvidersCodecRegistry{codecProviders=[ValueCodecProvider{}, BsonValueCodecProvider{}, DBRefCodecProvider{}, DBObjectCodecProvider{}, DocumentCodecProvider{}, IterableCodecProvider{}, MapCodecProvider{}, GeoJsonCodecProvider{}, GridFSFileCodecProvider{}, Jsr310CodecProvider{}, JsonObjectCodecProvider{}, BsonCodecProvider{}, EnumCodecProvider{}, com.mongodb.Jep395RecordCodecProvider@aee8437]}, clusterSettings={hosts=[localhost:27017], srvServiceName=mongodb, mode=SINGLE, requiredClusterType=UNKNOWN, requiredReplicaSetName='null', serverSelector='null', clusterListeners='[]', serverSelectionTimeout='30000 ms', localThreshold='30000 ms'}, socketSettings=SocketSettings{connectTimeoutMS=10000, readTimeoutMS=0, receiveBufferSize=0, sendBufferSize=0}, heartbeatSocketSettings=SocketSettings{connectTimeoutMS=10000, readTimeoutMS=10000, receiveBufferSize=0, sendBufferSize=0}, connectionPoolSettings=ConnectionPoolSettings{maxSize=100, minSize=0, maxWaitTimeMS=120000, maxConnectionLifeTimeMS=0, maxConnectionIdleTimeMS=0, maintenanceInitialDelayMS=0, maintenanceFrequencyMS=60000, connectionPoolListeners=[io.micrometer.core.instrument.binder.mongodb.MongoMetricsConnectionPoolListener@20cc4064], maxConnecting=2}, serverSettings=ServerSettings{heartbeatFrequencyMS=10000, minHeartbeatFrequencyMS=500, serverListeners='[]', serverMonitorListeners='[]'}, sslSettings=SslSettings{enabled=false, invalidHostNameAllowed=false, context=null}, applicationName='null', compressorList=[], uuidRepresentation=JAVA_LEGACY, serverApi=null, autoEncryptionSettings=null, contextProvider=null}
2025-01-22 10:28:53 [cluster-rtt-ClusterId{value='6790ba551cc9ee74bceddc30', description='null'}-localhost:27017] INFO  org.mongodb.driver.connection - Opened connection [connectionId{localValue:61, serverValue:60}] to localhost:27017
2025-01-22 10:28:53 [cluster-ClusterId{value='6790ba551cc9ee74bceddc30', description='null'}-localhost:27017] INFO  org.mongodb.driver.connection - Opened connection [connectionId{localValue:60, serverValue:61}] to localhost:27017
2025-01-22 10:28:53 [cluster-ClusterId{value='6790ba551cc9ee74bceddc30', description='null'}-localhost:27017] INFO  org.mongodb.driver.cluster - Monitor thread successfully connected to server with description ServerDescription{address=localhost:27017, type=STANDALONE, state=CONNECTED, ok=true, minWireVersion=0, maxWireVersion=21, maxDocumentSize=16777216, logicalSessionTimeoutMinutes=30, roundTripTimeNanos=2399700}
2025-01-22 10:28:54 [restartedMain] DEBUG o.s.d.m.c.i.MongoPersistentEntityIndexCreator - Analyzing class class com.MusicManager.model.Role for index information.
2025-01-22 10:28:54 [restartedMain] INFO  org.mongodb.driver.connection - Opened connection [connectionId{localValue:62, serverValue:62}] to localhost:27017
2025-01-22 10:28:54 [restartedMain] DEBUG o.s.d.m.c.i.MongoPersistentEntityIndexCreator - Analyzing class class com.MusicManager.model.Chanson for index information.
2025-01-22 10:28:54 [restartedMain] DEBUG o.s.d.m.c.i.MongoPersistentEntityIndexCreator - Analyzing class class com.MusicManager.model.Album for index information.
2025-01-22 10:28:54 [restartedMain] DEBUG o.s.d.m.c.i.MongoPersistentEntityIndexCreator - Analyzing class class com.MusicManager.model.User for index information.
2025-01-22 10:28:54 [restartedMain] DEBUG c.M.security.JwtAuthenticationFilter - Filter 'jwtAuthenticationFilter' configured for use
2025-01-22 10:28:54 [restartedMain] INFO  o.s.b.d.a.OptionalLiveReloadServer - LiveReload server is running on port 35729
2025-01-22 10:28:54 [restartedMain] DEBUG o.s.data.mongodb.core.MongoTemplate - Executing count: {} in collection: roles
2025-01-22 10:28:54 [restartedMain] INFO  o.s.s.web.DefaultSecurityFilterChain - Will secure any request with [org.springframework.security.web.session.DisableEncodeUrlFilter@321b6c78, org.springframework.security.web.context.request.async.WebAsyncManagerIntegrationFilter@11dbf54e, org.springframework.security.web.context.SecurityContextPersistenceFilter@3b68e46, org.springframework.security.web.header.HeaderWriterFilter@73881060, org.springframework.security.web.authentication.logout.LogoutFilter@1cadb130, com.MusicManager.security.JwtAuthenticationFilter@7728a96c, org.springframework.security.web.savedrequest.RequestCacheAwareFilter@3aa06ff3, org.springframework.security.web.servletapi.SecurityContextHolderAwareRequestFilter@99863d7, org.springframework.security.web.authentication.AnonymousAuthenticationFilter@14aa6cbc, org.springframework.security.web.session.SessionManagementFilter@3e4200f, org.springframework.security.web.access.ExceptionTranslationFilter@609b268d, org.springframework.security.web.access.intercept.FilterSecurityInterceptor@50df10ed]
2025-01-22 10:28:54 [restartedMain] INFO  o.s.b.a.e.web.EndpointLinksResolver - Exposing 1 endpoint(s) beneath base path '/actuator'
2025-01-22 10:28:54 [restartedMain] INFO  o.s.b.w.e.tomcat.TomcatWebServer - Tomcat started on port(s): 8080 (http) with context path ''
2025-01-22 10:28:54 [restartedMain] INFO  c.M.MusicManagerApplication - Started MusicManagerApplication in 0.586 seconds (JVM running for 4305.09)
2025-01-22 10:28:54 [restartedMain] INFO  o.s.b.d.a.ConditionEvaluationDeltaLoggingListener - Condition evaluation unchanged
2025-01-22 10:29:00 [File Watcher] INFO  o.s.b.d.a.LocalDevToolsAutoConfiguration$RestartingClassPathChangeChangedEventListener - Restarting due to 5 class path changes (0 additions, 0 deletions, 5 modifications)
2025-01-22 10:29:00 [Thread-81] INFO  o.a.catalina.core.StandardService - Stopping service [Tomcat]
2025-01-22 10:29:00 [Thread-81] WARN  o.a.c.loader.WebappClassLoaderBase - The web application [ROOT] appears to have started a thread named [cluster-ClusterId{value='6790ba551cc9ee74bceddc30', description='null'}-localhost:27017] but has failed to stop it. This is very likely to create a memory leak. Stack trace of thread:
 java.base@17.0.12/sun.nio.ch.Net.poll(Native Method)
 java.base@17.0.12/sun.nio.ch.NioSocketImpl.park(NioSocketImpl.java:186)
 java.base@17.0.12/sun.nio.ch.NioSocketImpl.timedRead(NioSocketImpl.java:290)
 java.base@17.0.12/sun.nio.ch.NioSocketImpl.implRead(NioSocketImpl.java:314)
 java.base@17.0.12/sun.nio.ch.NioSocketImpl.read(NioSocketImpl.java:355)
 java.base@17.0.12/sun.nio.ch.NioSocketImpl$1.read(NioSocketImpl.java:808)
 java.base@17.0.12/java.net.Socket$SocketInputStream.read(Socket.java:966)
 app//com.mongodb.internal.connection.SocketStream.read(SocketStream.java:110)
 app//com.mongodb.internal.connection.SocketStream.read(SocketStream.java:135)
 app//com.mongodb.internal.connection.InternalStreamConnection.receiveResponseBuffers(InternalStreamConnection.java:713)
 app//com.mongodb.internal.connection.InternalStreamConnection.receiveMessageWithAdditionalTimeout(InternalStreamConnection.java:571)
 app//com.mongodb.internal.connection.InternalStreamConnection.receiveCommandMessageResponse(InternalStreamConnection.java:410)
 app//com.mongodb.internal.connection.InternalStreamConnection.receive(InternalStreamConnection.java:369)
 app//com.mongodb.internal.connection.DefaultServerMonitor$ServerMonitorRunnable.lookupServerDescription(DefaultServerMonitor.java:221)
 app//com.mongodb.internal.connection.DefaultServerMonitor$ServerMonitorRunnable.run(DefaultServerMonitor.java:157)
 java.base@17.0.12/java.lang.Thread.run(Thread.java:840)
2025-01-22 10:29:00 [Thread-81] WARN  o.a.c.loader.WebappClassLoaderBase - The web application [ROOT] appears to have started a thread named [cluster-rtt-ClusterId{value='6790ba551cc9ee74bceddc30', description='null'}-localhost:27017] but has failed to stop it. This is very likely to create a memory leak. Stack trace of thread:
 java.base@17.0.12/java.lang.Thread.sleep(Native Method)
 app//com.mongodb.internal.connection.DefaultServerMonitor.waitForNext(DefaultServerMonitor.java:443)
 app//com.mongodb.internal.connection.DefaultServerMonitor.access$1500(DefaultServerMonitor.java:64)
 app//com.mongodb.internal.connection.DefaultServerMonitor$RoundTripTimeRunnable.run(DefaultServerMonitor.java:415)
 java.base@17.0.12/java.lang.Thread.run(Thread.java:840)
2025-01-22 10:29:00 [Thread-81] WARN  o.a.c.loader.WebappClassLoaderBase - The web application [ROOT] appears to have started a thread named [MaintenanceTimer-22-thread-1] but has failed to stop it. This is very likely to create a memory leak. Stack trace of thread:
 java.base@17.0.12/jdk.internal.misc.Unsafe.park(Native Method)
 java.base@17.0.12/java.util.concurrent.locks.LockSupport.parkNanos(LockSupport.java:252)
 java.base@17.0.12/java.util.concurrent.locks.AbstractQueuedSynchronizer$ConditionObject.awaitNanos(AbstractQueuedSynchronizer.java:1674)
 java.base@17.0.12/java.util.concurrent.ScheduledThreadPoolExecutor$DelayedWorkQueue.take(ScheduledThreadPoolExecutor.java:1182)
 java.base@17.0.12/java.util.concurrent.ScheduledThreadPoolExecutor$DelayedWorkQueue.take(ScheduledThreadPoolExecutor.java:899)
 java.base@17.0.12/java.util.concurrent.ThreadPoolExecutor.getTask(ThreadPoolExecutor.java:1062)
 java.base@17.0.12/java.util.concurrent.ThreadPoolExecutor.runWorker(ThreadPoolExecutor.java:1122)
 java.base@17.0.12/java.util.concurrent.ThreadPoolExecutor$Worker.run(ThreadPoolExecutor.java:635)
 java.base@17.0.12/java.lang.Thread.run(Thread.java:840)
2025-01-22 10:29:00 [restartedMain] INFO  c.M.MusicManagerApplication - Starting MusicManagerApplication using Java 17.0.12 on LAPTOP-ICGVSVEA with PID 18272 (C:\Users\ycode\Streamify\back-end\target\classes started by ycode in C:\Users\ycode\Streamify\back-end)
2025-01-22 10:29:00 [restartedMain] DEBUG c.M.MusicManagerApplication - Running with Spring Boot v2.7.18, Spring v5.3.31
2025-01-22 10:29:00 [restartedMain] INFO  c.M.MusicManagerApplication - The following 1 profile is active: "prod"
2025-01-22 10:29:01 [restartedMain] INFO  o.s.d.r.c.RepositoryConfigurationDelegate - Bootstrapping Spring Data MongoDB repositories in DEFAULT mode.
2025-01-22 10:29:01 [restartedMain] INFO  o.s.d.r.c.RepositoryConfigurationDelegate - Finished Spring Data repository scanning in 25 ms. Found 4 MongoDB repository interfaces.
2025-01-22 10:29:01 [restartedMain] INFO  o.s.b.w.e.tomcat.TomcatWebServer - Tomcat initialized with port(s): 8080 (http)
2025-01-22 10:29:01 [restartedMain] INFO  o.a.catalina.core.StandardService - Starting service [Tomcat]
2025-01-22 10:29:01 [restartedMain] INFO  o.a.catalina.core.StandardEngine - Starting Servlet engine: [Apache Tomcat/9.0.83]
2025-01-22 10:29:01 [restartedMain] INFO  o.a.c.c.C.[Tomcat-2].[localhost].[/] - Initializing Spring embedded WebApplicationContext
2025-01-22 10:29:01 [restartedMain] INFO  o.s.b.w.s.c.ServletWebServerApplicationContext - Root WebApplicationContext: initialization completed in 417 ms
2025-01-22 10:29:01 [restartedMain] INFO  org.mongodb.driver.client - MongoClient with metadata {"driver": {"name": "mongo-java-driver|sync|spring-boot", "version": "4.6.1"}, "os": {"type": "Windows", "name": "Windows 11", "architecture": "amd64", "version": "10.0"}, "platform": "Java/Eclipse Adoptium/17.0.12+7"} created with settings MongoClientSettings{readPreference=primary, writeConcern=WriteConcern{w=null, wTimeout=null ms, journal=null}, retryWrites=true, retryReads=true, readConcern=ReadConcern{level=null}, credential=null, streamFactoryFactory=null, commandListeners=[io.micrometer.core.instrument.binder.mongodb.MongoMetricsCommandListener@475d4b9a], codecRegistry=ProvidersCodecRegistry{codecProviders=[ValueCodecProvider{}, BsonValueCodecProvider{}, DBRefCodecProvider{}, DBObjectCodecProvider{}, DocumentCodecProvider{}, IterableCodecProvider{}, MapCodecProvider{}, GeoJsonCodecProvider{}, GridFSFileCodecProvider{}, Jsr310CodecProvider{}, JsonObjectCodecProvider{}, BsonCodecProvider{}, EnumCodecProvider{}, com.mongodb.Jep395RecordCodecProvider@aee8437]}, clusterSettings={hosts=[localhost:27017], srvServiceName=mongodb, mode=SINGLE, requiredClusterType=UNKNOWN, requiredReplicaSetName='null', serverSelector='null', clusterListeners='[]', serverSelectionTimeout='30000 ms', localThreshold='30000 ms'}, socketSettings=SocketSettings{connectTimeoutMS=10000, readTimeoutMS=0, receiveBufferSize=0, sendBufferSize=0}, heartbeatSocketSettings=SocketSettings{connectTimeoutMS=10000, readTimeoutMS=10000, receiveBufferSize=0, sendBufferSize=0}, connectionPoolSettings=ConnectionPoolSettings{maxSize=100, minSize=0, maxWaitTimeMS=120000, maxConnectionLifeTimeMS=0, maxConnectionIdleTimeMS=0, maintenanceInitialDelayMS=0, maintenanceFrequencyMS=60000, connectionPoolListeners=[io.micrometer.core.instrument.binder.mongodb.MongoMetricsConnectionPoolListener@83f7d69], maxConnecting=2}, serverSettings=ServerSettings{heartbeatFrequencyMS=10000, minHeartbeatFrequencyMS=500, serverListeners='[]', serverMonitorListeners='[]'}, sslSettings=SslSettings{enabled=false, invalidHostNameAllowed=false, context=null}, applicationName='null', compressorList=[], uuidRepresentation=JAVA_LEGACY, serverApi=null, autoEncryptionSettings=null, contextProvider=null}
2025-01-22 10:29:01 [cluster-rtt-ClusterId{value='6790ba5d1cc9ee74bceddc31', description='null'}-localhost:27017] INFO  org.mongodb.driver.connection - Opened connection [connectionId{localValue:64, serverValue:64}] to localhost:27017
2025-01-22 10:29:01 [cluster-ClusterId{value='6790ba5d1cc9ee74bceddc31', description='null'}-localhost:27017] INFO  org.mongodb.driver.connection - Opened connection [connectionId{localValue:63, serverValue:63}] to localhost:27017
2025-01-22 10:29:01 [cluster-ClusterId{value='6790ba5d1cc9ee74bceddc31', description='null'}-localhost:27017] INFO  org.mongodb.driver.cluster - Monitor thread successfully connected to server with description ServerDescription{address=localhost:27017, type=STANDALONE, state=CONNECTED, ok=true, minWireVersion=0, maxWireVersion=21, maxDocumentSize=16777216, logicalSessionTimeoutMinutes=30, roundTripTimeNanos=1147600}
2025-01-22 10:29:01 [restartedMain] DEBUG o.s.d.m.c.i.MongoPersistentEntityIndexCreator - Analyzing class class com.MusicManager.model.Chanson for index information.
2025-01-22 10:29:01 [restartedMain] DEBUG o.s.d.m.c.i.MongoPersistentEntityIndexCreator - Analyzing class class com.MusicManager.model.User for index information.
2025-01-22 10:29:01 [restartedMain] DEBUG o.s.d.m.c.i.MongoPersistentEntityIndexCreator - Analyzing class class com.MusicManager.model.Album for index information.
2025-01-22 10:29:01 [restartedMain] DEBUG o.s.d.m.c.i.MongoPersistentEntityIndexCreator - Analyzing class class com.MusicManager.model.Role for index information.
2025-01-22 10:29:01 [restartedMain] INFO  org.mongodb.driver.connection - Opened connection [connectionId{localValue:65, serverValue:65}] to localhost:27017
2025-01-22 10:29:01 [restartedMain] DEBUG c.M.security.JwtAuthenticationFilter - Filter 'jwtAuthenticationFilter' configured for use
2025-01-22 10:29:01 [restartedMain] INFO  o.s.b.d.a.OptionalLiveReloadServer - LiveReload server is running on port 35729
2025-01-22 10:29:01 [restartedMain] DEBUG o.s.data.mongodb.core.MongoTemplate - Executing count: {} in collection: roles
2025-01-22 10:29:01 [restartedMain] INFO  o.s.s.web.DefaultSecurityFilterChain - Will secure any request with [org.springframework.security.web.session.DisableEncodeUrlFilter@10bf7a2d, org.springframework.security.web.context.request.async.WebAsyncManagerIntegrationFilter@43b796c3, org.springframework.security.web.context.SecurityContextPersistenceFilter@24fee8cf, org.springframework.security.web.header.HeaderWriterFilter@1aeefc66, org.springframework.security.web.authentication.logout.LogoutFilter@52e9d3ad, com.MusicManager.security.JwtAuthenticationFilter@4a05056e, org.springframework.security.web.savedrequest.RequestCacheAwareFilter@6e922908, org.springframework.security.web.servletapi.SecurityContextHolderAwareRequestFilter@372f570, org.springframework.security.web.authentication.AnonymousAuthenticationFilter@5e3bd698, org.springframework.security.web.session.SessionManagementFilter@1d13fc20, org.springframework.security.web.access.ExceptionTranslationFilter@377fbb3b, org.springframework.security.web.access.intercept.FilterSecurityInterceptor@3e7cf1c8]
2025-01-22 10:29:01 [restartedMain] INFO  o.s.b.a.e.web.EndpointLinksResolver - Exposing 1 endpoint(s) beneath base path '/actuator'
2025-01-22 10:29:01 [restartedMain] INFO  o.s.b.w.e.tomcat.TomcatWebServer - Tomcat started on port(s): 8080 (http) with context path ''
2025-01-22 10:29:01 [restartedMain] INFO  c.M.MusicManagerApplication - Started MusicManagerApplication in 0.775 seconds (JVM running for 4312.493)
2025-01-22 10:29:01 [restartedMain] INFO  o.s.b.d.a.ConditionEvaluationDeltaLoggingListener - Condition evaluation unchanged
2025-01-22 10:29:09 [File Watcher] INFO  o.s.b.d.a.LocalDevToolsAutoConfiguration$RestartingClassPathChangeChangedEventListener - Restarting due to 4 class path changes (0 additions, 0 deletions, 4 modifications)
2025-01-22 10:29:09 [Thread-85] INFO  o.a.catalina.core.StandardService - Stopping service [Tomcat]
2025-01-22 10:29:09 [Thread-85] WARN  o.a.c.loader.WebappClassLoaderBase - The web application [ROOT] appears to have started a thread named [cluster-ClusterId{value='6790ba5d1cc9ee74bceddc31', description='null'}-localhost:27017] but has failed to stop it. This is very likely to create a memory leak. Stack trace of thread:
 java.base@17.0.12/sun.nio.ch.Net.poll(Native Method)
 java.base@17.0.12/sun.nio.ch.NioSocketImpl.park(NioSocketImpl.java:186)
 java.base@17.0.12/sun.nio.ch.NioSocketImpl.timedRead(NioSocketImpl.java:290)
 java.base@17.0.12/sun.nio.ch.NioSocketImpl.implRead(NioSocketImpl.java:314)
 java.base@17.0.12/sun.nio.ch.NioSocketImpl.read(NioSocketImpl.java:355)
 java.base@17.0.12/sun.nio.ch.NioSocketImpl$1.read(NioSocketImpl.java:808)
 java.base@17.0.12/java.net.Socket$SocketInputStream.read(Socket.java:966)
 app//com.mongodb.internal.connection.SocketStream.read(SocketStream.java:110)
 app//com.mongodb.internal.connection.SocketStream.read(SocketStream.java:135)
 app//com.mongodb.internal.connection.InternalStreamConnection.receiveResponseBuffers(InternalStreamConnection.java:713)
 app//com.mongodb.internal.connection.InternalStreamConnection.receiveMessageWithAdditionalTimeout(InternalStreamConnection.java:571)
 app//com.mongodb.internal.connection.InternalStreamConnection.receiveCommandMessageResponse(InternalStreamConnection.java:410)
 app//com.mongodb.internal.connection.InternalStreamConnection.receive(InternalStreamConnection.java:369)
 app//com.mongodb.internal.connection.DefaultServerMonitor$ServerMonitorRunnable.lookupServerDescription(DefaultServerMonitor.java:221)
 app//com.mongodb.internal.connection.DefaultServerMonitor$ServerMonitorRunnable.run(DefaultServerMonitor.java:157)
 java.base@17.0.12/java.lang.Thread.run(Thread.java:840)
2025-01-22 10:29:09 [Thread-85] WARN  o.a.c.loader.WebappClassLoaderBase - The web application [ROOT] appears to have started a thread named [cluster-rtt-ClusterId{value='6790ba5d1cc9ee74bceddc31', description='null'}-localhost:27017] but has failed to stop it. This is very likely to create a memory leak. Stack trace of thread:
 java.base@17.0.12/java.lang.Thread.sleep(Native Method)
 app//com.mongodb.internal.connection.DefaultServerMonitor.waitForNext(DefaultServerMonitor.java:443)
 app//com.mongodb.internal.connection.DefaultServerMonitor.access$1500(DefaultServerMonitor.java:64)
 app//com.mongodb.internal.connection.DefaultServerMonitor$RoundTripTimeRunnable.run(DefaultServerMonitor.java:415)
 java.base@17.0.12/java.lang.Thread.run(Thread.java:840)
2025-01-22 10:29:09 [Thread-85] WARN  o.a.c.loader.WebappClassLoaderBase - The web application [ROOT] appears to have started a thread named [MaintenanceTimer-23-thread-1] but has failed to stop it. This is very likely to create a memory leak. Stack trace of thread:
 java.base@17.0.12/jdk.internal.misc.Unsafe.park(Native Method)
 java.base@17.0.12/java.util.concurrent.locks.LockSupport.parkNanos(LockSupport.java:252)
 java.base@17.0.12/java.util.concurrent.locks.AbstractQueuedSynchronizer$ConditionObject.awaitNanos(AbstractQueuedSynchronizer.java:1674)
 java.base@17.0.12/java.util.concurrent.ScheduledThreadPoolExecutor$DelayedWorkQueue.take(ScheduledThreadPoolExecutor.java:1182)
 java.base@17.0.12/java.util.concurrent.ScheduledThreadPoolExecutor$DelayedWorkQueue.take(ScheduledThreadPoolExecutor.java:899)
 java.base@17.0.12/java.util.concurrent.ThreadPoolExecutor.getTask(ThreadPoolExecutor.java:1062)
 java.base@17.0.12/java.util.concurrent.ThreadPoolExecutor.runWorker(ThreadPoolExecutor.java:1122)
 java.base@17.0.12/java.util.concurrent.ThreadPoolExecutor$Worker.run(ThreadPoolExecutor.java:635)
 java.base@17.0.12/java.lang.Thread.run(Thread.java:840)
2025-01-22 10:29:09 [restartedMain] INFO  c.M.MusicManagerApplication - Starting MusicManagerApplication using Java 17.0.12 on LAPTOP-ICGVSVEA with PID 18272 (C:\Users\ycode\Streamify\back-end\target\classes started by ycode in C:\Users\ycode\Streamify\back-end)
2025-01-22 10:29:09 [restartedMain] DEBUG c.M.MusicManagerApplication - Running with Spring Boot v2.7.18, Spring v5.3.31
2025-01-22 10:29:09 [restartedMain] INFO  c.M.MusicManagerApplication - The following 1 profile is active: "prod"
2025-01-22 10:29:09 [restartedMain] INFO  o.s.d.r.c.RepositoryConfigurationDelegate - Bootstrapping Spring Data MongoDB repositories in DEFAULT mode.
2025-01-22 10:29:09 [restartedMain] INFO  o.s.d.r.c.RepositoryConfigurationDelegate - Finished Spring Data repository scanning in 18 ms. Found 4 MongoDB repository interfaces.
2025-01-22 10:29:09 [restartedMain] INFO  o.s.b.w.e.tomcat.TomcatWebServer - Tomcat initialized with port(s): 8080 (http)
2025-01-22 10:29:09 [restartedMain] INFO  o.a.catalina.core.StandardService - Starting service [Tomcat]
2025-01-22 10:29:09 [restartedMain] INFO  o.a.catalina.core.StandardEngine - Starting Servlet engine: [Apache Tomcat/9.0.83]
2025-01-22 10:29:09 [restartedMain] INFO  o.a.c.c.C.[Tomcat-2].[localhost].[/] - Initializing Spring embedded WebApplicationContext
2025-01-22 10:29:09 [restartedMain] INFO  o.s.b.w.s.c.ServletWebServerApplicationContext - Root WebApplicationContext: initialization completed in 292 ms
2025-01-22 10:29:09 [restartedMain] INFO  org.mongodb.driver.client - MongoClient with metadata {"driver": {"name": "mongo-java-driver|sync|spring-boot", "version": "4.6.1"}, "os": {"type": "Windows", "name": "Windows 11", "architecture": "amd64", "version": "10.0"}, "platform": "Java/Eclipse Adoptium/17.0.12+7"} created with settings MongoClientSettings{readPreference=primary, writeConcern=WriteConcern{w=null, wTimeout=null ms, journal=null}, retryWrites=true, retryReads=true, readConcern=ReadConcern{level=null}, credential=null, streamFactoryFactory=null, commandListeners=[io.micrometer.core.instrument.binder.mongodb.MongoMetricsCommandListener@3a2d4930], codecRegistry=ProvidersCodecRegistry{codecProviders=[ValueCodecProvider{}, BsonValueCodecProvider{}, DBRefCodecProvider{}, DBObjectCodecProvider{}, DocumentCodecProvider{}, IterableCodecProvider{}, MapCodecProvider{}, GeoJsonCodecProvider{}, GridFSFileCodecProvider{}, Jsr310CodecProvider{}, JsonObjectCodecProvider{}, BsonCodecProvider{}, EnumCodecProvider{}, com.mongodb.Jep395RecordCodecProvider@aee8437]}, clusterSettings={hosts=[localhost:27017], srvServiceName=mongodb, mode=SINGLE, requiredClusterType=UNKNOWN, requiredReplicaSetName='null', serverSelector='null', clusterListeners='[]', serverSelectionTimeout='30000 ms', localThreshold='30000 ms'}, socketSettings=SocketSettings{connectTimeoutMS=10000, readTimeoutMS=0, receiveBufferSize=0, sendBufferSize=0}, heartbeatSocketSettings=SocketSettings{connectTimeoutMS=10000, readTimeoutMS=10000, receiveBufferSize=0, sendBufferSize=0}, connectionPoolSettings=ConnectionPoolSettings{maxSize=100, minSize=0, maxWaitTimeMS=120000, maxConnectionLifeTimeMS=0, maxConnectionIdleTimeMS=0, maintenanceInitialDelayMS=0, maintenanceFrequencyMS=60000, connectionPoolListeners=[io.micrometer.core.instrument.binder.mongodb.MongoMetricsConnectionPoolListener@48a027f1], maxConnecting=2}, serverSettings=ServerSettings{heartbeatFrequencyMS=10000, minHeartbeatFrequencyMS=500, serverListeners='[]', serverMonitorListeners='[]'}, sslSettings=SslSettings{enabled=false, invalidHostNameAllowed=false, context=null}, applicationName='null', compressorList=[], uuidRepresentation=JAVA_LEGACY, serverApi=null, autoEncryptionSettings=null, contextProvider=null}
2025-01-22 10:29:09 [cluster-rtt-ClusterId{value='6790ba651cc9ee74bceddc32', description='null'}-localhost:27017] INFO  org.mongodb.driver.connection - Opened connection [connectionId{localValue:66, serverValue:67}] to localhost:27017
2025-01-22 10:29:09 [cluster-ClusterId{value='6790ba651cc9ee74bceddc32', description='null'}-localhost:27017] INFO  org.mongodb.driver.connection - Opened connection [connectionId{localValue:67, serverValue:66}] to localhost:27017
2025-01-22 10:29:09 [cluster-ClusterId{value='6790ba651cc9ee74bceddc32', description='null'}-localhost:27017] INFO  org.mongodb.driver.cluster - Monitor thread successfully connected to server with description ServerDescription{address=localhost:27017, type=STANDALONE, state=CONNECTED, ok=true, minWireVersion=0, maxWireVersion=21, maxDocumentSize=16777216, logicalSessionTimeoutMinutes=30, roundTripTimeNanos=1144300}
2025-01-22 10:29:10 [restartedMain] DEBUG o.s.d.m.c.i.MongoPersistentEntityIndexCreator - Analyzing class class com.MusicManager.model.User for index information.
2025-01-22 10:29:10 [restartedMain] DEBUG o.s.d.m.c.i.MongoPersistentEntityIndexCreator - Analyzing class class com.MusicManager.model.Album for index information.
2025-01-22 10:29:10 [restartedMain] DEBUG o.s.d.m.c.i.MongoPersistentEntityIndexCreator - Analyzing class class com.MusicManager.model.Chanson for index information.
2025-01-22 10:29:10 [restartedMain] DEBUG o.s.d.m.c.i.MongoPersistentEntityIndexCreator - Analyzing class class com.MusicManager.model.Role for index information.
2025-01-22 10:29:10 [restartedMain] INFO  org.mongodb.driver.connection - Opened connection [connectionId{localValue:68, serverValue:68}] to localhost:27017
2025-01-22 10:29:10 [restartedMain] DEBUG c.M.security.JwtAuthenticationFilter - Filter 'jwtAuthenticationFilter' configured for use
2025-01-22 10:29:10 [restartedMain] INFO  o.s.b.d.a.OptionalLiveReloadServer - LiveReload server is running on port 35729
2025-01-22 10:29:10 [restartedMain] DEBUG o.s.data.mongodb.core.MongoTemplate - Executing count: {} in collection: roles
2025-01-22 10:29:10 [restartedMain] INFO  o.s.s.web.DefaultSecurityFilterChain - Will secure any request with [org.springframework.security.web.session.DisableEncodeUrlFilter@2cf07ef3, org.springframework.security.web.context.request.async.WebAsyncManagerIntegrationFilter@1c53e619, org.springframework.security.web.context.SecurityContextPersistenceFilter@5a304a1, org.springframework.security.web.header.HeaderWriterFilter@3b73691d, org.springframework.security.web.authentication.logout.LogoutFilter@461d46be, com.MusicManager.security.JwtAuthenticationFilter@1a33477f, org.springframework.security.web.savedrequest.RequestCacheAwareFilter@7a06d5fd, org.springframework.security.web.servletapi.SecurityContextHolderAwareRequestFilter@5a9d6021, org.springframework.security.web.authentication.AnonymousAuthenticationFilter@6cc2532e, org.springframework.security.web.session.SessionManagementFilter@7d6f8ea7, org.springframework.security.web.access.ExceptionTranslationFilter@574513e3, org.springframework.security.web.access.intercept.FilterSecurityInterceptor@5cf4f72e]
2025-01-22 10:29:10 [restartedMain] INFO  o.s.b.a.e.web.EndpointLinksResolver - Exposing 1 endpoint(s) beneath base path '/actuator'
2025-01-22 10:29:10 [restartedMain] INFO  o.s.b.w.e.tomcat.TomcatWebServer - Tomcat started on port(s): 8080 (http) with context path ''
2025-01-22 10:29:10 [restartedMain] INFO  c.M.MusicManagerApplication - Started MusicManagerApplication in 0.61 seconds (JVM running for 4321.148)
2025-01-22 10:29:10 [restartedMain] INFO  o.s.b.d.a.ConditionEvaluationDeltaLoggingListener - Condition evaluation unchanged
2025-01-22 10:29:16 [File Watcher] INFO  o.s.b.d.a.LocalDevToolsAutoConfiguration$RestartingClassPathChangeChangedEventListener - Restarting due to 4 class path changes (0 additions, 0 deletions, 4 modifications)
2025-01-22 10:29:16 [Thread-89] INFO  o.a.catalina.core.StandardService - Stopping service [Tomcat]
2025-01-22 10:29:16 [Thread-89] WARN  o.a.c.loader.WebappClassLoaderBase - The web application [ROOT] appears to have started a thread named [cluster-ClusterId{value='6790ba651cc9ee74bceddc32', description='null'}-localhost:27017] but has failed to stop it. This is very likely to create a memory leak. Stack trace of thread:
 java.base@17.0.12/sun.nio.ch.Net.poll(Native Method)
 java.base@17.0.12/sun.nio.ch.NioSocketImpl.park(NioSocketImpl.java:186)
 java.base@17.0.12/sun.nio.ch.NioSocketImpl.timedRead(NioSocketImpl.java:290)
 java.base@17.0.12/sun.nio.ch.NioSocketImpl.implRead(NioSocketImpl.java:314)
 java.base@17.0.12/sun.nio.ch.NioSocketImpl.read(NioSocketImpl.java:355)
 java.base@17.0.12/sun.nio.ch.NioSocketImpl$1.read(NioSocketImpl.java:808)
 java.base@17.0.12/java.net.Socket$SocketInputStream.read(Socket.java:966)
 app//com.mongodb.internal.connection.SocketStream.read(SocketStream.java:110)
 app//com.mongodb.internal.connection.SocketStream.read(SocketStream.java:135)
 app//com.mongodb.internal.connection.InternalStreamConnection.receiveResponseBuffers(InternalStreamConnection.java:713)
 app//com.mongodb.internal.connection.InternalStreamConnection.receiveMessageWithAdditionalTimeout(InternalStreamConnection.java:571)
 app//com.mongodb.internal.connection.InternalStreamConnection.receiveCommandMessageResponse(InternalStreamConnection.java:410)
 app//com.mongodb.internal.connection.InternalStreamConnection.receive(InternalStreamConnection.java:369)
 app//com.mongodb.internal.connection.DefaultServerMonitor$ServerMonitorRunnable.lookupServerDescription(DefaultServerMonitor.java:221)
 app//com.mongodb.internal.connection.DefaultServerMonitor$ServerMonitorRunnable.run(DefaultServerMonitor.java:157)
 java.base@17.0.12/java.lang.Thread.run(Thread.java:840)
2025-01-22 10:29:16 [Thread-89] WARN  o.a.c.loader.WebappClassLoaderBase - The web application [ROOT] appears to have started a thread named [cluster-rtt-ClusterId{value='6790ba651cc9ee74bceddc32', description='null'}-localhost:27017] but has failed to stop it. This is very likely to create a memory leak. Stack trace of thread:
 java.base@17.0.12/java.lang.Thread.sleep(Native Method)
 app//com.mongodb.internal.connection.DefaultServerMonitor.waitForNext(DefaultServerMonitor.java:443)
 app//com.mongodb.internal.connection.DefaultServerMonitor.access$1500(DefaultServerMonitor.java:64)
 app//com.mongodb.internal.connection.DefaultServerMonitor$RoundTripTimeRunnable.run(DefaultServerMonitor.java:415)
 java.base@17.0.12/java.lang.Thread.run(Thread.java:840)
2025-01-22 10:29:16 [Thread-89] WARN  o.a.c.loader.WebappClassLoaderBase - The web application [ROOT] appears to have started a thread named [MaintenanceTimer-24-thread-1] but has failed to stop it. This is very likely to create a memory leak. Stack trace of thread:
 java.base@17.0.12/jdk.internal.misc.Unsafe.park(Native Method)
 java.base@17.0.12/java.util.concurrent.locks.LockSupport.parkNanos(LockSupport.java:252)
 java.base@17.0.12/java.util.concurrent.locks.AbstractQueuedSynchronizer$ConditionObject.awaitNanos(AbstractQueuedSynchronizer.java:1674)
 java.base@17.0.12/java.util.concurrent.ScheduledThreadPoolExecutor$DelayedWorkQueue.take(ScheduledThreadPoolExecutor.java:1182)
 java.base@17.0.12/java.util.concurrent.ScheduledThreadPoolExecutor$DelayedWorkQueue.take(ScheduledThreadPoolExecutor.java:899)
 java.base@17.0.12/java.util.concurrent.ThreadPoolExecutor.getTask(ThreadPoolExecutor.java:1062)
 java.base@17.0.12/java.util.concurrent.ThreadPoolExecutor.runWorker(ThreadPoolExecutor.java:1122)
 java.base@17.0.12/java.util.concurrent.ThreadPoolExecutor$Worker.run(ThreadPoolExecutor.java:635)
 java.base@17.0.12/java.lang.Thread.run(Thread.java:840)
2025-01-22 10:29:16 [restartedMain] INFO  c.M.MusicManagerApplication - Starting MusicManagerApplication using Java 17.0.12 on LAPTOP-ICGVSVEA with PID 18272 (C:\Users\ycode\Streamify\back-end\target\classes started by ycode in C:\Users\ycode\Streamify\back-end)
2025-01-22 10:29:16 [restartedMain] DEBUG c.M.MusicManagerApplication - Running with Spring Boot v2.7.18, Spring v5.3.31
2025-01-22 10:29:16 [restartedMain] INFO  c.M.MusicManagerApplication - The following 1 profile is active: "prod"
2025-01-22 10:29:17 [restartedMain] INFO  o.s.d.r.c.RepositoryConfigurationDelegate - Bootstrapping Spring Data MongoDB repositories in DEFAULT mode.
2025-01-22 10:29:17 [restartedMain] INFO  o.s.d.r.c.RepositoryConfigurationDelegate - Finished Spring Data repository scanning in 20 ms. Found 4 MongoDB repository interfaces.
2025-01-22 10:29:17 [restartedMain] INFO  o.s.b.w.e.tomcat.TomcatWebServer - Tomcat initialized with port(s): 8080 (http)
2025-01-22 10:29:17 [restartedMain] INFO  o.a.catalina.core.StandardService - Starting service [Tomcat]
2025-01-22 10:29:17 [restartedMain] INFO  o.a.catalina.core.StandardEngine - Starting Servlet engine: [Apache Tomcat/9.0.83]
2025-01-22 10:29:17 [restartedMain] INFO  o.a.c.c.C.[Tomcat-2].[localhost].[/] - Initializing Spring embedded WebApplicationContext
2025-01-22 10:29:17 [restartedMain] INFO  o.s.b.w.s.c.ServletWebServerApplicationContext - Root WebApplicationContext: initialization completed in 287 ms
2025-01-22 10:29:17 [restartedMain] INFO  org.mongodb.driver.client - MongoClient with metadata {"driver": {"name": "mongo-java-driver|sync|spring-boot", "version": "4.6.1"}, "os": {"type": "Windows", "name": "Windows 11", "architecture": "amd64", "version": "10.0"}, "platform": "Java/Eclipse Adoptium/17.0.12+7"} created with settings MongoClientSettings{readPreference=primary, writeConcern=WriteConcern{w=null, wTimeout=null ms, journal=null}, retryWrites=true, retryReads=true, readConcern=ReadConcern{level=null}, credential=null, streamFactoryFactory=null, commandListeners=[io.micrometer.core.instrument.binder.mongodb.MongoMetricsCommandListener@324b3de1], codecRegistry=ProvidersCodecRegistry{codecProviders=[ValueCodecProvider{}, BsonValueCodecProvider{}, DBRefCodecProvider{}, DBObjectCodecProvider{}, DocumentCodecProvider{}, IterableCodecProvider{}, MapCodecProvider{}, GeoJsonCodecProvider{}, GridFSFileCodecProvider{}, Jsr310CodecProvider{}, JsonObjectCodecProvider{}, BsonCodecProvider{}, EnumCodecProvider{}, com.mongodb.Jep395RecordCodecProvider@aee8437]}, clusterSettings={hosts=[localhost:27017], srvServiceName=mongodb, mode=SINGLE, requiredClusterType=UNKNOWN, requiredReplicaSetName='null', serverSelector='null', clusterListeners='[]', serverSelectionTimeout='30000 ms', localThreshold='30000 ms'}, socketSettings=SocketSettings{connectTimeoutMS=10000, readTimeoutMS=0, receiveBufferSize=0, sendBufferSize=0}, heartbeatSocketSettings=SocketSettings{connectTimeoutMS=10000, readTimeoutMS=10000, receiveBufferSize=0, sendBufferSize=0}, connectionPoolSettings=ConnectionPoolSettings{maxSize=100, minSize=0, maxWaitTimeMS=120000, maxConnectionLifeTimeMS=0, maxConnectionIdleTimeMS=0, maintenanceInitialDelayMS=0, maintenanceFrequencyMS=60000, connectionPoolListeners=[io.micrometer.core.instrument.binder.mongodb.MongoMetricsConnectionPoolListener@2e0c756b], maxConnecting=2}, serverSettings=ServerSettings{heartbeatFrequencyMS=10000, minHeartbeatFrequencyMS=500, serverListeners='[]', serverMonitorListeners='[]'}, sslSettings=SslSettings{enabled=false, invalidHostNameAllowed=false, context=null}, applicationName='null', compressorList=[], uuidRepresentation=JAVA_LEGACY, serverApi=null, autoEncryptionSettings=null, contextProvider=null}
2025-01-22 10:29:17 [cluster-rtt-ClusterId{value='6790ba6d1cc9ee74bceddc33', description='null'}-localhost:27017] INFO  org.mongodb.driver.connection - Opened connection [connectionId{localValue:70, serverValue:70}] to localhost:27017
2025-01-22 10:29:17 [cluster-ClusterId{value='6790ba6d1cc9ee74bceddc33', description='null'}-localhost:27017] INFO  org.mongodb.driver.connection - Opened connection [connectionId{localValue:69, serverValue:69}] to localhost:27017
2025-01-22 10:29:17 [cluster-ClusterId{value='6790ba6d1cc9ee74bceddc33', description='null'}-localhost:27017] INFO  org.mongodb.driver.cluster - Monitor thread successfully connected to server with description ServerDescription{address=localhost:27017, type=STANDALONE, state=CONNECTED, ok=true, minWireVersion=0, maxWireVersion=21, maxDocumentSize=16777216, logicalSessionTimeoutMinutes=30, roundTripTimeNanos=1103800}
2025-01-22 10:29:17 [restartedMain] DEBUG o.s.d.m.c.i.MongoPersistentEntityIndexCreator - Analyzing class class com.MusicManager.model.Album for index information.
2025-01-22 10:29:17 [restartedMain] DEBUG o.s.d.m.c.i.MongoPersistentEntityIndexCreator - Analyzing class class com.MusicManager.model.User for index information.
2025-01-22 10:29:17 [restartedMain] DEBUG o.s.d.m.c.i.MongoPersistentEntityIndexCreator - Analyzing class class com.MusicManager.model.Role for index information.
2025-01-22 10:29:17 [restartedMain] INFO  org.mongodb.driver.connection - Opened connection [connectionId{localValue:71, serverValue:71}] to localhost:27017
2025-01-22 10:29:17 [restartedMain] DEBUG o.s.d.m.c.i.MongoPersistentEntityIndexCreator - Analyzing class class com.MusicManager.model.Chanson for index information.
2025-01-22 10:29:17 [restartedMain] DEBUG c.M.security.JwtAuthenticationFilter - Filter 'jwtAuthenticationFilter' configured for use
2025-01-22 10:29:17 [restartedMain] INFO  o.s.b.d.a.OptionalLiveReloadServer - LiveReload server is running on port 35729
2025-01-22 10:29:17 [restartedMain] DEBUG o.s.data.mongodb.core.MongoTemplate - Executing count: {} in collection: roles
2025-01-22 10:29:17 [restartedMain] INFO  o.s.s.web.DefaultSecurityFilterChain - Will secure any request with [org.springframework.security.web.session.DisableEncodeUrlFilter@494cceeb, org.springframework.security.web.context.request.async.WebAsyncManagerIntegrationFilter@787f2ddf, org.springframework.security.web.context.SecurityContextPersistenceFilter@45c01bb9, org.springframework.security.web.header.HeaderWriterFilter@67749a09, org.springframework.security.web.authentication.logout.LogoutFilter@7cf1dad8, com.MusicManager.security.JwtAuthenticationFilter@28bbe434, org.springframework.security.web.savedrequest.RequestCacheAwareFilter@594ee106, org.springframework.security.web.servletapi.SecurityContextHolderAwareRequestFilter@1a298cf4, org.springframework.security.web.authentication.AnonymousAuthenticationFilter@21bc6865, org.springframework.security.web.session.SessionManagementFilter@781b7709, org.springframework.security.web.access.ExceptionTranslationFilter@32d5d8e7, org.springframework.security.web.access.intercept.FilterSecurityInterceptor@4ee19a0c]
2025-01-22 10:29:17 [restartedMain] INFO  o.s.b.a.e.web.EndpointLinksResolver - Exposing 1 endpoint(s) beneath base path '/actuator'
2025-01-22 10:29:17 [restartedMain] INFO  o.s.b.w.e.tomcat.TomcatWebServer - Tomcat started on port(s): 8080 (http) with context path ''
2025-01-22 10:29:17 [restartedMain] INFO  c.M.MusicManagerApplication - Started MusicManagerApplication in 0.498 seconds (JVM running for 4328.272)
2025-01-22 10:29:17 [restartedMain] INFO  o.s.b.d.a.ConditionEvaluationDeltaLoggingListener - Condition evaluation unchanged
2025-01-22 10:29:21 [File Watcher] INFO  o.s.b.d.a.LocalDevToolsAutoConfiguration$RestartingClassPathChangeChangedEventListener - Restarting due to 4 class path changes (0 additions, 0 deletions, 4 modifications)
2025-01-22 10:29:21 [Thread-93] INFO  o.a.catalina.core.StandardService - Stopping service [Tomcat]
2025-01-22 10:29:21 [Thread-93] WARN  o.a.c.loader.WebappClassLoaderBase - The web application [ROOT] appears to have started a thread named [cluster-ClusterId{value='6790ba6d1cc9ee74bceddc33', description='null'}-localhost:27017] but has failed to stop it. This is very likely to create a memory leak. Stack trace of thread:
 java.base@17.0.12/sun.nio.ch.Net.poll(Native Method)
 java.base@17.0.12/sun.nio.ch.NioSocketImpl.park(NioSocketImpl.java:186)
 java.base@17.0.12/sun.nio.ch.NioSocketImpl.timedRead(NioSocketImpl.java:290)
 java.base@17.0.12/sun.nio.ch.NioSocketImpl.implRead(NioSocketImpl.java:314)
 java.base@17.0.12/sun.nio.ch.NioSocketImpl.read(NioSocketImpl.java:355)
 java.base@17.0.12/sun.nio.ch.NioSocketImpl$1.read(NioSocketImpl.java:808)
 java.base@17.0.12/java.net.Socket$SocketInputStream.read(Socket.java:966)
 app//com.mongodb.internal.connection.SocketStream.read(SocketStream.java:110)
 app//com.mongodb.internal.connection.SocketStream.read(SocketStream.java:135)
 app//com.mongodb.internal.connection.InternalStreamConnection.receiveResponseBuffers(InternalStreamConnection.java:713)
 app//com.mongodb.internal.connection.InternalStreamConnection.receiveMessageWithAdditionalTimeout(InternalStreamConnection.java:571)
 app//com.mongodb.internal.connection.InternalStreamConnection.receiveCommandMessageResponse(InternalStreamConnection.java:410)
 app//com.mongodb.internal.connection.InternalStreamConnection.receive(InternalStreamConnection.java:369)
 app//com.mongodb.internal.connection.DefaultServerMonitor$ServerMonitorRunnable.lookupServerDescription(DefaultServerMonitor.java:221)
 app//com.mongodb.internal.connection.DefaultServerMonitor$ServerMonitorRunnable.run(DefaultServerMonitor.java:157)
 java.base@17.0.12/java.lang.Thread.run(Thread.java:840)
2025-01-22 10:29:21 [Thread-93] WARN  o.a.c.loader.WebappClassLoaderBase - The web application [ROOT] appears to have started a thread named [cluster-rtt-ClusterId{value='6790ba6d1cc9ee74bceddc33', description='null'}-localhost:27017] but has failed to stop it. This is very likely to create a memory leak. Stack trace of thread:
 java.base@17.0.12/java.lang.Thread.sleep(Native Method)
 app//com.mongodb.internal.connection.DefaultServerMonitor.waitForNext(DefaultServerMonitor.java:443)
 app//com.mongodb.internal.connection.DefaultServerMonitor.access$1500(DefaultServerMonitor.java:64)
 app//com.mongodb.internal.connection.DefaultServerMonitor$RoundTripTimeRunnable.run(DefaultServerMonitor.java:415)
 java.base@17.0.12/java.lang.Thread.run(Thread.java:840)
2025-01-22 10:29:21 [Thread-93] WARN  o.a.c.loader.WebappClassLoaderBase - The web application [ROOT] appears to have started a thread named [MaintenanceTimer-25-thread-1] but has failed to stop it. This is very likely to create a memory leak. Stack trace of thread:
 java.base@17.0.12/jdk.internal.misc.Unsafe.park(Native Method)
 java.base@17.0.12/java.util.concurrent.locks.LockSupport.parkNanos(LockSupport.java:252)
 java.base@17.0.12/java.util.concurrent.locks.AbstractQueuedSynchronizer$ConditionObject.awaitNanos(AbstractQueuedSynchronizer.java:1674)
 java.base@17.0.12/java.util.concurrent.ScheduledThreadPoolExecutor$DelayedWorkQueue.take(ScheduledThreadPoolExecutor.java:1182)
 java.base@17.0.12/java.util.concurrent.ScheduledThreadPoolExecutor$DelayedWorkQueue.take(ScheduledThreadPoolExecutor.java:899)
 java.base@17.0.12/java.util.concurrent.ThreadPoolExecutor.getTask(ThreadPoolExecutor.java:1062)
 java.base@17.0.12/java.util.concurrent.ThreadPoolExecutor.runWorker(ThreadPoolExecutor.java:1122)
 java.base@17.0.12/java.util.concurrent.ThreadPoolExecutor$Worker.run(ThreadPoolExecutor.java:635)
 java.base@17.0.12/java.lang.Thread.run(Thread.java:840)
2025-01-22 10:29:21 [restartedMain] INFO  c.M.MusicManagerApplication - Starting MusicManagerApplication using Java 17.0.12 on LAPTOP-ICGVSVEA with PID 18272 (C:\Users\ycode\Streamify\back-end\target\classes started by ycode in C:\Users\ycode\Streamify\back-end)
2025-01-22 10:29:21 [restartedMain] DEBUG c.M.MusicManagerApplication - Running with Spring Boot v2.7.18, Spring v5.3.31
2025-01-22 10:29:21 [restartedMain] INFO  c.M.MusicManagerApplication - The following 1 profile is active: "prod"
2025-01-22 10:29:22 [restartedMain] INFO  o.s.d.r.c.RepositoryConfigurationDelegate - Bootstrapping Spring Data MongoDB repositories in DEFAULT mode.
2025-01-22 10:29:22 [restartedMain] INFO  o.s.d.r.c.RepositoryConfigurationDelegate - Finished Spring Data repository scanning in 24 ms. Found 4 MongoDB repository interfaces.
2025-01-22 10:29:22 [restartedMain] INFO  o.s.b.w.e.tomcat.TomcatWebServer - Tomcat initialized with port(s): 8080 (http)
2025-01-22 10:29:22 [restartedMain] INFO  o.a.catalina.core.StandardService - Starting service [Tomcat]
2025-01-22 10:29:22 [restartedMain] INFO  o.a.catalina.core.StandardEngine - Starting Servlet engine: [Apache Tomcat/9.0.83]
2025-01-22 10:29:22 [restartedMain] INFO  o.a.c.c.C.[Tomcat-2].[localhost].[/] - Initializing Spring embedded WebApplicationContext
2025-01-22 10:29:22 [restartedMain] INFO  o.s.b.w.s.c.ServletWebServerApplicationContext - Root WebApplicationContext: initialization completed in 381 ms
2025-01-22 10:29:22 [restartedMain] INFO  org.mongodb.driver.client - MongoClient with metadata {"driver": {"name": "mongo-java-driver|sync|spring-boot", "version": "4.6.1"}, "os": {"type": "Windows", "name": "Windows 11", "architecture": "amd64", "version": "10.0"}, "platform": "Java/Eclipse Adoptium/17.0.12+7"} created with settings MongoClientSettings{readPreference=primary, writeConcern=WriteConcern{w=null, wTimeout=null ms, journal=null}, retryWrites=true, retryReads=true, readConcern=ReadConcern{level=null}, credential=null, streamFactoryFactory=null, commandListeners=[io.micrometer.core.instrument.binder.mongodb.MongoMetricsCommandListener@6228d8bd], codecRegistry=ProvidersCodecRegistry{codecProviders=[ValueCodecProvider{}, BsonValueCodecProvider{}, DBRefCodecProvider{}, DBObjectCodecProvider{}, DocumentCodecProvider{}, IterableCodecProvider{}, MapCodecProvider{}, GeoJsonCodecProvider{}, GridFSFileCodecProvider{}, Jsr310CodecProvider{}, JsonObjectCodecProvider{}, BsonCodecProvider{}, EnumCodecProvider{}, com.mongodb.Jep395RecordCodecProvider@aee8437]}, clusterSettings={hosts=[localhost:27017], srvServiceName=mongodb, mode=SINGLE, requiredClusterType=UNKNOWN, requiredReplicaSetName='null', serverSelector='null', clusterListeners='[]', serverSelectionTimeout='30000 ms', localThreshold='30000 ms'}, socketSettings=SocketSettings{connectTimeoutMS=10000, readTimeoutMS=0, receiveBufferSize=0, sendBufferSize=0}, heartbeatSocketSettings=SocketSettings{connectTimeoutMS=10000, readTimeoutMS=10000, receiveBufferSize=0, sendBufferSize=0}, connectionPoolSettings=ConnectionPoolSettings{maxSize=100, minSize=0, maxWaitTimeMS=120000, maxConnectionLifeTimeMS=0, maxConnectionIdleTimeMS=0, maintenanceInitialDelayMS=0, maintenanceFrequencyMS=60000, connectionPoolListeners=[io.micrometer.core.instrument.binder.mongodb.MongoMetricsConnectionPoolListener@6d186ca6], maxConnecting=2}, serverSettings=ServerSettings{heartbeatFrequencyMS=10000, minHeartbeatFrequencyMS=500, serverListeners='[]', serverMonitorListeners='[]'}, sslSettings=SslSettings{enabled=false, invalidHostNameAllowed=false, context=null}, applicationName='null', compressorList=[], uuidRepresentation=JAVA_LEGACY, serverApi=null, autoEncryptionSettings=null, contextProvider=null}
2025-01-22 10:29:22 [cluster-rtt-ClusterId{value='6790ba721cc9ee74bceddc34', description='null'}-localhost:27017] INFO  org.mongodb.driver.connection - Opened connection [connectionId{localValue:73, serverValue:72}] to localhost:27017
2025-01-22 10:29:22 [cluster-ClusterId{value='6790ba721cc9ee74bceddc34', description='null'}-localhost:27017] INFO  org.mongodb.driver.connection - Opened connection [connectionId{localValue:72, serverValue:73}] to localhost:27017
2025-01-22 10:29:22 [cluster-ClusterId{value='6790ba721cc9ee74bceddc34', description='null'}-localhost:27017] INFO  org.mongodb.driver.cluster - Monitor thread successfully connected to server with description ServerDescription{address=localhost:27017, type=STANDALONE, state=CONNECTED, ok=true, minWireVersion=0, maxWireVersion=21, maxDocumentSize=16777216, logicalSessionTimeoutMinutes=30, roundTripTimeNanos=922800}
2025-01-22 10:29:22 [restartedMain] DEBUG o.s.d.m.c.i.MongoPersistentEntityIndexCreator - Analyzing class class com.MusicManager.model.Album for index information.
2025-01-22 10:29:22 [restartedMain] DEBUG o.s.d.m.c.i.MongoPersistentEntityIndexCreator - Analyzing class class com.MusicManager.model.Chanson for index information.
2025-01-22 10:29:22 [restartedMain] DEBUG o.s.d.m.c.i.MongoPersistentEntityIndexCreator - Analyzing class class com.MusicManager.model.Role for index information.
2025-01-22 10:29:22 [restartedMain] INFO  org.mongodb.driver.connection - Opened connection [connectionId{localValue:74, serverValue:74}] to localhost:27017
2025-01-22 10:29:22 [restartedMain] DEBUG o.s.d.m.c.i.MongoPersistentEntityIndexCreator - Analyzing class class com.MusicManager.model.User for index information.
2025-01-22 10:29:22 [restartedMain] DEBUG c.M.security.JwtAuthenticationFilter - Filter 'jwtAuthenticationFilter' configured for use
2025-01-22 10:29:22 [restartedMain] INFO  o.s.b.d.a.OptionalLiveReloadServer - LiveReload server is running on port 35729
2025-01-22 10:29:22 [restartedMain] DEBUG o.s.data.mongodb.core.MongoTemplate - Executing count: {} in collection: roles
2025-01-22 10:29:22 [restartedMain] INFO  o.s.s.web.DefaultSecurityFilterChain - Will secure any request with [org.springframework.security.web.session.DisableEncodeUrlFilter@7fe4dcf4, org.springframework.security.web.context.request.async.WebAsyncManagerIntegrationFilter@5d3162fa, org.springframework.security.web.context.SecurityContextPersistenceFilter@52391df4, org.springframework.security.web.header.HeaderWriterFilter@6bbfaad3, org.springframework.security.web.authentication.logout.LogoutFilter@211d26f3, com.MusicManager.security.JwtAuthenticationFilter@266234a5, org.springframework.security.web.savedrequest.RequestCacheAwareFilter@6a46ebad, org.springframework.security.web.servletapi.SecurityContextHolderAwareRequestFilter@7cb92d04, org.springframework.security.web.authentication.AnonymousAuthenticationFilter@7add63e4, org.springframework.security.web.session.SessionManagementFilter@7817e714, org.springframework.security.web.access.ExceptionTranslationFilter@685a03b5, org.springframework.security.web.access.intercept.FilterSecurityInterceptor@12565f7d]
2025-01-22 10:29:22 [restartedMain] INFO  o.s.b.a.e.web.EndpointLinksResolver - Exposing 1 endpoint(s) beneath base path '/actuator'
2025-01-22 10:29:22 [restartedMain] INFO  o.s.b.w.e.tomcat.TomcatWebServer - Tomcat started on port(s): 8080 (http) with context path ''
2025-01-22 10:29:22 [restartedMain] INFO  c.M.MusicManagerApplication - Started MusicManagerApplication in 0.634 seconds (JVM running for 4333.482)
2025-01-22 10:29:22 [restartedMain] INFO  o.s.b.d.a.ConditionEvaluationDeltaLoggingListener - Condition evaluation unchanged
2025-01-22 10:29:31 [File Watcher] INFO  o.s.b.d.a.LocalDevToolsAutoConfiguration$RestartingClassPathChangeChangedEventListener - Restarting due to 4 class path changes (0 additions, 0 deletions, 4 modifications)
2025-01-22 10:29:31 [Thread-97] INFO  o.a.catalina.core.StandardService - Stopping service [Tomcat]
2025-01-22 10:29:31 [Thread-97] WARN  o.a.c.loader.WebappClassLoaderBase - The web application [ROOT] appears to have started a thread named [cluster-ClusterId{value='6790ba721cc9ee74bceddc34', description='null'}-localhost:27017] but has failed to stop it. This is very likely to create a memory leak. Stack trace of thread:
 java.base@17.0.12/sun.nio.ch.Net.poll(Native Method)
 java.base@17.0.12/sun.nio.ch.NioSocketImpl.park(NioSocketImpl.java:186)
 java.base@17.0.12/sun.nio.ch.NioSocketImpl.timedRead(NioSocketImpl.java:290)
 java.base@17.0.12/sun.nio.ch.NioSocketImpl.implRead(NioSocketImpl.java:314)
 java.base@17.0.12/sun.nio.ch.NioSocketImpl.read(NioSocketImpl.java:355)
 java.base@17.0.12/sun.nio.ch.NioSocketImpl$1.read(NioSocketImpl.java:808)
 java.base@17.0.12/java.net.Socket$SocketInputStream.read(Socket.java:966)
 app//com.mongodb.internal.connection.SocketStream.read(SocketStream.java:110)
 app//com.mongodb.internal.connection.SocketStream.read(SocketStream.java:135)
 app//com.mongodb.internal.connection.InternalStreamConnection.receiveResponseBuffers(InternalStreamConnection.java:713)
 app//com.mongodb.internal.connection.InternalStreamConnection.receiveMessageWithAdditionalTimeout(InternalStreamConnection.java:571)
 app//com.mongodb.internal.connection.InternalStreamConnection.receiveCommandMessageResponse(InternalStreamConnection.java:410)
 app//com.mongodb.internal.connection.InternalStreamConnection.receive(InternalStreamConnection.java:369)
 app//com.mongodb.internal.connection.DefaultServerMonitor$ServerMonitorRunnable.lookupServerDescription(DefaultServerMonitor.java:221)
 app//com.mongodb.internal.connection.DefaultServerMonitor$ServerMonitorRunnable.run(DefaultServerMonitor.java:157)
 java.base@17.0.12/java.lang.Thread.run(Thread.java:840)
2025-01-22 10:29:31 [Thread-97] WARN  o.a.c.loader.WebappClassLoaderBase - The web application [ROOT] appears to have started a thread named [cluster-rtt-ClusterId{value='6790ba721cc9ee74bceddc34', description='null'}-localhost:27017] but has failed to stop it. This is very likely to create a memory leak. Stack trace of thread:
 java.base@17.0.12/java.lang.Thread.sleep(Native Method)
 app//com.mongodb.internal.connection.DefaultServerMonitor.waitForNext(DefaultServerMonitor.java:443)
 app//com.mongodb.internal.connection.DefaultServerMonitor.access$1500(DefaultServerMonitor.java:64)
 app//com.mongodb.internal.connection.DefaultServerMonitor$RoundTripTimeRunnable.run(DefaultServerMonitor.java:415)
 java.base@17.0.12/java.lang.Thread.run(Thread.java:840)
2025-01-22 10:29:31 [Thread-97] WARN  o.a.c.loader.WebappClassLoaderBase - The web application [ROOT] appears to have started a thread named [MaintenanceTimer-26-thread-1] but has failed to stop it. This is very likely to create a memory leak. Stack trace of thread:
 java.base@17.0.12/jdk.internal.misc.Unsafe.park(Native Method)
 java.base@17.0.12/java.util.concurrent.locks.LockSupport.parkNanos(LockSupport.java:252)
 java.base@17.0.12/java.util.concurrent.locks.AbstractQueuedSynchronizer$ConditionObject.awaitNanos(AbstractQueuedSynchronizer.java:1674)
 java.base@17.0.12/java.util.concurrent.ScheduledThreadPoolExecutor$DelayedWorkQueue.take(ScheduledThreadPoolExecutor.java:1182)
 java.base@17.0.12/java.util.concurrent.ScheduledThreadPoolExecutor$DelayedWorkQueue.take(ScheduledThreadPoolExecutor.java:899)
 java.base@17.0.12/java.util.concurrent.ThreadPoolExecutor.getTask(ThreadPoolExecutor.java:1062)
 java.base@17.0.12/java.util.concurrent.ThreadPoolExecutor.runWorker(ThreadPoolExecutor.java:1122)
 java.base@17.0.12/java.util.concurrent.ThreadPoolExecutor$Worker.run(ThreadPoolExecutor.java:635)
 java.base@17.0.12/java.lang.Thread.run(Thread.java:840)
2025-01-22 10:29:31 [restartedMain] INFO  c.M.MusicManagerApplication - Starting MusicManagerApplication using Java 17.0.12 on LAPTOP-ICGVSVEA with PID 18272 (C:\Users\ycode\Streamify\back-end\target\classes started by ycode in C:\Users\ycode\Streamify\back-end)
2025-01-22 10:29:31 [restartedMain] DEBUG c.M.MusicManagerApplication - Running with Spring Boot v2.7.18, Spring v5.3.31
2025-01-22 10:29:31 [restartedMain] INFO  c.M.MusicManagerApplication - The following 1 profile is active: "prod"
2025-01-22 10:29:31 [restartedMain] INFO  o.s.d.r.c.RepositoryConfigurationDelegate - Bootstrapping Spring Data MongoDB repositories in DEFAULT mode.
2025-01-22 10:29:31 [restartedMain] INFO  o.s.d.r.c.RepositoryConfigurationDelegate - Finished Spring Data repository scanning in 30 ms. Found 4 MongoDB repository interfaces.
2025-01-22 10:29:31 [restartedMain] INFO  o.s.b.w.e.tomcat.TomcatWebServer - Tomcat initialized with port(s): 8080 (http)
2025-01-22 10:29:31 [restartedMain] INFO  o.a.catalina.core.StandardService - Starting service [Tomcat]
2025-01-22 10:29:31 [restartedMain] INFO  o.a.catalina.core.StandardEngine - Starting Servlet engine: [Apache Tomcat/9.0.83]
2025-01-22 10:29:31 [restartedMain] INFO  o.a.c.c.C.[Tomcat-2].[localhost].[/] - Initializing Spring embedded WebApplicationContext
2025-01-22 10:29:31 [restartedMain] INFO  o.s.b.w.s.c.ServletWebServerApplicationContext - Root WebApplicationContext: initialization completed in 440 ms
2025-01-22 10:29:31 [restartedMain] INFO  org.mongodb.driver.client - MongoClient with metadata {"driver": {"name": "mongo-java-driver|sync|spring-boot", "version": "4.6.1"}, "os": {"type": "Windows", "name": "Windows 11", "architecture": "amd64", "version": "10.0"}, "platform": "Java/Eclipse Adoptium/17.0.12+7"} created with settings MongoClientSettings{readPreference=primary, writeConcern=WriteConcern{w=null, wTimeout=null ms, journal=null}, retryWrites=true, retryReads=true, readConcern=ReadConcern{level=null}, credential=null, streamFactoryFactory=null, commandListeners=[io.micrometer.core.instrument.binder.mongodb.MongoMetricsCommandListener@19ec6e48], codecRegistry=ProvidersCodecRegistry{codecProviders=[ValueCodecProvider{}, BsonValueCodecProvider{}, DBRefCodecProvider{}, DBObjectCodecProvider{}, DocumentCodecProvider{}, IterableCodecProvider{}, MapCodecProvider{}, GeoJsonCodecProvider{}, GridFSFileCodecProvider{}, Jsr310CodecProvider{}, JsonObjectCodecProvider{}, BsonCodecProvider{}, EnumCodecProvider{}, com.mongodb.Jep395RecordCodecProvider@aee8437]}, clusterSettings={hosts=[localhost:27017], srvServiceName=mongodb, mode=SINGLE, requiredClusterType=UNKNOWN, requiredReplicaSetName='null', serverSelector='null', clusterListeners='[]', serverSelectionTimeout='30000 ms', localThreshold='30000 ms'}, socketSettings=SocketSettings{connectTimeoutMS=10000, readTimeoutMS=0, receiveBufferSize=0, sendBufferSize=0}, heartbeatSocketSettings=SocketSettings{connectTimeoutMS=10000, readTimeoutMS=10000, receiveBufferSize=0, sendBufferSize=0}, connectionPoolSettings=ConnectionPoolSettings{maxSize=100, minSize=0, maxWaitTimeMS=120000, maxConnectionLifeTimeMS=0, maxConnectionIdleTimeMS=0, maintenanceInitialDelayMS=0, maintenanceFrequencyMS=60000, connectionPoolListeners=[io.micrometer.core.instrument.binder.mongodb.MongoMetricsConnectionPoolListener@2c856e6a], maxConnecting=2}, serverSettings=ServerSettings{heartbeatFrequencyMS=10000, minHeartbeatFrequencyMS=500, serverListeners='[]', serverMonitorListeners='[]'}, sslSettings=SslSettings{enabled=false, invalidHostNameAllowed=false, context=null}, applicationName='null', compressorList=[], uuidRepresentation=JAVA_LEGACY, serverApi=null, autoEncryptionSettings=null, contextProvider=null}
2025-01-22 10:29:31 [cluster-ClusterId{value='6790ba7b1cc9ee74bceddc35', description='null'}-localhost:27017] INFO  org.mongodb.driver.connection - Opened connection [connectionId{localValue:75, serverValue:75}] to localhost:27017
2025-01-22 10:29:31 [cluster-ClusterId{value='6790ba7b1cc9ee74bceddc35', description='null'}-localhost:27017] INFO  org.mongodb.driver.cluster - Monitor thread successfully connected to server with description ServerDescription{address=localhost:27017, type=STANDALONE, state=CONNECTED, ok=true, minWireVersion=0, maxWireVersion=21, maxDocumentSize=16777216, logicalSessionTimeoutMinutes=30, roundTripTimeNanos=1130800}
2025-01-22 10:29:31 [cluster-rtt-ClusterId{value='6790ba7b1cc9ee74bceddc35', description='null'}-localhost:27017] INFO  org.mongodb.driver.connection - Opened connection [connectionId{localValue:76, serverValue:76}] to localhost:27017
2025-01-22 10:29:31 [restartedMain] DEBUG o.s.d.m.c.i.MongoPersistentEntityIndexCreator - Analyzing class class com.MusicManager.model.Role for index information.
2025-01-22 10:29:31 [restartedMain] INFO  org.mongodb.driver.connection - Opened connection [connectionId{localValue:77, serverValue:77}] to localhost:27017
2025-01-22 10:29:31 [restartedMain] DEBUG o.s.d.m.c.i.MongoPersistentEntityIndexCreator - Analyzing class class com.MusicManager.model.Chanson for index information.
2025-01-22 10:29:31 [restartedMain] DEBUG o.s.d.m.c.i.MongoPersistentEntityIndexCreator - Analyzing class class com.MusicManager.model.Album for index information.
2025-01-22 10:29:31 [restartedMain] DEBUG o.s.d.m.c.i.MongoPersistentEntityIndexCreator - Analyzing class class com.MusicManager.model.User for index information.
2025-01-22 10:29:31 [restartedMain] DEBUG c.M.security.JwtAuthenticationFilter - Filter 'jwtAuthenticationFilter' configured for use
2025-01-22 10:29:31 [restartedMain] INFO  o.s.b.d.a.OptionalLiveReloadServer - LiveReload server is running on port 35729
2025-01-22 10:29:31 [restartedMain] DEBUG o.s.data.mongodb.core.MongoTemplate - Executing count: {} in collection: roles
2025-01-22 10:29:31 [restartedMain] INFO  o.s.s.web.DefaultSecurityFilterChain - Will secure any request with [org.springframework.security.web.session.DisableEncodeUrlFilter@12279716, org.springframework.security.web.context.request.async.WebAsyncManagerIntegrationFilter@49ff65ab, org.springframework.security.web.context.SecurityContextPersistenceFilter@529a7d0f, org.springframework.security.web.header.HeaderWriterFilter@4d302c62, org.springframework.security.web.authentication.logout.LogoutFilter@63af2a80, com.MusicManager.security.JwtAuthenticationFilter@4bbb953e, org.springframework.security.web.savedrequest.RequestCacheAwareFilter@430a0aae, org.springframework.security.web.servletapi.SecurityContextHolderAwareRequestFilter@f156d91, org.springframework.security.web.authentication.AnonymousAuthenticationFilter@11fa23df, org.springframework.security.web.session.SessionManagementFilter@72d513b, org.springframework.security.web.access.ExceptionTranslationFilter@1de18c0e, org.springframework.security.web.access.intercept.FilterSecurityInterceptor@36d594fe]
2025-01-22 10:29:32 [restartedMain] INFO  o.s.b.a.e.web.EndpointLinksResolver - Exposing 1 endpoint(s) beneath base path '/actuator'
2025-01-22 10:29:32 [restartedMain] INFO  o.s.b.w.e.tomcat.TomcatWebServer - Tomcat started on port(s): 8080 (http) with context path ''
2025-01-22 10:29:32 [restartedMain] INFO  c.M.MusicManagerApplication - Started MusicManagerApplication in 0.787 seconds (JVM running for 4342.937)
2025-01-22 10:29:32 [restartedMain] INFO  o.s.b.d.a.ConditionEvaluationDeltaLoggingListener - Condition evaluation unchanged
2025-01-22 10:32:14 [File Watcher] INFO  o.s.b.d.a.LocalDevToolsAutoConfiguration$RestartingClassPathChangeChangedEventListener - Restarting due to 4 class path changes (0 additions, 0 deletions, 4 modifications)
2025-01-22 10:32:14 [Thread-101] INFO  o.a.catalina.core.StandardService - Stopping service [Tomcat]
2025-01-22 10:32:14 [Thread-101] WARN  o.a.c.loader.WebappClassLoaderBase - The web application [ROOT] appears to have started a thread named [cluster-ClusterId{value='6790ba7b1cc9ee74bceddc35', description='null'}-localhost:27017] but has failed to stop it. This is very likely to create a memory leak. Stack trace of thread:
 java.base@17.0.12/sun.nio.ch.Net.poll(Native Method)
 java.base@17.0.12/sun.nio.ch.NioSocketImpl.park(NioSocketImpl.java:186)
 java.base@17.0.12/sun.nio.ch.NioSocketImpl.timedRead(NioSocketImpl.java:290)
 java.base@17.0.12/sun.nio.ch.NioSocketImpl.implRead(NioSocketImpl.java:314)
 java.base@17.0.12/sun.nio.ch.NioSocketImpl.read(NioSocketImpl.java:355)
 java.base@17.0.12/sun.nio.ch.NioSocketImpl$1.read(NioSocketImpl.java:808)
 java.base@17.0.12/java.net.Socket$SocketInputStream.read(Socket.java:966)
 app//com.mongodb.internal.connection.SocketStream.read(SocketStream.java:110)
 app//com.mongodb.internal.connection.SocketStream.read(SocketStream.java:135)
 app//com.mongodb.internal.connection.InternalStreamConnection.receiveResponseBuffers(InternalStreamConnection.java:713)
 app//com.mongodb.internal.connection.InternalStreamConnection.receiveMessageWithAdditionalTimeout(InternalStreamConnection.java:571)
 app//com.mongodb.internal.connection.InternalStreamConnection.receiveCommandMessageResponse(InternalStreamConnection.java:410)
 app//com.mongodb.internal.connection.InternalStreamConnection.receive(InternalStreamConnection.java:369)
 app//com.mongodb.internal.connection.DefaultServerMonitor$ServerMonitorRunnable.lookupServerDescription(DefaultServerMonitor.java:221)
 app//com.mongodb.internal.connection.DefaultServerMonitor$ServerMonitorRunnable.run(DefaultServerMonitor.java:157)
 java.base@17.0.12/java.lang.Thread.run(Thread.java:840)
2025-01-22 10:32:14 [Thread-101] WARN  o.a.c.loader.WebappClassLoaderBase - The web application [ROOT] appears to have started a thread named [cluster-rtt-ClusterId{value='6790ba7b1cc9ee74bceddc35', description='null'}-localhost:27017] but has failed to stop it. This is very likely to create a memory leak. Stack trace of thread:
 java.base@17.0.12/java.lang.Thread.sleep(Native Method)
 app//com.mongodb.internal.connection.DefaultServerMonitor.waitForNext(DefaultServerMonitor.java:443)
 app//com.mongodb.internal.connection.DefaultServerMonitor.access$1500(DefaultServerMonitor.java:64)
 app//com.mongodb.internal.connection.DefaultServerMonitor$RoundTripTimeRunnable.run(DefaultServerMonitor.java:415)
 java.base@17.0.12/java.lang.Thread.run(Thread.java:840)
2025-01-22 10:32:14 [Thread-101] WARN  o.a.c.loader.WebappClassLoaderBase - The web application [ROOT] appears to have started a thread named [MaintenanceTimer-27-thread-1] but has failed to stop it. This is very likely to create a memory leak. Stack trace of thread:
 java.base@17.0.12/jdk.internal.misc.Unsafe.park(Native Method)
 java.base@17.0.12/java.util.concurrent.locks.LockSupport.parkNanos(LockSupport.java:252)
 java.base@17.0.12/java.util.concurrent.locks.AbstractQueuedSynchronizer$ConditionObject.awaitNanos(AbstractQueuedSynchronizer.java:1674)
 java.base@17.0.12/java.util.concurrent.ScheduledThreadPoolExecutor$DelayedWorkQueue.take(ScheduledThreadPoolExecutor.java:1182)
 java.base@17.0.12/java.util.concurrent.ScheduledThreadPoolExecutor$DelayedWorkQueue.take(ScheduledThreadPoolExecutor.java:899)
 java.base@17.0.12/java.util.concurrent.ThreadPoolExecutor.getTask(ThreadPoolExecutor.java:1062)
 java.base@17.0.12/java.util.concurrent.ThreadPoolExecutor.runWorker(ThreadPoolExecutor.java:1122)
 java.base@17.0.12/java.util.concurrent.ThreadPoolExecutor$Worker.run(ThreadPoolExecutor.java:635)
 java.base@17.0.12/java.lang.Thread.run(Thread.java:840)
2025-01-22 10:32:14 [restartedMain] INFO  c.M.MusicManagerApplication - Starting MusicManagerApplication using Java 17.0.12 on LAPTOP-ICGVSVEA with PID 18272 (C:\Users\ycode\Streamify\back-end\target\classes started by ycode in C:\Users\ycode\Streamify\back-end)
2025-01-22 10:32:14 [restartedMain] DEBUG c.M.MusicManagerApplication - Running with Spring Boot v2.7.18, Spring v5.3.31
2025-01-22 10:32:14 [restartedMain] INFO  c.M.MusicManagerApplication - The following 1 profile is active: "prod"
2025-01-22 10:32:14 [restartedMain] INFO  o.s.d.r.c.RepositoryConfigurationDelegate - Bootstrapping Spring Data MongoDB repositories in DEFAULT mode.
2025-01-22 10:32:14 [restartedMain] INFO  o.s.d.r.c.RepositoryConfigurationDelegate - Finished Spring Data repository scanning in 25 ms. Found 4 MongoDB repository interfaces.
2025-01-22 10:32:14 [restartedMain] INFO  o.s.b.w.e.tomcat.TomcatWebServer - Tomcat initialized with port(s): 8080 (http)
2025-01-22 10:32:14 [restartedMain] INFO  o.a.catalina.core.StandardService - Starting service [Tomcat]
2025-01-22 10:32:14 [restartedMain] INFO  o.a.catalina.core.StandardEngine - Starting Servlet engine: [Apache Tomcat/9.0.83]
2025-01-22 10:32:14 [restartedMain] INFO  o.a.c.c.C.[Tomcat-2].[localhost].[/] - Initializing Spring embedded WebApplicationContext
2025-01-22 10:32:14 [restartedMain] INFO  o.s.b.w.s.c.ServletWebServerApplicationContext - Root WebApplicationContext: initialization completed in 306 ms
2025-01-22 10:32:14 [restartedMain] INFO  org.mongodb.driver.client - MongoClient with metadata {"driver": {"name": "mongo-java-driver|sync|spring-boot", "version": "4.6.1"}, "os": {"type": "Windows", "name": "Windows 11", "architecture": "amd64", "version": "10.0"}, "platform": "Java/Eclipse Adoptium/17.0.12+7"} created with settings MongoClientSettings{readPreference=primary, writeConcern=WriteConcern{w=null, wTimeout=null ms, journal=null}, retryWrites=true, retryReads=true, readConcern=ReadConcern{level=null}, credential=null, streamFactoryFactory=null, commandListeners=[io.micrometer.core.instrument.binder.mongodb.MongoMetricsCommandListener@5b49e567], codecRegistry=ProvidersCodecRegistry{codecProviders=[ValueCodecProvider{}, BsonValueCodecProvider{}, DBRefCodecProvider{}, DBObjectCodecProvider{}, DocumentCodecProvider{}, IterableCodecProvider{}, MapCodecProvider{}, GeoJsonCodecProvider{}, GridFSFileCodecProvider{}, Jsr310CodecProvider{}, JsonObjectCodecProvider{}, BsonCodecProvider{}, EnumCodecProvider{}, com.mongodb.Jep395RecordCodecProvider@aee8437]}, clusterSettings={hosts=[localhost:27017], srvServiceName=mongodb, mode=SINGLE, requiredClusterType=UNKNOWN, requiredReplicaSetName='null', serverSelector='null', clusterListeners='[]', serverSelectionTimeout='30000 ms', localThreshold='30000 ms'}, socketSettings=SocketSettings{connectTimeoutMS=10000, readTimeoutMS=0, receiveBufferSize=0, sendBufferSize=0}, heartbeatSocketSettings=SocketSettings{connectTimeoutMS=10000, readTimeoutMS=10000, receiveBufferSize=0, sendBufferSize=0}, connectionPoolSettings=ConnectionPoolSettings{maxSize=100, minSize=0, maxWaitTimeMS=120000, maxConnectionLifeTimeMS=0, maxConnectionIdleTimeMS=0, maintenanceInitialDelayMS=0, maintenanceFrequencyMS=60000, connectionPoolListeners=[io.micrometer.core.instrument.binder.mongodb.MongoMetricsConnectionPoolListener@4ec12530], maxConnecting=2}, serverSettings=ServerSettings{heartbeatFrequencyMS=10000, minHeartbeatFrequencyMS=500, serverListeners='[]', serverMonitorListeners='[]'}, sslSettings=SslSettings{enabled=false, invalidHostNameAllowed=false, context=null}, applicationName='null', compressorList=[], uuidRepresentation=JAVA_LEGACY, serverApi=null, autoEncryptionSettings=null, contextProvider=null}
2025-01-22 10:32:14 [cluster-ClusterId{value='6790bb1e1cc9ee74bceddc36', description='null'}-localhost:27017] INFO  org.mongodb.driver.connection - Opened connection [connectionId{localValue:79, serverValue:78}] to localhost:27017
2025-01-22 10:32:14 [cluster-ClusterId{value='6790bb1e1cc9ee74bceddc36', description='null'}-localhost:27017] INFO  org.mongodb.driver.cluster - Monitor thread successfully connected to server with description ServerDescription{address=localhost:27017, type=STANDALONE, state=CONNECTED, ok=true, minWireVersion=0, maxWireVersion=21, maxDocumentSize=16777216, logicalSessionTimeoutMinutes=30, roundTripTimeNanos=1375500}
2025-01-22 10:32:14 [cluster-rtt-ClusterId{value='6790bb1e1cc9ee74bceddc36', description='null'}-localhost:27017] INFO  org.mongodb.driver.connection - Opened connection [connectionId{localValue:78, serverValue:79}] to localhost:27017
2025-01-22 10:32:14 [restartedMain] DEBUG o.s.d.m.c.i.MongoPersistentEntityIndexCreator - Analyzing class class com.MusicManager.model.User for index information.
2025-01-22 10:32:14 [restartedMain] DEBUG o.s.d.m.c.i.MongoPersistentEntityIndexCreator - Analyzing class class com.MusicManager.model.Chanson for index information.
2025-01-22 10:32:14 [restartedMain] DEBUG o.s.d.m.c.i.MongoPersistentEntityIndexCreator - Analyzing class class com.MusicManager.model.Role for index information.
2025-01-22 10:32:14 [restartedMain] INFO  org.mongodb.driver.connection - Opened connection [connectionId{localValue:80, serverValue:80}] to localhost:27017
2025-01-22 10:32:14 [restartedMain] DEBUG o.s.d.m.c.i.MongoPersistentEntityIndexCreator - Analyzing class class com.MusicManager.model.Album for index information.
2025-01-22 10:32:14 [restartedMain] DEBUG c.M.security.JwtAuthenticationFilter - Filter 'jwtAuthenticationFilter' configured for use
2025-01-22 10:32:14 [restartedMain] INFO  o.s.b.d.a.OptionalLiveReloadServer - LiveReload server is running on port 35729
2025-01-22 10:32:14 [restartedMain] DEBUG o.s.data.mongodb.core.MongoTemplate - Executing count: {} in collection: roles
2025-01-22 10:32:14 [restartedMain] INFO  o.s.s.web.DefaultSecurityFilterChain - Will secure any request with [org.springframework.security.web.session.DisableEncodeUrlFilter@2c28bfd0, org.springframework.security.web.context.request.async.WebAsyncManagerIntegrationFilter@79b6d939, org.springframework.security.web.context.SecurityContextPersistenceFilter@e58a1b2, org.springframework.security.web.header.HeaderWriterFilter@6bd49cbf, org.springframework.security.web.authentication.logout.LogoutFilter@3a560155, com.MusicManager.security.JwtAuthenticationFilter@27753af4, org.springframework.security.web.savedrequest.RequestCacheAwareFilter@6737e897, org.springframework.security.web.servletapi.SecurityContextHolderAwareRequestFilter@28c9a1aa, org.springframework.security.web.authentication.AnonymousAuthenticationFilter@4ba16319, org.springframework.security.web.session.SessionManagementFilter@5f6bc801, org.springframework.security.web.access.ExceptionTranslationFilter@77f3deb0, org.springframework.security.web.access.intercept.FilterSecurityInterceptor@49c74453]
2025-01-22 10:32:15 [restartedMain] INFO  o.s.b.a.e.web.EndpointLinksResolver - Exposing 1 endpoint(s) beneath base path '/actuator'
2025-01-22 10:32:15 [restartedMain] INFO  o.s.b.w.e.tomcat.TomcatWebServer - Tomcat started on port(s): 8080 (http) with context path ''
2025-01-22 10:32:15 [restartedMain] INFO  c.M.MusicManagerApplication - Started MusicManagerApplication in 0.633 seconds (JVM running for 4505.937)
2025-01-22 10:32:15 [restartedMain] INFO  o.s.b.d.a.ConditionEvaluationDeltaLoggingListener - Condition evaluation unchanged
2025-01-22 10:32:16 [File Watcher] INFO  o.s.b.d.a.LocalDevToolsAutoConfiguration$RestartingClassPathChangeChangedEventListener - Restarting due to 4 class path changes (0 additions, 0 deletions, 4 modifications)
2025-01-22 10:32:16 [Thread-105] INFO  o.a.catalina.core.StandardService - Stopping service [Tomcat]
2025-01-22 10:32:16 [Thread-105] WARN  o.a.c.loader.WebappClassLoaderBase - The web application [ROOT] appears to have started a thread named [cluster-ClusterId{value='6790bb1e1cc9ee74bceddc36', description='null'}-localhost:27017] but has failed to stop it. This is very likely to create a memory leak. Stack trace of thread:
 java.base@17.0.12/sun.nio.ch.Net.poll(Native Method)
 java.base@17.0.12/sun.nio.ch.NioSocketImpl.park(NioSocketImpl.java:186)
 java.base@17.0.12/sun.nio.ch.NioSocketImpl.timedRead(NioSocketImpl.java:290)
 java.base@17.0.12/sun.nio.ch.NioSocketImpl.implRead(NioSocketImpl.java:314)
 java.base@17.0.12/sun.nio.ch.NioSocketImpl.read(NioSocketImpl.java:355)
 java.base@17.0.12/sun.nio.ch.NioSocketImpl$1.read(NioSocketImpl.java:808)
 java.base@17.0.12/java.net.Socket$SocketInputStream.read(Socket.java:966)
 app//com.mongodb.internal.connection.SocketStream.read(SocketStream.java:110)
 app//com.mongodb.internal.connection.SocketStream.read(SocketStream.java:135)
 app//com.mongodb.internal.connection.InternalStreamConnection.receiveResponseBuffers(InternalStreamConnection.java:713)
 app//com.mongodb.internal.connection.InternalStreamConnection.receiveMessageWithAdditionalTimeout(InternalStreamConnection.java:571)
 app//com.mongodb.internal.connection.InternalStreamConnection.receiveCommandMessageResponse(InternalStreamConnection.java:410)
 app//com.mongodb.internal.connection.InternalStreamConnection.receive(InternalStreamConnection.java:369)
 app//com.mongodb.internal.connection.DefaultServerMonitor$ServerMonitorRunnable.lookupServerDescription(DefaultServerMonitor.java:221)
 app//com.mongodb.internal.connection.DefaultServerMonitor$ServerMonitorRunnable.run(DefaultServerMonitor.java:157)
 java.base@17.0.12/java.lang.Thread.run(Thread.java:840)
2025-01-22 10:32:16 [Thread-105] WARN  o.a.c.loader.WebappClassLoaderBase - The web application [ROOT] appears to have started a thread named [cluster-rtt-ClusterId{value='6790bb1e1cc9ee74bceddc36', description='null'}-localhost:27017] but has failed to stop it. This is very likely to create a memory leak. Stack trace of thread:
 java.base@17.0.12/java.lang.Thread.sleep(Native Method)
 app//com.mongodb.internal.connection.DefaultServerMonitor.waitForNext(DefaultServerMonitor.java:443)
 app//com.mongodb.internal.connection.DefaultServerMonitor.access$1500(DefaultServerMonitor.java:64)
 app//com.mongodb.internal.connection.DefaultServerMonitor$RoundTripTimeRunnable.run(DefaultServerMonitor.java:415)
 java.base@17.0.12/java.lang.Thread.run(Thread.java:840)
2025-01-22 10:32:16 [Thread-105] WARN  o.a.c.loader.WebappClassLoaderBase - The web application [ROOT] appears to have started a thread named [MaintenanceTimer-28-thread-1] but has failed to stop it. This is very likely to create a memory leak. Stack trace of thread:
 java.base@17.0.12/jdk.internal.misc.Unsafe.park(Native Method)
 java.base@17.0.12/java.util.concurrent.locks.LockSupport.parkNanos(LockSupport.java:252)
 java.base@17.0.12/java.util.concurrent.locks.AbstractQueuedSynchronizer$ConditionObject.awaitNanos(AbstractQueuedSynchronizer.java:1674)
 java.base@17.0.12/java.util.concurrent.ScheduledThreadPoolExecutor$DelayedWorkQueue.take(ScheduledThreadPoolExecutor.java:1182)
 java.base@17.0.12/java.util.concurrent.ScheduledThreadPoolExecutor$DelayedWorkQueue.take(ScheduledThreadPoolExecutor.java:899)
 java.base@17.0.12/java.util.concurrent.ThreadPoolExecutor.getTask(ThreadPoolExecutor.java:1062)
 java.base@17.0.12/java.util.concurrent.ThreadPoolExecutor.runWorker(ThreadPoolExecutor.java:1122)
 java.base@17.0.12/java.util.concurrent.ThreadPoolExecutor$Worker.run(ThreadPoolExecutor.java:635)
 java.base@17.0.12/java.lang.Thread.run(Thread.java:840)
2025-01-22 10:32:17 [restartedMain] INFO  c.M.MusicManagerApplication - Starting MusicManagerApplication using Java 17.0.12 on LAPTOP-ICGVSVEA with PID 18272 (C:\Users\ycode\Streamify\back-end\target\classes started by ycode in C:\Users\ycode\Streamify\back-end)
2025-01-22 10:32:17 [restartedMain] DEBUG c.M.MusicManagerApplication - Running with Spring Boot v2.7.18, Spring v5.3.31
2025-01-22 10:32:17 [restartedMain] INFO  c.M.MusicManagerApplication - The following 1 profile is active: "prod"
2025-01-22 10:32:17 [restartedMain] INFO  o.s.d.r.c.RepositoryConfigurationDelegate - Bootstrapping Spring Data MongoDB repositories in DEFAULT mode.
2025-01-22 10:32:17 [restartedMain] INFO  o.s.d.r.c.RepositoryConfigurationDelegate - Finished Spring Data repository scanning in 20 ms. Found 4 MongoDB repository interfaces.
2025-01-22 10:32:17 [restartedMain] INFO  o.s.b.w.e.tomcat.TomcatWebServer - Tomcat initialized with port(s): 8080 (http)
2025-01-22 10:32:17 [restartedMain] INFO  o.a.catalina.core.StandardService - Starting service [Tomcat]
2025-01-22 10:32:17 [restartedMain] INFO  o.a.catalina.core.StandardEngine - Starting Servlet engine: [Apache Tomcat/9.0.83]
2025-01-22 10:32:17 [restartedMain] INFO  o.a.c.c.C.[Tomcat-2].[localhost].[/] - Initializing Spring embedded WebApplicationContext
2025-01-22 10:32:17 [restartedMain] INFO  o.s.b.w.s.c.ServletWebServerApplicationContext - Root WebApplicationContext: initialization completed in 458 ms
2025-01-22 10:32:17 [restartedMain] INFO  org.mongodb.driver.client - MongoClient with metadata {"driver": {"name": "mongo-java-driver|sync|spring-boot", "version": "4.6.1"}, "os": {"type": "Windows", "name": "Windows 11", "architecture": "amd64", "version": "10.0"}, "platform": "Java/Eclipse Adoptium/17.0.12+7"} created with settings MongoClientSettings{readPreference=primary, writeConcern=WriteConcern{w=null, wTimeout=null ms, journal=null}, retryWrites=true, retryReads=true, readConcern=ReadConcern{level=null}, credential=null, streamFactoryFactory=null, commandListeners=[io.micrometer.core.instrument.binder.mongodb.MongoMetricsCommandListener@28ce1f9f], codecRegistry=ProvidersCodecRegistry{codecProviders=[ValueCodecProvider{}, BsonValueCodecProvider{}, DBRefCodecProvider{}, DBObjectCodecProvider{}, DocumentCodecProvider{}, IterableCodecProvider{}, MapCodecProvider{}, GeoJsonCodecProvider{}, GridFSFileCodecProvider{}, Jsr310CodecProvider{}, JsonObjectCodecProvider{}, BsonCodecProvider{}, EnumCodecProvider{}, com.mongodb.Jep395RecordCodecProvider@aee8437]}, clusterSettings={hosts=[localhost:27017], srvServiceName=mongodb, mode=SINGLE, requiredClusterType=UNKNOWN, requiredReplicaSetName='null', serverSelector='null', clusterListeners='[]', serverSelectionTimeout='30000 ms', localThreshold='30000 ms'}, socketSettings=SocketSettings{connectTimeoutMS=10000, readTimeoutMS=0, receiveBufferSize=0, sendBufferSize=0}, heartbeatSocketSettings=SocketSettings{connectTimeoutMS=10000, readTimeoutMS=10000, receiveBufferSize=0, sendBufferSize=0}, connectionPoolSettings=ConnectionPoolSettings{maxSize=100, minSize=0, maxWaitTimeMS=120000, maxConnectionLifeTimeMS=0, maxConnectionIdleTimeMS=0, maintenanceInitialDelayMS=0, maintenanceFrequencyMS=60000, connectionPoolListeners=[io.micrometer.core.instrument.binder.mongodb.MongoMetricsConnectionPoolListener@d4213c9], maxConnecting=2}, serverSettings=ServerSettings{heartbeatFrequencyMS=10000, minHeartbeatFrequencyMS=500, serverListeners='[]', serverMonitorListeners='[]'}, sslSettings=SslSettings{enabled=false, invalidHostNameAllowed=false, context=null}, applicationName='null', compressorList=[], uuidRepresentation=JAVA_LEGACY, serverApi=null, autoEncryptionSettings=null, contextProvider=null}
2025-01-22 10:32:17 [cluster-rtt-ClusterId{value='6790bb211cc9ee74bceddc37', description='null'}-localhost:27017] INFO  org.mongodb.driver.connection - Opened connection [connectionId{localValue:82, serverValue:81}] to localhost:27017
2025-01-22 10:32:17 [cluster-ClusterId{value='6790bb211cc9ee74bceddc37', description='null'}-localhost:27017] INFO  org.mongodb.driver.connection - Opened connection [connectionId{localValue:81, serverValue:82}] to localhost:27017
2025-01-22 10:32:17 [cluster-ClusterId{value='6790bb211cc9ee74bceddc37', description='null'}-localhost:27017] INFO  org.mongodb.driver.cluster - Monitor thread successfully connected to server with description ServerDescription{address=localhost:27017, type=STANDALONE, state=CONNECTED, ok=true, minWireVersion=0, maxWireVersion=21, maxDocumentSize=16777216, logicalSessionTimeoutMinutes=30, roundTripTimeNanos=1236400}
2025-01-22 10:32:17 [restartedMain] DEBUG o.s.d.m.c.i.MongoPersistentEntityIndexCreator - Analyzing class class com.MusicManager.model.User for index information.
2025-01-22 10:32:17 [restartedMain] DEBUG o.s.d.m.c.i.MongoPersistentEntityIndexCreator - Analyzing class class com.MusicManager.model.Album for index information.
2025-01-22 10:32:17 [restartedMain] DEBUG o.s.d.m.c.i.MongoPersistentEntityIndexCreator - Analyzing class class com.MusicManager.model.Chanson for index information.
2025-01-22 10:32:17 [restartedMain] DEBUG o.s.d.m.c.i.MongoPersistentEntityIndexCreator - Analyzing class class com.MusicManager.model.Role for index information.
2025-01-22 10:32:17 [restartedMain] INFO  org.mongodb.driver.connection - Opened connection [connectionId{localValue:83, serverValue:83}] to localhost:27017
2025-01-22 10:32:17 [restartedMain] DEBUG c.M.security.JwtAuthenticationFilter - Filter 'jwtAuthenticationFilter' configured for use
2025-01-22 10:32:17 [restartedMain] INFO  o.s.b.d.a.OptionalLiveReloadServer - LiveReload server is running on port 35729
2025-01-22 10:32:17 [restartedMain] DEBUG o.s.data.mongodb.core.MongoTemplate - Executing count: {} in collection: roles
2025-01-22 10:32:17 [restartedMain] INFO  o.s.s.web.DefaultSecurityFilterChain - Will secure any request with [org.springframework.security.web.session.DisableEncodeUrlFilter@88dacfe, org.springframework.security.web.context.request.async.WebAsyncManagerIntegrationFilter@4b3f48d5, org.springframework.security.web.context.SecurityContextPersistenceFilter@6b618a0e, org.springframework.security.web.header.HeaderWriterFilter@61457512, org.springframework.security.web.authentication.logout.LogoutFilter@1bb196a0, com.MusicManager.security.JwtAuthenticationFilter@50d9ea86, org.springframework.security.web.savedrequest.RequestCacheAwareFilter@322574c4, org.springframework.security.web.servletapi.SecurityContextHolderAwareRequestFilter@78826a77, org.springframework.security.web.authentication.AnonymousAuthenticationFilter@14e4d85c, org.springframework.security.web.session.SessionManagementFilter@30969ef9, org.springframework.security.web.access.ExceptionTranslationFilter@eb2ec8, org.springframework.security.web.access.intercept.FilterSecurityInterceptor@19ed1607]
2025-01-22 10:32:17 [restartedMain] INFO  o.s.b.a.e.web.EndpointLinksResolver - Exposing 1 endpoint(s) beneath base path '/actuator'
2025-01-22 10:32:17 [restartedMain] INFO  o.s.b.w.e.tomcat.TomcatWebServer - Tomcat started on port(s): 8080 (http) with context path ''
2025-01-22 10:32:17 [restartedMain] INFO  c.M.MusicManagerApplication - Started MusicManagerApplication in 0.739 seconds (JVM running for 4508.654)
2025-01-22 10:32:17 [restartedMain] INFO  o.s.b.d.a.ConditionEvaluationDeltaLoggingListener - Condition evaluation unchanged
2025-01-22 10:32:47 [File Watcher] INFO  o.s.b.d.a.LocalDevToolsAutoConfiguration$RestartingClassPathChangeChangedEventListener - Restarting due to 4 class path changes (0 additions, 0 deletions, 4 modifications)
2025-01-22 10:32:47 [Thread-109] INFO  o.a.catalina.core.StandardService - Stopping service [Tomcat]
2025-01-22 10:32:47 [Thread-109] WARN  o.a.c.loader.WebappClassLoaderBase - The web application [ROOT] appears to have started a thread named [cluster-ClusterId{value='6790bb211cc9ee74bceddc37', description='null'}-localhost:27017] but has failed to stop it. This is very likely to create a memory leak. Stack trace of thread:
 java.base@17.0.12/sun.nio.ch.Net.poll(Native Method)
 java.base@17.0.12/sun.nio.ch.NioSocketImpl.park(NioSocketImpl.java:186)
 java.base@17.0.12/sun.nio.ch.NioSocketImpl.timedRead(NioSocketImpl.java:290)
 java.base@17.0.12/sun.nio.ch.NioSocketImpl.implRead(NioSocketImpl.java:314)
 java.base@17.0.12/sun.nio.ch.NioSocketImpl.read(NioSocketImpl.java:355)
 java.base@17.0.12/sun.nio.ch.NioSocketImpl$1.read(NioSocketImpl.java:808)
 java.base@17.0.12/java.net.Socket$SocketInputStream.read(Socket.java:966)
 app//com.mongodb.internal.connection.SocketStream.read(SocketStream.java:110)
 app//com.mongodb.internal.connection.SocketStream.read(SocketStream.java:135)
 app//com.mongodb.internal.connection.InternalStreamConnection.receiveResponseBuffers(InternalStreamConnection.java:713)
 app//com.mongodb.internal.connection.InternalStreamConnection.receiveMessageWithAdditionalTimeout(InternalStreamConnection.java:571)
 app//com.mongodb.internal.connection.InternalStreamConnection.receiveCommandMessageResponse(InternalStreamConnection.java:410)
 app//com.mongodb.internal.connection.InternalStreamConnection.receive(InternalStreamConnection.java:369)
 app//com.mongodb.internal.connection.DefaultServerMonitor$ServerMonitorRunnable.lookupServerDescription(DefaultServerMonitor.java:221)
 app//com.mongodb.internal.connection.DefaultServerMonitor$ServerMonitorRunnable.run(DefaultServerMonitor.java:157)
 java.base@17.0.12/java.lang.Thread.run(Thread.java:840)
2025-01-22 10:32:47 [Thread-109] WARN  o.a.c.loader.WebappClassLoaderBase - The web application [ROOT] appears to have started a thread named [cluster-rtt-ClusterId{value='6790bb211cc9ee74bceddc37', description='null'}-localhost:27017] but has failed to stop it. This is very likely to create a memory leak. Stack trace of thread:
 java.base@17.0.12/java.lang.Thread.sleep(Native Method)
 app//com.mongodb.internal.connection.DefaultServerMonitor.waitForNext(DefaultServerMonitor.java:443)
 app//com.mongodb.internal.connection.DefaultServerMonitor.access$1500(DefaultServerMonitor.java:64)
 app//com.mongodb.internal.connection.DefaultServerMonitor$RoundTripTimeRunnable.run(DefaultServerMonitor.java:415)
 java.base@17.0.12/java.lang.Thread.run(Thread.java:840)
2025-01-22 10:32:47 [Thread-109] WARN  o.a.c.loader.WebappClassLoaderBase - The web application [ROOT] appears to have started a thread named [MaintenanceTimer-29-thread-1] but has failed to stop it. This is very likely to create a memory leak. Stack trace of thread:
 java.base@17.0.12/jdk.internal.misc.Unsafe.park(Native Method)
 java.base@17.0.12/java.util.concurrent.locks.LockSupport.parkNanos(LockSupport.java:252)
 java.base@17.0.12/java.util.concurrent.locks.AbstractQueuedSynchronizer$ConditionObject.awaitNanos(AbstractQueuedSynchronizer.java:1674)
 java.base@17.0.12/java.util.concurrent.ScheduledThreadPoolExecutor$DelayedWorkQueue.take(ScheduledThreadPoolExecutor.java:1182)
 java.base@17.0.12/java.util.concurrent.ScheduledThreadPoolExecutor$DelayedWorkQueue.take(ScheduledThreadPoolExecutor.java:899)
 java.base@17.0.12/java.util.concurrent.ThreadPoolExecutor.getTask(ThreadPoolExecutor.java:1062)
 java.base@17.0.12/java.util.concurrent.ThreadPoolExecutor.runWorker(ThreadPoolExecutor.java:1122)
 java.base@17.0.12/java.util.concurrent.ThreadPoolExecutor$Worker.run(ThreadPoolExecutor.java:635)
 java.base@17.0.12/java.lang.Thread.run(Thread.java:840)
2025-01-22 10:32:47 [restartedMain] INFO  c.M.MusicManagerApplication - Starting MusicManagerApplication using Java 17.0.12 on LAPTOP-ICGVSVEA with PID 18272 (C:\Users\ycode\Streamify\back-end\target\classes started by ycode in C:\Users\ycode\Streamify\back-end)
2025-01-22 10:32:47 [restartedMain] DEBUG c.M.MusicManagerApplication - Running with Spring Boot v2.7.18, Spring v5.3.31
2025-01-22 10:32:47 [restartedMain] INFO  c.M.MusicManagerApplication - The following 1 profile is active: "prod"
2025-01-22 10:32:48 [restartedMain] INFO  o.s.d.r.c.RepositoryConfigurationDelegate - Bootstrapping Spring Data MongoDB repositories in DEFAULT mode.
2025-01-22 10:32:48 [restartedMain] INFO  o.s.d.r.c.RepositoryConfigurationDelegate - Finished Spring Data repository scanning in 17 ms. Found 4 MongoDB repository interfaces.
2025-01-22 10:32:48 [restartedMain] INFO  o.s.b.w.e.tomcat.TomcatWebServer - Tomcat initialized with port(s): 8080 (http)
2025-01-22 10:32:48 [restartedMain] INFO  o.a.catalina.core.StandardService - Starting service [Tomcat]
2025-01-22 10:32:48 [restartedMain] INFO  o.a.catalina.core.StandardEngine - Starting Servlet engine: [Apache Tomcat/9.0.83]
2025-01-22 10:32:48 [restartedMain] INFO  o.a.c.c.C.[Tomcat-2].[localhost].[/] - Initializing Spring embedded WebApplicationContext
2025-01-22 10:32:48 [restartedMain] INFO  o.s.b.w.s.c.ServletWebServerApplicationContext - Root WebApplicationContext: initialization completed in 261 ms
2025-01-22 10:32:48 [restartedMain] INFO  org.mongodb.driver.client - MongoClient with metadata {"driver": {"name": "mongo-java-driver|sync|spring-boot", "version": "4.6.1"}, "os": {"type": "Windows", "name": "Windows 11", "architecture": "amd64", "version": "10.0"}, "platform": "Java/Eclipse Adoptium/17.0.12+7"} created with settings MongoClientSettings{readPreference=primary, writeConcern=WriteConcern{w=null, wTimeout=null ms, journal=null}, retryWrites=true, retryReads=true, readConcern=ReadConcern{level=null}, credential=null, streamFactoryFactory=null, commandListeners=[io.micrometer.core.instrument.binder.mongodb.MongoMetricsCommandListener@e305cdd], codecRegistry=ProvidersCodecRegistry{codecProviders=[ValueCodecProvider{}, BsonValueCodecProvider{}, DBRefCodecProvider{}, DBObjectCodecProvider{}, DocumentCodecProvider{}, IterableCodecProvider{}, MapCodecProvider{}, GeoJsonCodecProvider{}, GridFSFileCodecProvider{}, Jsr310CodecProvider{}, JsonObjectCodecProvider{}, BsonCodecProvider{}, EnumCodecProvider{}, com.mongodb.Jep395RecordCodecProvider@aee8437]}, clusterSettings={hosts=[localhost:27017], srvServiceName=mongodb, mode=SINGLE, requiredClusterType=UNKNOWN, requiredReplicaSetName='null', serverSelector='null', clusterListeners='[]', serverSelectionTimeout='30000 ms', localThreshold='30000 ms'}, socketSettings=SocketSettings{connectTimeoutMS=10000, readTimeoutMS=0, receiveBufferSize=0, sendBufferSize=0}, heartbeatSocketSettings=SocketSettings{connectTimeoutMS=10000, readTimeoutMS=10000, receiveBufferSize=0, sendBufferSize=0}, connectionPoolSettings=ConnectionPoolSettings{maxSize=100, minSize=0, maxWaitTimeMS=120000, maxConnectionLifeTimeMS=0, maxConnectionIdleTimeMS=0, maintenanceInitialDelayMS=0, maintenanceFrequencyMS=60000, connectionPoolListeners=[io.micrometer.core.instrument.binder.mongodb.MongoMetricsConnectionPoolListener@6bae6c27], maxConnecting=2}, serverSettings=ServerSettings{heartbeatFrequencyMS=10000, minHeartbeatFrequencyMS=500, serverListeners='[]', serverMonitorListeners='[]'}, sslSettings=SslSettings{enabled=false, invalidHostNameAllowed=false, context=null}, applicationName='null', compressorList=[], uuidRepresentation=JAVA_LEGACY, serverApi=null, autoEncryptionSettings=null, contextProvider=null}
2025-01-22 10:32:48 [cluster-ClusterId{value='6790bb401cc9ee74bceddc38', description='null'}-localhost:27017] INFO  org.mongodb.driver.connection - Opened connection [connectionId{localValue:84, serverValue:85}] to localhost:27017
2025-01-22 10:32:48 [cluster-rtt-ClusterId{value='6790bb401cc9ee74bceddc38', description='null'}-localhost:27017] INFO  org.mongodb.driver.connection - Opened connection [connectionId{localValue:85, serverValue:84}] to localhost:27017
2025-01-22 10:32:48 [cluster-ClusterId{value='6790bb401cc9ee74bceddc38', description='null'}-localhost:27017] INFO  org.mongodb.driver.cluster - Monitor thread successfully connected to server with description ServerDescription{address=localhost:27017, type=STANDALONE, state=CONNECTED, ok=true, minWireVersion=0, maxWireVersion=21, maxDocumentSize=16777216, logicalSessionTimeoutMinutes=30, roundTripTimeNanos=1204300}
2025-01-22 10:32:48 [restartedMain] DEBUG o.s.d.m.c.i.MongoPersistentEntityIndexCreator - Analyzing class class com.MusicManager.model.Album for index information.
2025-01-22 10:32:48 [restartedMain] DEBUG o.s.d.m.c.i.MongoPersistentEntityIndexCreator - Analyzing class class com.MusicManager.model.User for index information.
2025-01-22 10:32:48 [restartedMain] DEBUG o.s.d.m.c.i.MongoPersistentEntityIndexCreator - Analyzing class class com.MusicManager.model.Role for index information.
2025-01-22 10:32:48 [restartedMain] INFO  org.mongodb.driver.connection - Opened connection [connectionId{localValue:86, serverValue:86}] to localhost:27017
2025-01-22 10:32:48 [restartedMain] DEBUG o.s.d.m.c.i.MongoPersistentEntityIndexCreator - Analyzing class class com.MusicManager.model.Chanson for index information.
2025-01-22 10:32:48 [restartedMain] DEBUG c.M.security.JwtAuthenticationFilter - Filter 'jwtAuthenticationFilter' configured for use
2025-01-22 10:32:48 [restartedMain] INFO  o.s.b.d.a.OptionalLiveReloadServer - LiveReload server is running on port 35729
2025-01-22 10:32:48 [restartedMain] DEBUG o.s.data.mongodb.core.MongoTemplate - Executing count: {} in collection: roles
2025-01-22 10:32:48 [restartedMain] INFO  o.s.s.web.DefaultSecurityFilterChain - Will secure any request with [org.springframework.security.web.session.DisableEncodeUrlFilter@4346f617, org.springframework.security.web.context.request.async.WebAsyncManagerIntegrationFilter@a25634, org.springframework.security.web.context.SecurityContextPersistenceFilter@274d07f2, org.springframework.security.web.header.HeaderWriterFilter@7a9d181b, org.springframework.security.web.authentication.logout.LogoutFilter@4d8d4f1c, com.MusicManager.security.JwtAuthenticationFilter@264235ca, org.springframework.security.web.savedrequest.RequestCacheAwareFilter@1dc702e7, org.springframework.security.web.servletapi.SecurityContextHolderAwareRequestFilter@f889c84, org.springframework.security.web.authentication.AnonymousAuthenticationFilter@77b19c0f, org.springframework.security.web.session.SessionManagementFilter@13a3c2c8, org.springframework.security.web.access.ExceptionTranslationFilter@4c7ec9dd, org.springframework.security.web.access.intercept.FilterSecurityInterceptor@18357d54]
2025-01-22 10:32:48 [restartedMain] INFO  o.s.b.a.e.web.EndpointLinksResolver - Exposing 1 endpoint(s) beneath base path '/actuator'
2025-01-22 10:32:48 [restartedMain] INFO  o.s.b.w.e.tomcat.TomcatWebServer - Tomcat started on port(s): 8080 (http) with context path ''
2025-01-22 10:32:48 [restartedMain] INFO  c.M.MusicManagerApplication - Started MusicManagerApplication in 0.511 seconds (JVM running for 4539.369)
2025-01-22 10:32:48 [restartedMain] INFO  o.s.b.d.a.ConditionEvaluationDeltaLoggingListener - Condition evaluation unchanged
2025-01-22 10:32:51 [File Watcher] INFO  o.s.b.d.a.LocalDevToolsAutoConfiguration$RestartingClassPathChangeChangedEventListener - Restarting due to 4 class path changes (0 additions, 0 deletions, 4 modifications)
2025-01-22 10:32:51 [Thread-113] INFO  o.a.catalina.core.StandardService - Stopping service [Tomcat]
2025-01-22 10:32:51 [Thread-113] WARN  o.a.c.loader.WebappClassLoaderBase - The web application [ROOT] appears to have started a thread named [cluster-ClusterId{value='6790bb401cc9ee74bceddc38', description='null'}-localhost:27017] but has failed to stop it. This is very likely to create a memory leak. Stack trace of thread:
 java.base@17.0.12/sun.nio.ch.Net.poll(Native Method)
 java.base@17.0.12/sun.nio.ch.NioSocketImpl.park(NioSocketImpl.java:186)
 java.base@17.0.12/sun.nio.ch.NioSocketImpl.timedRead(NioSocketImpl.java:290)
 java.base@17.0.12/sun.nio.ch.NioSocketImpl.implRead(NioSocketImpl.java:314)
 java.base@17.0.12/sun.nio.ch.NioSocketImpl.read(NioSocketImpl.java:355)
 java.base@17.0.12/sun.nio.ch.NioSocketImpl$1.read(NioSocketImpl.java:808)
 java.base@17.0.12/java.net.Socket$SocketInputStream.read(Socket.java:966)
 app//com.mongodb.internal.connection.SocketStream.read(SocketStream.java:110)
 app//com.mongodb.internal.connection.SocketStream.read(SocketStream.java:135)
 app//com.mongodb.internal.connection.InternalStreamConnection.receiveResponseBuffers(InternalStreamConnection.java:713)
 app//com.mongodb.internal.connection.InternalStreamConnection.receiveMessageWithAdditionalTimeout(InternalStreamConnection.java:571)
 app//com.mongodb.internal.connection.InternalStreamConnection.receiveCommandMessageResponse(InternalStreamConnection.java:410)
 app//com.mongodb.internal.connection.InternalStreamConnection.receive(InternalStreamConnection.java:369)
 app//com.mongodb.internal.connection.DefaultServerMonitor$ServerMonitorRunnable.lookupServerDescription(DefaultServerMonitor.java:221)
 app//com.mongodb.internal.connection.DefaultServerMonitor$ServerMonitorRunnable.run(DefaultServerMonitor.java:157)
 java.base@17.0.12/java.lang.Thread.run(Thread.java:840)
2025-01-22 10:32:51 [Thread-113] WARN  o.a.c.loader.WebappClassLoaderBase - The web application [ROOT] appears to have started a thread named [cluster-rtt-ClusterId{value='6790bb401cc9ee74bceddc38', description='null'}-localhost:27017] but has failed to stop it. This is very likely to create a memory leak. Stack trace of thread:
 java.base@17.0.12/java.lang.Thread.sleep(Native Method)
 app//com.mongodb.internal.connection.DefaultServerMonitor.waitForNext(DefaultServerMonitor.java:443)
 app//com.mongodb.internal.connection.DefaultServerMonitor.access$1500(DefaultServerMonitor.java:64)
 app//com.mongodb.internal.connection.DefaultServerMonitor$RoundTripTimeRunnable.run(DefaultServerMonitor.java:415)
 java.base@17.0.12/java.lang.Thread.run(Thread.java:840)
2025-01-22 10:32:51 [Thread-113] WARN  o.a.c.loader.WebappClassLoaderBase - The web application [ROOT] appears to have started a thread named [MaintenanceTimer-30-thread-1] but has failed to stop it. This is very likely to create a memory leak. Stack trace of thread:
 java.base@17.0.12/jdk.internal.misc.Unsafe.park(Native Method)
 java.base@17.0.12/java.util.concurrent.locks.LockSupport.parkNanos(LockSupport.java:252)
 java.base@17.0.12/java.util.concurrent.locks.AbstractQueuedSynchronizer$ConditionObject.awaitNanos(AbstractQueuedSynchronizer.java:1674)
 java.base@17.0.12/java.util.concurrent.ScheduledThreadPoolExecutor$DelayedWorkQueue.take(ScheduledThreadPoolExecutor.java:1182)
 java.base@17.0.12/java.util.concurrent.ScheduledThreadPoolExecutor$DelayedWorkQueue.take(ScheduledThreadPoolExecutor.java:899)
 java.base@17.0.12/java.util.concurrent.ThreadPoolExecutor.getTask(ThreadPoolExecutor.java:1062)
 java.base@17.0.12/java.util.concurrent.ThreadPoolExecutor.runWorker(ThreadPoolExecutor.java:1122)
 java.base@17.0.12/java.util.concurrent.ThreadPoolExecutor$Worker.run(ThreadPoolExecutor.java:635)
 java.base@17.0.12/java.lang.Thread.run(Thread.java:840)
2025-01-22 10:32:52 [restartedMain] INFO  c.M.MusicManagerApplication - Starting MusicManagerApplication using Java 17.0.12 on LAPTOP-ICGVSVEA with PID 18272 (C:\Users\ycode\Streamify\back-end\target\classes started by ycode in C:\Users\ycode\Streamify\back-end)
2025-01-22 10:32:52 [restartedMain] DEBUG c.M.MusicManagerApplication - Running with Spring Boot v2.7.18, Spring v5.3.31
2025-01-22 10:32:52 [restartedMain] INFO  c.M.MusicManagerApplication - The following 1 profile is active: "prod"
2025-01-22 10:32:52 [restartedMain] INFO  o.s.d.r.c.RepositoryConfigurationDelegate - Bootstrapping Spring Data MongoDB repositories in DEFAULT mode.
2025-01-22 10:32:52 [restartedMain] INFO  o.s.d.r.c.RepositoryConfigurationDelegate - Finished Spring Data repository scanning in 15 ms. Found 4 MongoDB repository interfaces.
2025-01-22 10:32:52 [restartedMain] INFO  o.s.b.w.e.tomcat.TomcatWebServer - Tomcat initialized with port(s): 8080 (http)
2025-01-22 10:32:52 [restartedMain] INFO  o.a.catalina.core.StandardService - Starting service [Tomcat]
2025-01-22 10:32:52 [restartedMain] INFO  o.a.catalina.core.StandardEngine - Starting Servlet engine: [Apache Tomcat/9.0.83]
2025-01-22 10:32:52 [restartedMain] INFO  o.a.c.c.C.[Tomcat-2].[localhost].[/] - Initializing Spring embedded WebApplicationContext
2025-01-22 10:32:52 [restartedMain] INFO  o.s.b.w.s.c.ServletWebServerApplicationContext - Root WebApplicationContext: initialization completed in 329 ms
2025-01-22 10:32:52 [restartedMain] INFO  org.mongodb.driver.client - MongoClient with metadata {"driver": {"name": "mongo-java-driver|sync|spring-boot", "version": "4.6.1"}, "os": {"type": "Windows", "name": "Windows 11", "architecture": "amd64", "version": "10.0"}, "platform": "Java/Eclipse Adoptium/17.0.12+7"} created with settings MongoClientSettings{readPreference=primary, writeConcern=WriteConcern{w=null, wTimeout=null ms, journal=null}, retryWrites=true, retryReads=true, readConcern=ReadConcern{level=null}, credential=null, streamFactoryFactory=null, commandListeners=[io.micrometer.core.instrument.binder.mongodb.MongoMetricsCommandListener@2162378b], codecRegistry=ProvidersCodecRegistry{codecProviders=[ValueCodecProvider{}, BsonValueCodecProvider{}, DBRefCodecProvider{}, DBObjectCodecProvider{}, DocumentCodecProvider{}, IterableCodecProvider{}, MapCodecProvider{}, GeoJsonCodecProvider{}, GridFSFileCodecProvider{}, Jsr310CodecProvider{}, JsonObjectCodecProvider{}, BsonCodecProvider{}, EnumCodecProvider{}, com.mongodb.Jep395RecordCodecProvider@aee8437]}, clusterSettings={hosts=[localhost:27017], srvServiceName=mongodb, mode=SINGLE, requiredClusterType=UNKNOWN, requiredReplicaSetName='null', serverSelector='null', clusterListeners='[]', serverSelectionTimeout='30000 ms', localThreshold='30000 ms'}, socketSettings=SocketSettings{connectTimeoutMS=10000, readTimeoutMS=0, receiveBufferSize=0, sendBufferSize=0}, heartbeatSocketSettings=SocketSettings{connectTimeoutMS=10000, readTimeoutMS=10000, receiveBufferSize=0, sendBufferSize=0}, connectionPoolSettings=ConnectionPoolSettings{maxSize=100, minSize=0, maxWaitTimeMS=120000, maxConnectionLifeTimeMS=0, maxConnectionIdleTimeMS=0, maintenanceInitialDelayMS=0, maintenanceFrequencyMS=60000, connectionPoolListeners=[io.micrometer.core.instrument.binder.mongodb.MongoMetricsConnectionPoolListener@70523571], maxConnecting=2}, serverSettings=ServerSettings{heartbeatFrequencyMS=10000, minHeartbeatFrequencyMS=500, serverListeners='[]', serverMonitorListeners='[]'}, sslSettings=SslSettings{enabled=false, invalidHostNameAllowed=false, context=null}, applicationName='null', compressorList=[], uuidRepresentation=JAVA_LEGACY, serverApi=null, autoEncryptionSettings=null, contextProvider=null}
2025-01-22 10:32:52 [cluster-rtt-ClusterId{value='6790bb441cc9ee74bceddc39', description='null'}-localhost:27017] INFO  org.mongodb.driver.connection - Opened connection [connectionId{localValue:88, serverValue:88}] to localhost:27017
2025-01-22 10:32:52 [cluster-ClusterId{value='6790bb441cc9ee74bceddc39', description='null'}-localhost:27017] INFO  org.mongodb.driver.connection - Opened connection [connectionId{localValue:87, serverValue:87}] to localhost:27017
2025-01-22 10:32:52 [cluster-ClusterId{value='6790bb441cc9ee74bceddc39', description='null'}-localhost:27017] INFO  org.mongodb.driver.cluster - Monitor thread successfully connected to server with description ServerDescription{address=localhost:27017, type=STANDALONE, state=CONNECTED, ok=true, minWireVersion=0, maxWireVersion=21, maxDocumentSize=16777216, logicalSessionTimeoutMinutes=30, roundTripTimeNanos=1597100}
2025-01-22 10:32:52 [restartedMain] DEBUG o.s.d.m.c.i.MongoPersistentEntityIndexCreator - Analyzing class class com.MusicManager.model.Role for index information.
2025-01-22 10:32:52 [restartedMain] INFO  org.mongodb.driver.connection - Opened connection [connectionId{localValue:89, serverValue:89}] to localhost:27017
2025-01-22 10:32:52 [restartedMain] DEBUG o.s.d.m.c.i.MongoPersistentEntityIndexCreator - Analyzing class class com.MusicManager.model.User for index information.
2025-01-22 10:32:52 [restartedMain] DEBUG o.s.d.m.c.i.MongoPersistentEntityIndexCreator - Analyzing class class com.MusicManager.model.Chanson for index information.
2025-01-22 10:32:52 [restartedMain] DEBUG o.s.d.m.c.i.MongoPersistentEntityIndexCreator - Analyzing class class com.MusicManager.model.Album for index information.
2025-01-22 10:32:52 [restartedMain] DEBUG c.M.security.JwtAuthenticationFilter - Filter 'jwtAuthenticationFilter' configured for use
2025-01-22 10:32:52 [restartedMain] INFO  o.s.b.d.a.OptionalLiveReloadServer - LiveReload server is running on port 35729
2025-01-22 10:32:52 [restartedMain] DEBUG o.s.data.mongodb.core.MongoTemplate - Executing count: {} in collection: roles
2025-01-22 10:32:52 [restartedMain] INFO  o.s.s.web.DefaultSecurityFilterChain - Will secure any request with [org.springframework.security.web.session.DisableEncodeUrlFilter@2567df7, org.springframework.security.web.context.request.async.WebAsyncManagerIntegrationFilter@6d92e531, org.springframework.security.web.context.SecurityContextPersistenceFilter@4e37c665, org.springframework.security.web.header.HeaderWriterFilter@78f0f15b, org.springframework.security.web.authentication.logout.LogoutFilter@6f95c6c3, com.MusicManager.security.JwtAuthenticationFilter@3fcee6bb, org.springframework.security.web.savedrequest.RequestCacheAwareFilter@1ce868c3, org.springframework.security.web.servletapi.SecurityContextHolderAwareRequestFilter@636d382c, org.springframework.security.web.authentication.AnonymousAuthenticationFilter@2d82c631, org.springframework.security.web.session.SessionManagementFilter@1c2c0b8e, org.springframework.security.web.access.ExceptionTranslationFilter@95b6ada, org.springframework.security.web.access.intercept.FilterSecurityInterceptor@3b9d6b6a]
2025-01-22 10:32:52 [restartedMain] INFO  o.s.b.a.e.web.EndpointLinksResolver - Exposing 1 endpoint(s) beneath base path '/actuator'
2025-01-22 10:32:52 [restartedMain] INFO  o.s.b.w.e.tomcat.TomcatWebServer - Tomcat started on port(s): 8080 (http) with context path ''
2025-01-22 10:32:52 [restartedMain] INFO  c.M.MusicManagerApplication - Started MusicManagerApplication in 0.553 seconds (JVM running for 4543.488)
2025-01-22 10:32:52 [restartedMain] INFO  o.s.b.d.a.ConditionEvaluationDeltaLoggingListener - Condition evaluation unchanged
2025-01-22 10:33:07 [File Watcher] INFO  o.s.b.d.a.LocalDevToolsAutoConfiguration$RestartingClassPathChangeChangedEventListener - Restarting due to 4 class path changes (0 additions, 0 deletions, 4 modifications)
2025-01-22 10:33:07 [Thread-117] INFO  o.a.catalina.core.StandardService - Stopping service [Tomcat]
2025-01-22 10:33:07 [Thread-117] WARN  o.a.c.loader.WebappClassLoaderBase - The web application [ROOT] appears to have started a thread named [cluster-ClusterId{value='6790bb441cc9ee74bceddc39', description='null'}-localhost:27017] but has failed to stop it. This is very likely to create a memory leak. Stack trace of thread:
 java.base@17.0.12/sun.nio.ch.Net.poll(Native Method)
 java.base@17.0.12/sun.nio.ch.NioSocketImpl.park(NioSocketImpl.java:186)
 java.base@17.0.12/sun.nio.ch.NioSocketImpl.timedRead(NioSocketImpl.java:290)
 java.base@17.0.12/sun.nio.ch.NioSocketImpl.implRead(NioSocketImpl.java:314)
 java.base@17.0.12/sun.nio.ch.NioSocketImpl.read(NioSocketImpl.java:355)
 java.base@17.0.12/sun.nio.ch.NioSocketImpl$1.read(NioSocketImpl.java:808)
 java.base@17.0.12/java.net.Socket$SocketInputStream.read(Socket.java:966)
 app//com.mongodb.internal.connection.SocketStream.read(SocketStream.java:110)
 app//com.mongodb.internal.connection.SocketStream.read(SocketStream.java:135)
 app//com.mongodb.internal.connection.InternalStreamConnection.receiveResponseBuffers(InternalStreamConnection.java:713)
 app//com.mongodb.internal.connection.InternalStreamConnection.receiveMessageWithAdditionalTimeout(InternalStreamConnection.java:571)
 app//com.mongodb.internal.connection.InternalStreamConnection.receiveCommandMessageResponse(InternalStreamConnection.java:410)
 app//com.mongodb.internal.connection.InternalStreamConnection.receive(InternalStreamConnection.java:369)
 app//com.mongodb.internal.connection.DefaultServerMonitor$ServerMonitorRunnable.lookupServerDescription(DefaultServerMonitor.java:221)
 app//com.mongodb.internal.connection.DefaultServerMonitor$ServerMonitorRunnable.run(DefaultServerMonitor.java:157)
 java.base@17.0.12/java.lang.Thread.run(Thread.java:840)
2025-01-22 10:33:07 [Thread-117] WARN  o.a.c.loader.WebappClassLoaderBase - The web application [ROOT] appears to have started a thread named [cluster-rtt-ClusterId{value='6790bb441cc9ee74bceddc39', description='null'}-localhost:27017] but has failed to stop it. This is very likely to create a memory leak. Stack trace of thread:
 java.base@17.0.12/java.lang.Thread.sleep(Native Method)
 app//com.mongodb.internal.connection.DefaultServerMonitor.waitForNext(DefaultServerMonitor.java:443)
 app//com.mongodb.internal.connection.DefaultServerMonitor.access$1500(DefaultServerMonitor.java:64)
 app//com.mongodb.internal.connection.DefaultServerMonitor$RoundTripTimeRunnable.run(DefaultServerMonitor.java:415)
 java.base@17.0.12/java.lang.Thread.run(Thread.java:840)
2025-01-22 10:33:07 [Thread-117] WARN  o.a.c.loader.WebappClassLoaderBase - The web application [ROOT] appears to have started a thread named [MaintenanceTimer-31-thread-1] but has failed to stop it. This is very likely to create a memory leak. Stack trace of thread:
 java.base@17.0.12/jdk.internal.misc.Unsafe.park(Native Method)
 java.base@17.0.12/java.util.concurrent.locks.LockSupport.parkNanos(LockSupport.java:252)
 java.base@17.0.12/java.util.concurrent.locks.AbstractQueuedSynchronizer$ConditionObject.awaitNanos(AbstractQueuedSynchronizer.java:1674)
 java.base@17.0.12/java.util.concurrent.ScheduledThreadPoolExecutor$DelayedWorkQueue.take(ScheduledThreadPoolExecutor.java:1182)
 java.base@17.0.12/java.util.concurrent.ScheduledThreadPoolExecutor$DelayedWorkQueue.take(ScheduledThreadPoolExecutor.java:899)
 java.base@17.0.12/java.util.concurrent.ThreadPoolExecutor.getTask(ThreadPoolExecutor.java:1062)
 java.base@17.0.12/java.util.concurrent.ThreadPoolExecutor.runWorker(ThreadPoolExecutor.java:1122)
 java.base@17.0.12/java.util.concurrent.ThreadPoolExecutor$Worker.run(ThreadPoolExecutor.java:635)
 java.base@17.0.12/java.lang.Thread.run(Thread.java:840)
2025-01-22 10:33:07 [restartedMain] INFO  c.M.MusicManagerApplication - Starting MusicManagerApplication using Java 17.0.12 on LAPTOP-ICGVSVEA with PID 18272 (C:\Users\ycode\Streamify\back-end\target\classes started by ycode in C:\Users\ycode\Streamify\back-end)
2025-01-22 10:33:07 [restartedMain] DEBUG c.M.MusicManagerApplication - Running with Spring Boot v2.7.18, Spring v5.3.31
2025-01-22 10:33:07 [restartedMain] INFO  c.M.MusicManagerApplication - The following 1 profile is active: "prod"
2025-01-22 10:33:07 [restartedMain] INFO  o.s.d.r.c.RepositoryConfigurationDelegate - Bootstrapping Spring Data MongoDB repositories in DEFAULT mode.
2025-01-22 10:33:07 [restartedMain] INFO  o.s.d.r.c.RepositoryConfigurationDelegate - Finished Spring Data repository scanning in 17 ms. Found 4 MongoDB repository interfaces.
2025-01-22 10:33:07 [restartedMain] INFO  o.s.b.w.e.tomcat.TomcatWebServer - Tomcat initialized with port(s): 8080 (http)
2025-01-22 10:33:07 [restartedMain] INFO  o.a.catalina.core.StandardService - Starting service [Tomcat]
2025-01-22 10:33:07 [restartedMain] INFO  o.a.catalina.core.StandardEngine - Starting Servlet engine: [Apache Tomcat/9.0.83]
2025-01-22 10:33:07 [restartedMain] INFO  o.a.c.c.C.[Tomcat-2].[localhost].[/] - Initializing Spring embedded WebApplicationContext
2025-01-22 10:33:07 [restartedMain] INFO  o.s.b.w.s.c.ServletWebServerApplicationContext - Root WebApplicationContext: initialization completed in 302 ms
2025-01-22 10:33:07 [restartedMain] INFO  org.mongodb.driver.client - MongoClient with metadata {"driver": {"name": "mongo-java-driver|sync|spring-boot", "version": "4.6.1"}, "os": {"type": "Windows", "name": "Windows 11", "architecture": "amd64", "version": "10.0"}, "platform": "Java/Eclipse Adoptium/17.0.12+7"} created with settings MongoClientSettings{readPreference=primary, writeConcern=WriteConcern{w=null, wTimeout=null ms, journal=null}, retryWrites=true, retryReads=true, readConcern=ReadConcern{level=null}, credential=null, streamFactoryFactory=null, commandListeners=[io.micrometer.core.instrument.binder.mongodb.MongoMetricsCommandListener@6864e2b1], codecRegistry=ProvidersCodecRegistry{codecProviders=[ValueCodecProvider{}, BsonValueCodecProvider{}, DBRefCodecProvider{}, DBObjectCodecProvider{}, DocumentCodecProvider{}, IterableCodecProvider{}, MapCodecProvider{}, GeoJsonCodecProvider{}, GridFSFileCodecProvider{}, Jsr310CodecProvider{}, JsonObjectCodecProvider{}, BsonCodecProvider{}, EnumCodecProvider{}, com.mongodb.Jep395RecordCodecProvider@aee8437]}, clusterSettings={hosts=[localhost:27017], srvServiceName=mongodb, mode=SINGLE, requiredClusterType=UNKNOWN, requiredReplicaSetName='null', serverSelector='null', clusterListeners='[]', serverSelectionTimeout='30000 ms', localThreshold='30000 ms'}, socketSettings=SocketSettings{connectTimeoutMS=10000, readTimeoutMS=0, receiveBufferSize=0, sendBufferSize=0}, heartbeatSocketSettings=SocketSettings{connectTimeoutMS=10000, readTimeoutMS=10000, receiveBufferSize=0, sendBufferSize=0}, connectionPoolSettings=ConnectionPoolSettings{maxSize=100, minSize=0, maxWaitTimeMS=120000, maxConnectionLifeTimeMS=0, maxConnectionIdleTimeMS=0, maintenanceInitialDelayMS=0, maintenanceFrequencyMS=60000, connectionPoolListeners=[io.micrometer.core.instrument.binder.mongodb.MongoMetricsConnectionPoolListener@10166246], maxConnecting=2}, serverSettings=ServerSettings{heartbeatFrequencyMS=10000, minHeartbeatFrequencyMS=500, serverListeners='[]', serverMonitorListeners='[]'}, sslSettings=SslSettings{enabled=false, invalidHostNameAllowed=false, context=null}, applicationName='null', compressorList=[], uuidRepresentation=JAVA_LEGACY, serverApi=null, autoEncryptionSettings=null, contextProvider=null}
2025-01-22 10:33:07 [cluster-ClusterId{value='6790bb531cc9ee74bceddc3a', description='null'}-localhost:27017] INFO  org.mongodb.driver.connection - Opened connection [connectionId{localValue:90, serverValue:90}] to localhost:27017
2025-01-22 10:33:07 [cluster-ClusterId{value='6790bb531cc9ee74bceddc3a', description='null'}-localhost:27017] INFO  org.mongodb.driver.cluster - Monitor thread successfully connected to server with description ServerDescription{address=localhost:27017, type=STANDALONE, state=CONNECTED, ok=true, minWireVersion=0, maxWireVersion=21, maxDocumentSize=16777216, logicalSessionTimeoutMinutes=30, roundTripTimeNanos=1999000}
2025-01-22 10:33:07 [cluster-rtt-ClusterId{value='6790bb531cc9ee74bceddc3a', description='null'}-localhost:27017] INFO  org.mongodb.driver.connection - Opened connection [connectionId{localValue:91, serverValue:91}] to localhost:27017
2025-01-22 10:33:07 [restartedMain] DEBUG o.s.d.m.c.i.MongoPersistentEntityIndexCreator - Analyzing class class com.MusicManager.model.Role for index information.
2025-01-22 10:33:07 [restartedMain] INFO  org.mongodb.driver.connection - Opened connection [connectionId{localValue:92, serverValue:92}] to localhost:27017
2025-01-22 10:33:07 [restartedMain] DEBUG o.s.d.m.c.i.MongoPersistentEntityIndexCreator - Analyzing class class com.MusicManager.model.Album for index information.
2025-01-22 10:33:07 [restartedMain] DEBUG o.s.d.m.c.i.MongoPersistentEntityIndexCreator - Analyzing class class com.MusicManager.model.User for index information.
2025-01-22 10:33:07 [restartedMain] DEBUG o.s.d.m.c.i.MongoPersistentEntityIndexCreator - Analyzing class class com.MusicManager.model.Chanson for index information.
2025-01-22 10:33:07 [restartedMain] DEBUG c.M.security.JwtAuthenticationFilter - Filter 'jwtAuthenticationFilter' configured for use
2025-01-22 10:33:07 [restartedMain] INFO  o.s.b.d.a.OptionalLiveReloadServer - LiveReload server is running on port 35729
2025-01-22 10:33:07 [restartedMain] DEBUG o.s.data.mongodb.core.MongoTemplate - Executing count: {} in collection: roles
2025-01-22 10:33:07 [restartedMain] INFO  o.s.s.web.DefaultSecurityFilterChain - Will secure any request with [org.springframework.security.web.session.DisableEncodeUrlFilter@6fc3700, org.springframework.security.web.context.request.async.WebAsyncManagerIntegrationFilter@747bd7cc, org.springframework.security.web.context.SecurityContextPersistenceFilter@512fef9d, org.springframework.security.web.header.HeaderWriterFilter@1df8d8f4, org.springframework.security.web.authentication.logout.LogoutFilter@3c8ad6d3, com.MusicManager.security.JwtAuthenticationFilter@71e12a0, org.springframework.security.web.savedrequest.RequestCacheAwareFilter@b9440df, org.springframework.security.web.servletapi.SecurityContextHolderAwareRequestFilter@50f00621, org.springframework.security.web.authentication.AnonymousAuthenticationFilter@48e3a019, org.springframework.security.web.session.SessionManagementFilter@144ac1e1, org.springframework.security.web.access.ExceptionTranslationFilter@58005c23, org.springframework.security.web.access.intercept.FilterSecurityInterceptor@7bd85718]
2025-01-22 10:33:08 [restartedMain] INFO  o.s.b.a.e.web.EndpointLinksResolver - Exposing 1 endpoint(s) beneath base path '/actuator'
2025-01-22 10:33:08 [restartedMain] INFO  o.s.b.w.e.tomcat.TomcatWebServer - Tomcat started on port(s): 8080 (http) with context path ''
2025-01-22 10:33:08 [restartedMain] INFO  c.M.MusicManagerApplication - Started MusicManagerApplication in 0.602 seconds (JVM running for 4558.928)
2025-01-22 10:33:08 [restartedMain] INFO  o.s.b.d.a.ConditionEvaluationDeltaLoggingListener - Condition evaluation unchanged
2025-01-22 10:33:09 [File Watcher] INFO  o.s.b.d.a.LocalDevToolsAutoConfiguration$RestartingClassPathChangeChangedEventListener - Restarting due to 4 class path changes (0 additions, 0 deletions, 4 modifications)
2025-01-22 10:33:09 [Thread-121] INFO  o.a.catalina.core.StandardService - Stopping service [Tomcat]
2025-01-22 10:33:09 [Thread-121] WARN  o.a.c.loader.WebappClassLoaderBase - The web application [ROOT] appears to have started a thread named [cluster-ClusterId{value='6790bb531cc9ee74bceddc3a', description='null'}-localhost:27017] but has failed to stop it. This is very likely to create a memory leak. Stack trace of thread:
 java.base@17.0.12/sun.nio.ch.Net.poll(Native Method)
 java.base@17.0.12/sun.nio.ch.NioSocketImpl.park(NioSocketImpl.java:186)
 java.base@17.0.12/sun.nio.ch.NioSocketImpl.timedRead(NioSocketImpl.java:290)
 java.base@17.0.12/sun.nio.ch.NioSocketImpl.implRead(NioSocketImpl.java:314)
 java.base@17.0.12/sun.nio.ch.NioSocketImpl.read(NioSocketImpl.java:355)
 java.base@17.0.12/sun.nio.ch.NioSocketImpl$1.read(NioSocketImpl.java:808)
 java.base@17.0.12/java.net.Socket$SocketInputStream.read(Socket.java:966)
 app//com.mongodb.internal.connection.SocketStream.read(SocketStream.java:110)
 app//com.mongodb.internal.connection.SocketStream.read(SocketStream.java:135)
 app//com.mongodb.internal.connection.InternalStreamConnection.receiveResponseBuffers(InternalStreamConnection.java:713)
 app//com.mongodb.internal.connection.InternalStreamConnection.receiveMessageWithAdditionalTimeout(InternalStreamConnection.java:571)
 app//com.mongodb.internal.connection.InternalStreamConnection.receiveCommandMessageResponse(InternalStreamConnection.java:410)
 app//com.mongodb.internal.connection.InternalStreamConnection.receive(InternalStreamConnection.java:369)
 app//com.mongodb.internal.connection.DefaultServerMonitor$ServerMonitorRunnable.lookupServerDescription(DefaultServerMonitor.java:221)
 app//com.mongodb.internal.connection.DefaultServerMonitor$ServerMonitorRunnable.run(DefaultServerMonitor.java:157)
 java.base@17.0.12/java.lang.Thread.run(Thread.java:840)
2025-01-22 10:33:09 [Thread-121] WARN  o.a.c.loader.WebappClassLoaderBase - The web application [ROOT] appears to have started a thread named [cluster-rtt-ClusterId{value='6790bb531cc9ee74bceddc3a', description='null'}-localhost:27017] but has failed to stop it. This is very likely to create a memory leak. Stack trace of thread:
 java.base@17.0.12/java.lang.Thread.sleep(Native Method)
 app//com.mongodb.internal.connection.DefaultServerMonitor.waitForNext(DefaultServerMonitor.java:443)
 app//com.mongodb.internal.connection.DefaultServerMonitor.access$1500(DefaultServerMonitor.java:64)
 app//com.mongodb.internal.connection.DefaultServerMonitor$RoundTripTimeRunnable.run(DefaultServerMonitor.java:415)
 java.base@17.0.12/java.lang.Thread.run(Thread.java:840)
2025-01-22 10:33:09 [Thread-121] WARN  o.a.c.loader.WebappClassLoaderBase - The web application [ROOT] appears to have started a thread named [MaintenanceTimer-32-thread-1] but has failed to stop it. This is very likely to create a memory leak. Stack trace of thread:
 java.base@17.0.12/jdk.internal.misc.Unsafe.park(Native Method)
 java.base@17.0.12/java.util.concurrent.locks.LockSupport.parkNanos(LockSupport.java:252)
 java.base@17.0.12/java.util.concurrent.locks.AbstractQueuedSynchronizer$ConditionObject.awaitNanos(AbstractQueuedSynchronizer.java:1674)
 java.base@17.0.12/java.util.concurrent.ScheduledThreadPoolExecutor$DelayedWorkQueue.take(ScheduledThreadPoolExecutor.java:1182)
 java.base@17.0.12/java.util.concurrent.ScheduledThreadPoolExecutor$DelayedWorkQueue.take(ScheduledThreadPoolExecutor.java:899)
 java.base@17.0.12/java.util.concurrent.ThreadPoolExecutor.getTask(ThreadPoolExecutor.java:1062)
 java.base@17.0.12/java.util.concurrent.ThreadPoolExecutor.runWorker(ThreadPoolExecutor.java:1122)
 java.base@17.0.12/java.util.concurrent.ThreadPoolExecutor$Worker.run(ThreadPoolExecutor.java:635)
 java.base@17.0.12/java.lang.Thread.run(Thread.java:840)
2025-01-22 10:33:09 [restartedMain] INFO  c.M.MusicManagerApplication - Starting MusicManagerApplication using Java 17.0.12 on LAPTOP-ICGVSVEA with PID 18272 (C:\Users\ycode\Streamify\back-end\target\classes started by ycode in C:\Users\ycode\Streamify\back-end)
2025-01-22 10:33:09 [restartedMain] DEBUG c.M.MusicManagerApplication - Running with Spring Boot v2.7.18, Spring v5.3.31
2025-01-22 10:33:09 [restartedMain] INFO  c.M.MusicManagerApplication - The following 1 profile is active: "prod"
2025-01-22 10:33:10 [restartedMain] INFO  o.s.d.r.c.RepositoryConfigurationDelegate - Bootstrapping Spring Data MongoDB repositories in DEFAULT mode.
2025-01-22 10:33:10 [restartedMain] INFO  o.s.d.r.c.RepositoryConfigurationDelegate - Finished Spring Data repository scanning in 53 ms. Found 4 MongoDB repository interfaces.
2025-01-22 10:33:10 [restartedMain] INFO  o.s.b.w.e.tomcat.TomcatWebServer - Tomcat initialized with port(s): 8080 (http)
2025-01-22 10:33:10 [restartedMain] INFO  o.a.catalina.core.StandardService - Starting service [Tomcat]
2025-01-22 10:33:10 [restartedMain] INFO  o.a.catalina.core.StandardEngine - Starting Servlet engine: [Apache Tomcat/9.0.83]
2025-01-22 10:33:10 [restartedMain] INFO  o.a.c.c.C.[Tomcat-2].[localhost].[/] - Initializing Spring embedded WebApplicationContext
2025-01-22 10:33:10 [restartedMain] INFO  o.s.b.w.s.c.ServletWebServerApplicationContext - Root WebApplicationContext: initialization completed in 596 ms
2025-01-22 10:33:10 [restartedMain] INFO  org.mongodb.driver.client - MongoClient with metadata {"driver": {"name": "mongo-java-driver|sync|spring-boot", "version": "4.6.1"}, "os": {"type": "Windows", "name": "Windows 11", "architecture": "amd64", "version": "10.0"}, "platform": "Java/Eclipse Adoptium/17.0.12+7"} created with settings MongoClientSettings{readPreference=primary, writeConcern=WriteConcern{w=null, wTimeout=null ms, journal=null}, retryWrites=true, retryReads=true, readConcern=ReadConcern{level=null}, credential=null, streamFactoryFactory=null, commandListeners=[io.micrometer.core.instrument.binder.mongodb.MongoMetricsCommandListener@42f9a0ec], codecRegistry=ProvidersCodecRegistry{codecProviders=[ValueCodecProvider{}, BsonValueCodecProvider{}, DBRefCodecProvider{}, DBObjectCodecProvider{}, DocumentCodecProvider{}, IterableCodecProvider{}, MapCodecProvider{}, GeoJsonCodecProvider{}, GridFSFileCodecProvider{}, Jsr310CodecProvider{}, JsonObjectCodecProvider{}, BsonCodecProvider{}, EnumCodecProvider{}, com.mongodb.Jep395RecordCodecProvider@aee8437]}, clusterSettings={hosts=[localhost:27017], srvServiceName=mongodb, mode=SINGLE, requiredClusterType=UNKNOWN, requiredReplicaSetName='null', serverSelector='null', clusterListeners='[]', serverSelectionTimeout='30000 ms', localThreshold='30000 ms'}, socketSettings=SocketSettings{connectTimeoutMS=10000, readTimeoutMS=0, receiveBufferSize=0, sendBufferSize=0}, heartbeatSocketSettings=SocketSettings{connectTimeoutMS=10000, readTimeoutMS=10000, receiveBufferSize=0, sendBufferSize=0}, connectionPoolSettings=ConnectionPoolSettings{maxSize=100, minSize=0, maxWaitTimeMS=120000, maxConnectionLifeTimeMS=0, maxConnectionIdleTimeMS=0, maintenanceInitialDelayMS=0, maintenanceFrequencyMS=60000, connectionPoolListeners=[io.micrometer.core.instrument.binder.mongodb.MongoMetricsConnectionPoolListener@3d0f9c3d], maxConnecting=2}, serverSettings=ServerSettings{heartbeatFrequencyMS=10000, minHeartbeatFrequencyMS=500, serverListeners='[]', serverMonitorListeners='[]'}, sslSettings=SslSettings{enabled=false, invalidHostNameAllowed=false, context=null}, applicationName='null', compressorList=[], uuidRepresentation=JAVA_LEGACY, serverApi=null, autoEncryptionSettings=null, contextProvider=null}
2025-01-22 10:33:10 [cluster-rtt-ClusterId{value='6790bb561cc9ee74bceddc3b', description='null'}-localhost:27017] INFO  org.mongodb.driver.connection - Opened connection [connectionId{localValue:94, serverValue:93}] to localhost:27017
2025-01-22 10:33:10 [cluster-ClusterId{value='6790bb561cc9ee74bceddc3b', description='null'}-localhost:27017] INFO  org.mongodb.driver.connection - Opened connection [connectionId{localValue:93, serverValue:94}] to localhost:27017
2025-01-22 10:33:10 [cluster-ClusterId{value='6790bb561cc9ee74bceddc3b', description='null'}-localhost:27017] INFO  org.mongodb.driver.cluster - Monitor thread successfully connected to server with description ServerDescription{address=localhost:27017, type=STANDALONE, state=CONNECTED, ok=true, minWireVersion=0, maxWireVersion=21, maxDocumentSize=16777216, logicalSessionTimeoutMinutes=30, roundTripTimeNanos=2238000}
2025-01-22 10:33:10 [restartedMain] DEBUG o.s.d.m.c.i.MongoPersistentEntityIndexCreator - Analyzing class class com.MusicManager.model.Chanson for index information.
2025-01-22 10:33:10 [restartedMain] DEBUG o.s.d.m.c.i.MongoPersistentEntityIndexCreator - Analyzing class class com.MusicManager.model.Album for index information.
2025-01-22 10:33:10 [restartedMain] DEBUG o.s.d.m.c.i.MongoPersistentEntityIndexCreator - Analyzing class class com.MusicManager.model.Role for index information.
2025-01-22 10:33:10 [restartedMain] INFO  org.mongodb.driver.connection - Opened connection [connectionId{localValue:95, serverValue:95}] to localhost:27017
2025-01-22 10:33:10 [restartedMain] DEBUG o.s.d.m.c.i.MongoPersistentEntityIndexCreator - Analyzing class class com.MusicManager.model.User for index information.
2025-01-22 10:33:10 [restartedMain] DEBUG c.M.security.JwtAuthenticationFilter - Filter 'jwtAuthenticationFilter' configured for use
2025-01-22 10:33:10 [restartedMain] INFO  o.s.b.d.a.OptionalLiveReloadServer - LiveReload server is running on port 35729
2025-01-22 10:33:10 [restartedMain] DEBUG o.s.data.mongodb.core.MongoTemplate - Executing count: {} in collection: roles
2025-01-22 10:33:10 [restartedMain] INFO  o.s.s.web.DefaultSecurityFilterChain - Will secure any request with [org.springframework.security.web.session.DisableEncodeUrlFilter@1434909b, org.springframework.security.web.context.request.async.WebAsyncManagerIntegrationFilter@17e8c3fe, org.springframework.security.web.context.SecurityContextPersistenceFilter@13d7a9aa, org.springframework.security.web.header.HeaderWriterFilter@76dd88a8, org.springframework.security.web.authentication.logout.LogoutFilter@74413e42, com.MusicManager.security.JwtAuthenticationFilter@22d26b29, org.springframework.security.web.savedrequest.RequestCacheAwareFilter@6cb36670, org.springframework.security.web.servletapi.SecurityContextHolderAwareRequestFilter@76b13b86, org.springframework.security.web.authentication.AnonymousAuthenticationFilter@2cf9c473, org.springframework.security.web.session.SessionManagementFilter@9b4ab84, org.springframework.security.web.access.ExceptionTranslationFilter@3c286676, org.springframework.security.web.access.intercept.FilterSecurityInterceptor@fa3b7f9]
2025-01-22 10:33:10 [restartedMain] INFO  o.s.b.a.e.web.EndpointLinksResolver - Exposing 1 endpoint(s) beneath base path '/actuator'
2025-01-22 10:33:10 [restartedMain] INFO  o.s.b.w.e.tomcat.TomcatWebServer - Tomcat started on port(s): 8080 (http) with context path ''
2025-01-22 10:33:10 [restartedMain] INFO  c.M.MusicManagerApplication - Started MusicManagerApplication in 0.887 seconds (JVM running for 4561.331)
2025-01-22 10:33:10 [restartedMain] INFO  o.s.b.d.a.ConditionEvaluationDeltaLoggingListener - Condition evaluation unchanged
2025-01-22 10:33:18 [File Watcher] INFO  o.s.b.d.a.LocalDevToolsAutoConfiguration$RestartingClassPathChangeChangedEventListener - Restarting due to 59 class path changes (0 additions, 4 deletions, 55 modifications)
2025-01-22 10:33:18 [Thread-125] INFO  o.a.catalina.core.StandardService - Stopping service [Tomcat]
2025-01-22 10:33:18 [Thread-125] WARN  o.a.c.loader.WebappClassLoaderBase - The web application [ROOT] appears to have started a thread named [cluster-ClusterId{value='6790bb561cc9ee74bceddc3b', description='null'}-localhost:27017] but has failed to stop it. This is very likely to create a memory leak. Stack trace of thread:
 java.base@17.0.12/sun.nio.ch.Net.poll(Native Method)
 java.base@17.0.12/sun.nio.ch.NioSocketImpl.park(NioSocketImpl.java:186)
 java.base@17.0.12/sun.nio.ch.NioSocketImpl.timedRead(NioSocketImpl.java:290)
 java.base@17.0.12/sun.nio.ch.NioSocketImpl.implRead(NioSocketImpl.java:314)
 java.base@17.0.12/sun.nio.ch.NioSocketImpl.read(NioSocketImpl.java:355)
 java.base@17.0.12/sun.nio.ch.NioSocketImpl$1.read(NioSocketImpl.java:808)
 java.base@17.0.12/java.net.Socket$SocketInputStream.read(Socket.java:966)
 app//com.mongodb.internal.connection.SocketStream.read(SocketStream.java:110)
 app//com.mongodb.internal.connection.SocketStream.read(SocketStream.java:135)
 app//com.mongodb.internal.connection.InternalStreamConnection.receiveResponseBuffers(InternalStreamConnection.java:713)
 app//com.mongodb.internal.connection.InternalStreamConnection.receiveMessageWithAdditionalTimeout(InternalStreamConnection.java:571)
 app//com.mongodb.internal.connection.InternalStreamConnection.receiveCommandMessageResponse(InternalStreamConnection.java:410)
 app//com.mongodb.internal.connection.InternalStreamConnection.receive(InternalStreamConnection.java:369)
 app//com.mongodb.internal.connection.DefaultServerMonitor$ServerMonitorRunnable.lookupServerDescription(DefaultServerMonitor.java:221)
 app//com.mongodb.internal.connection.DefaultServerMonitor$ServerMonitorRunnable.run(DefaultServerMonitor.java:157)
 java.base@17.0.12/java.lang.Thread.run(Thread.java:840)
2025-01-22 10:33:18 [Thread-125] WARN  o.a.c.loader.WebappClassLoaderBase - The web application [ROOT] appears to have started a thread named [cluster-rtt-ClusterId{value='6790bb561cc9ee74bceddc3b', description='null'}-localhost:27017] but has failed to stop it. This is very likely to create a memory leak. Stack trace of thread:
 java.base@17.0.12/java.lang.Thread.sleep(Native Method)
 app//com.mongodb.internal.connection.DefaultServerMonitor.waitForNext(DefaultServerMonitor.java:443)
 app//com.mongodb.internal.connection.DefaultServerMonitor.access$1500(DefaultServerMonitor.java:64)
 app//com.mongodb.internal.connection.DefaultServerMonitor$RoundTripTimeRunnable.run(DefaultServerMonitor.java:415)
 java.base@17.0.12/java.lang.Thread.run(Thread.java:840)
2025-01-22 10:33:18 [Thread-125] WARN  o.a.c.loader.WebappClassLoaderBase - The web application [ROOT] appears to have started a thread named [MaintenanceTimer-33-thread-1] but has failed to stop it. This is very likely to create a memory leak. Stack trace of thread:
 java.base@17.0.12/jdk.internal.misc.Unsafe.park(Native Method)
 java.base@17.0.12/java.util.concurrent.locks.LockSupport.parkNanos(LockSupport.java:252)
 java.base@17.0.12/java.util.concurrent.locks.AbstractQueuedSynchronizer$ConditionObject.awaitNanos(AbstractQueuedSynchronizer.java:1674)
 java.base@17.0.12/java.util.concurrent.ScheduledThreadPoolExecutor$DelayedWorkQueue.take(ScheduledThreadPoolExecutor.java:1182)
 java.base@17.0.12/java.util.concurrent.ScheduledThreadPoolExecutor$DelayedWorkQueue.take(ScheduledThreadPoolExecutor.java:899)
 java.base@17.0.12/java.util.concurrent.ThreadPoolExecutor.getTask(ThreadPoolExecutor.java:1062)
 java.base@17.0.12/java.util.concurrent.ThreadPoolExecutor.runWorker(ThreadPoolExecutor.java:1122)
 java.base@17.0.12/java.util.concurrent.ThreadPoolExecutor$Worker.run(ThreadPoolExecutor.java:635)
 java.base@17.0.12/java.lang.Thread.run(Thread.java:840)
2025-01-22 10:33:22 [restartedMain] INFO  c.M.MusicManagerApplication - Starting MusicManagerApplication using Java 17.0.12 on LAPTOP-ICGVSVEA with PID 18272 (C:\Users\ycode\Streamify\back-end\target\classes started by ycode in C:\Users\ycode\Streamify\back-end)
2025-01-22 10:33:22 [restartedMain] DEBUG c.M.MusicManagerApplication - Running with Spring Boot v2.7.18, Spring v5.3.31
2025-01-22 10:33:22 [restartedMain] INFO  c.M.MusicManagerApplication - The following 1 profile is active: "prod"
2025-01-22 10:33:23 [restartedMain] INFO  o.s.d.r.c.RepositoryConfigurationDelegate - Bootstrapping Spring Data MongoDB repositories in DEFAULT mode.
2025-01-22 10:33:23 [restartedMain] INFO  o.s.d.r.c.RepositoryConfigurationDelegate - Finished Spring Data repository scanning in 55 ms. Found 4 MongoDB repository interfaces.
2025-01-22 10:33:23 [restartedMain] INFO  o.s.b.w.e.tomcat.TomcatWebServer - Tomcat initialized with port(s): 8080 (http)
2025-01-22 10:33:23 [restartedMain] INFO  o.a.catalina.core.StandardService - Starting service [Tomcat]
2025-01-22 10:33:23 [restartedMain] INFO  o.a.catalina.core.StandardEngine - Starting Servlet engine: [Apache Tomcat/9.0.83]
2025-01-22 10:33:23 [restartedMain] INFO  o.a.c.c.C.[Tomcat-3].[localhost].[/] - Initializing Spring embedded WebApplicationContext
2025-01-22 10:33:23 [restartedMain] INFO  o.s.b.w.s.c.ServletWebServerApplicationContext - Root WebApplicationContext: initialization completed in 775 ms
2025-01-22 10:33:23 [restartedMain] INFO  org.mongodb.driver.client - MongoClient with metadata {"driver": {"name": "mongo-java-driver|sync|spring-boot", "version": "4.6.1"}, "os": {"type": "Windows", "name": "Windows 11", "architecture": "amd64", "version": "10.0"}, "platform": "Java/Eclipse Adoptium/17.0.12+7"} created with settings MongoClientSettings{readPreference=primary, writeConcern=WriteConcern{w=null, wTimeout=null ms, journal=null}, retryWrites=true, retryReads=true, readConcern=ReadConcern{level=null}, credential=null, streamFactoryFactory=null, commandListeners=[io.micrometer.core.instrument.binder.mongodb.MongoMetricsCommandListener@3b27c961], codecRegistry=ProvidersCodecRegistry{codecProviders=[ValueCodecProvider{}, BsonValueCodecProvider{}, DBRefCodecProvider{}, DBObjectCodecProvider{}, DocumentCodecProvider{}, IterableCodecProvider{}, MapCodecProvider{}, GeoJsonCodecProvider{}, GridFSFileCodecProvider{}, Jsr310CodecProvider{}, JsonObjectCodecProvider{}, BsonCodecProvider{}, EnumCodecProvider{}, com.mongodb.Jep395RecordCodecProvider@aee8437]}, clusterSettings={hosts=[localhost:27017], srvServiceName=mongodb, mode=SINGLE, requiredClusterType=UNKNOWN, requiredReplicaSetName='null', serverSelector='null', clusterListeners='[]', serverSelectionTimeout='30000 ms', localThreshold='30000 ms'}, socketSettings=SocketSettings{connectTimeoutMS=10000, readTimeoutMS=0, receiveBufferSize=0, sendBufferSize=0}, heartbeatSocketSettings=SocketSettings{connectTimeoutMS=10000, readTimeoutMS=10000, receiveBufferSize=0, sendBufferSize=0}, connectionPoolSettings=ConnectionPoolSettings{maxSize=100, minSize=0, maxWaitTimeMS=120000, maxConnectionLifeTimeMS=0, maxConnectionIdleTimeMS=0, maintenanceInitialDelayMS=0, maintenanceFrequencyMS=60000, connectionPoolListeners=[io.micrometer.core.instrument.binder.mongodb.MongoMetricsConnectionPoolListener@3806a937], maxConnecting=2}, serverSettings=ServerSettings{heartbeatFrequencyMS=10000, minHeartbeatFrequencyMS=500, serverListeners='[]', serverMonitorListeners='[]'}, sslSettings=SslSettings{enabled=false, invalidHostNameAllowed=false, context=null}, applicationName='null', compressorList=[], uuidRepresentation=JAVA_LEGACY, serverApi=null, autoEncryptionSettings=null, contextProvider=null}
2025-01-22 10:33:23 [cluster-ClusterId{value='6790bb631cc9ee74bceddc3d', description='null'}-localhost:27017] INFO  org.mongodb.driver.connection - Opened connection [connectionId{localValue:99, serverValue:99}] to localhost:27017
2025-01-22 10:33:23 [cluster-ClusterId{value='6790bb631cc9ee74bceddc3d', description='null'}-localhost:27017] INFO  org.mongodb.driver.cluster - Monitor thread successfully connected to server with description ServerDescription{address=localhost:27017, type=STANDALONE, state=CONNECTED, ok=true, minWireVersion=0, maxWireVersion=21, maxDocumentSize=16777216, logicalSessionTimeoutMinutes=30, roundTripTimeNanos=1635200}
2025-01-22 10:33:23 [cluster-rtt-ClusterId{value='6790bb631cc9ee74bceddc3d', description='null'}-localhost:27017] INFO  org.mongodb.driver.connection - Opened connection [connectionId{localValue:100, serverValue:100}] to localhost:27017
2025-01-22 10:33:23 [restartedMain] DEBUG o.s.d.m.c.i.MongoPersistentEntityIndexCreator - Analyzing class class com.MusicManager.model.Album for index information.
2025-01-22 10:33:23 [restartedMain] DEBUG o.s.d.m.c.i.MongoPersistentEntityIndexCreator - Analyzing class class com.MusicManager.model.Chanson for index information.
2025-01-22 10:33:23 [restartedMain] DEBUG o.s.d.m.c.i.MongoPersistentEntityIndexCreator - Analyzing class class com.MusicManager.model.Role for index information.
2025-01-22 10:33:23 [restartedMain] INFO  org.mongodb.driver.connection - Opened connection [connectionId{localValue:101, serverValue:101}] to localhost:27017
2025-01-22 10:33:23 [restartedMain] DEBUG o.s.d.m.c.i.MongoPersistentEntityIndexCreator - Analyzing class class com.MusicManager.model.User for index information.
2025-01-22 10:33:23 [restartedMain] DEBUG c.M.security.JwtAuthenticationFilter - Filter 'jwtAuthenticationFilter' configured for use
2025-01-22 10:33:23 [restartedMain] INFO  o.s.b.d.a.OptionalLiveReloadServer - LiveReload server is running on port 35729
2025-01-22 10:33:23 [restartedMain] DEBUG o.s.data.mongodb.core.MongoTemplate - Executing count: {} in collection: roles
2025-01-22 10:33:23 [restartedMain] INFO  o.s.s.web.DefaultSecurityFilterChain - Will secure any request with [org.springframework.security.web.session.DisableEncodeUrlFilter@50f236a6, org.springframework.security.web.context.request.async.WebAsyncManagerIntegrationFilter@1d883dc3, org.springframework.security.web.context.SecurityContextPersistenceFilter@3334c569, org.springframework.security.web.header.HeaderWriterFilter@5f42ac98, org.springframework.security.web.authentication.logout.LogoutFilter@586f21cf, com.MusicManager.security.JwtAuthenticationFilter@20e3fdea, org.springframework.security.web.savedrequest.RequestCacheAwareFilter@44551dcb, org.springframework.security.web.servletapi.SecurityContextHolderAwareRequestFilter@e394fb5, org.springframework.security.web.authentication.AnonymousAuthenticationFilter@5b505304, org.springframework.security.web.session.SessionManagementFilter@7bc71b1e, org.springframework.security.web.access.ExceptionTranslationFilter@46d6381c, org.springframework.security.web.access.intercept.FilterSecurityInterceptor@2e154c02]
2025-01-22 10:33:24 [restartedMain] INFO  o.s.b.a.e.web.EndpointLinksResolver - Exposing 1 endpoint(s) beneath base path '/actuator'
2025-01-22 10:33:24 [restartedMain] INFO  o.s.b.w.e.tomcat.TomcatWebServer - Tomcat started on port(s): 8080 (http) with context path ''
2025-01-22 10:33:24 [restartedMain] INFO  c.M.MusicManagerApplication - Started MusicManagerApplication in 1.418 seconds (JVM running for 4574.964)
2025-01-22 10:33:24 [restartedMain] INFO  o.s.b.d.a.ConditionEvaluationDeltaLoggingListener - Condition evaluation unchanged
2025-01-22 10:33:25 [File Watcher] INFO  o.s.b.d.a.LocalDevToolsAutoConfiguration$RestartingClassPathChangeChangedEventListener - Restarting due to 59 class path changes (0 additions, 59 deletions, 0 modifications)
2025-01-22 10:33:25 [Thread-129] INFO  o.a.catalina.core.StandardService - Stopping service [Tomcat]
2025-01-22 10:33:25 [Thread-129] WARN  o.a.c.loader.WebappClassLoaderBase - The web application [ROOT] appears to have started a thread named [cluster-ClusterId{value='6790bb631cc9ee74bceddc3d', description='null'}-localhost:27017] but has failed to stop it. This is very likely to create a memory leak. Stack trace of thread:
 java.base@17.0.12/sun.nio.ch.Net.poll(Native Method)
 java.base@17.0.12/sun.nio.ch.NioSocketImpl.park(NioSocketImpl.java:186)
 java.base@17.0.12/sun.nio.ch.NioSocketImpl.timedRead(NioSocketImpl.java:290)
 java.base@17.0.12/sun.nio.ch.NioSocketImpl.implRead(NioSocketImpl.java:314)
 java.base@17.0.12/sun.nio.ch.NioSocketImpl.read(NioSocketImpl.java:355)
 java.base@17.0.12/sun.nio.ch.NioSocketImpl$1.read(NioSocketImpl.java:808)
 java.base@17.0.12/java.net.Socket$SocketInputStream.read(Socket.java:966)
 app//com.mongodb.internal.connection.SocketStream.read(SocketStream.java:110)
 app//com.mongodb.internal.connection.SocketStream.read(SocketStream.java:135)
 app//com.mongodb.internal.connection.InternalStreamConnection.receiveResponseBuffers(InternalStreamConnection.java:713)
 app//com.mongodb.internal.connection.InternalStreamConnection.receiveMessageWithAdditionalTimeout(InternalStreamConnection.java:571)
 app//com.mongodb.internal.connection.InternalStreamConnection.receiveCommandMessageResponse(InternalStreamConnection.java:410)
 app//com.mongodb.internal.connection.InternalStreamConnection.receive(InternalStreamConnection.java:369)
 app//com.mongodb.internal.connection.DefaultServerMonitor$ServerMonitorRunnable.lookupServerDescription(DefaultServerMonitor.java:221)
 app//com.mongodb.internal.connection.DefaultServerMonitor$ServerMonitorRunnable.run(DefaultServerMonitor.java:157)
 java.base@17.0.12/java.lang.Thread.run(Thread.java:840)
2025-01-22 10:33:25 [Thread-129] WARN  o.a.c.loader.WebappClassLoaderBase - The web application [ROOT] appears to have started a thread named [cluster-rtt-ClusterId{value='6790bb631cc9ee74bceddc3d', description='null'}-localhost:27017] but has failed to stop it. This is very likely to create a memory leak. Stack trace of thread:
 java.base@17.0.12/java.lang.Thread.sleep(Native Method)
 app//com.mongodb.internal.connection.DefaultServerMonitor.waitForNext(DefaultServerMonitor.java:443)
 app//com.mongodb.internal.connection.DefaultServerMonitor.access$1500(DefaultServerMonitor.java:64)
 app//com.mongodb.internal.connection.DefaultServerMonitor$RoundTripTimeRunnable.run(DefaultServerMonitor.java:415)
 java.base@17.0.12/java.lang.Thread.run(Thread.java:840)
2025-01-22 10:33:25 [Thread-129] WARN  o.a.c.loader.WebappClassLoaderBase - The web application [ROOT] appears to have started a thread named [MaintenanceTimer-35-thread-1] but has failed to stop it. This is very likely to create a memory leak. Stack trace of thread:
 java.base@17.0.12/jdk.internal.misc.Unsafe.park(Native Method)
 java.base@17.0.12/java.util.concurrent.locks.LockSupport.parkNanos(LockSupport.java:252)
 java.base@17.0.12/java.util.concurrent.locks.AbstractQueuedSynchronizer$ConditionObject.awaitNanos(AbstractQueuedSynchronizer.java:1674)
 java.base@17.0.12/java.util.concurrent.ScheduledThreadPoolExecutor$DelayedWorkQueue.take(ScheduledThreadPoolExecutor.java:1182)
 java.base@17.0.12/java.util.concurrent.ScheduledThreadPoolExecutor$DelayedWorkQueue.take(ScheduledThreadPoolExecutor.java:899)
 java.base@17.0.12/java.util.concurrent.ThreadPoolExecutor.getTask(ThreadPoolExecutor.java:1062)
 java.base@17.0.12/java.util.concurrent.ThreadPoolExecutor.runWorker(ThreadPoolExecutor.java:1122)
 java.base@17.0.12/java.util.concurrent.ThreadPoolExecutor$Worker.run(ThreadPoolExecutor.java:635)
 java.base@17.0.12/java.lang.Thread.run(Thread.java:840)
2025-01-22 10:33:29 [restartedMain] INFO  c.M.MusicManagerApplication - Starting MusicManagerApplication using Java 17.0.12 on LAPTOP-ICGVSVEA with PID 18272 (C:\Users\ycode\Streamify\back-end\target\classes started by ycode in C:\Users\ycode\Streamify\back-end)
2025-01-22 10:33:29 [restartedMain] DEBUG c.M.MusicManagerApplication - Running with Spring Boot v2.7.18, Spring v5.3.31
2025-01-22 10:33:29 [restartedMain] INFO  c.M.MusicManagerApplication - The following 1 profile is active: "prod"
2025-01-22 10:33:31 [restartedMain] INFO  o.s.d.r.c.RepositoryConfigurationDelegate - Bootstrapping Spring Data MongoDB repositories in DEFAULT mode.
2025-01-22 10:33:31 [restartedMain] INFO  o.s.d.r.c.RepositoryConfigurationDelegate - Finished Spring Data repository scanning in 162 ms. Found 4 MongoDB repository interfaces.
2025-01-22 10:33:31 [restartedMain] INFO  o.s.b.w.e.tomcat.TomcatWebServer - Tomcat initialized with port(s): 8080 (http)
2025-01-22 10:33:31 [restartedMain] INFO  o.a.catalina.core.StandardService - Starting service [Tomcat]
2025-01-22 10:33:31 [restartedMain] INFO  o.a.catalina.core.StandardEngine - Starting Servlet engine: [Apache Tomcat/9.0.83]
2025-01-22 10:33:32 [restartedMain] INFO  o.a.c.c.C.[Tomcat-4].[localhost].[/] - Initializing Spring embedded WebApplicationContext
2025-01-22 10:33:32 [restartedMain] INFO  o.s.b.w.s.c.ServletWebServerApplicationContext - Root WebApplicationContext: initialization completed in 2257 ms
2025-01-22 10:33:32 [restartedMain] INFO  org.mongodb.driver.client - MongoClient with metadata {"driver": {"name": "mongo-java-driver|sync|spring-boot", "version": "4.6.1"}, "os": {"type": "Windows", "name": "Windows 11", "architecture": "amd64", "version": "10.0"}, "platform": "Java/Eclipse Adoptium/17.0.12+7"} created with settings MongoClientSettings{readPreference=primary, writeConcern=WriteConcern{w=null, wTimeout=null ms, journal=null}, retryWrites=true, retryReads=true, readConcern=ReadConcern{level=null}, credential=null, streamFactoryFactory=null, commandListeners=[io.micrometer.core.instrument.binder.mongodb.MongoMetricsCommandListener@2495ba8e], codecRegistry=ProvidersCodecRegistry{codecProviders=[ValueCodecProvider{}, BsonValueCodecProvider{}, DBRefCodecProvider{}, DBObjectCodecProvider{}, DocumentCodecProvider{}, IterableCodecProvider{}, MapCodecProvider{}, GeoJsonCodecProvider{}, GridFSFileCodecProvider{}, Jsr310CodecProvider{}, JsonObjectCodecProvider{}, BsonCodecProvider{}, EnumCodecProvider{}, com.mongodb.Jep395RecordCodecProvider@aee8437]}, clusterSettings={hosts=[localhost:27017], srvServiceName=mongodb, mode=SINGLE, requiredClusterType=UNKNOWN, requiredReplicaSetName='null', serverSelector='null', clusterListeners='[]', serverSelectionTimeout='30000 ms', localThreshold='30000 ms'}, socketSettings=SocketSettings{connectTimeoutMS=10000, readTimeoutMS=0, receiveBufferSize=0, sendBufferSize=0}, heartbeatSocketSettings=SocketSettings{connectTimeoutMS=10000, readTimeoutMS=10000, receiveBufferSize=0, sendBufferSize=0}, connectionPoolSettings=ConnectionPoolSettings{maxSize=100, minSize=0, maxWaitTimeMS=120000, maxConnectionLifeTimeMS=0, maxConnectionIdleTimeMS=0, maintenanceInitialDelayMS=0, maintenanceFrequencyMS=60000, connectionPoolListeners=[io.micrometer.core.instrument.binder.mongodb.MongoMetricsConnectionPoolListener@23e26123], maxConnecting=2}, serverSettings=ServerSettings{heartbeatFrequencyMS=10000, minHeartbeatFrequencyMS=500, serverListeners='[]', serverMonitorListeners='[]'}, sslSettings=SslSettings{enabled=false, invalidHostNameAllowed=false, context=null}, applicationName='null', compressorList=[], uuidRepresentation=JAVA_LEGACY, serverApi=null, autoEncryptionSettings=null, contextProvider=null}
2025-01-22 10:33:32 [cluster-ClusterId{value='6790bb6c1cc9ee74bceddc3f', description='null'}-localhost:27017] INFO  org.mongodb.driver.connection - Opened connection [connectionId{localValue:105, serverValue:106}] to localhost:27017
2025-01-22 10:33:32 [cluster-rtt-ClusterId{value='6790bb6c1cc9ee74bceddc3f', description='null'}-localhost:27017] INFO  org.mongodb.driver.connection - Opened connection [connectionId{localValue:106, serverValue:105}] to localhost:27017
2025-01-22 10:33:32 [cluster-ClusterId{value='6790bb6c1cc9ee74bceddc3f', description='null'}-localhost:27017] INFO  org.mongodb.driver.cluster - Monitor thread successfully connected to server with description ServerDescription{address=localhost:27017, type=STANDALONE, state=CONNECTED, ok=true, minWireVersion=0, maxWireVersion=21, maxDocumentSize=16777216, logicalSessionTimeoutMinutes=30, roundTripTimeNanos=7868000}
2025-01-22 10:33:32 [restartedMain] DEBUG o.s.d.m.c.i.MongoPersistentEntityIndexCreator - Analyzing class class com.MusicManager.model.User for index information.
2025-01-22 10:33:32 [restartedMain] DEBUG o.s.d.m.c.i.MongoPersistentEntityIndexCreator - Analyzing class class com.MusicManager.model.Chanson for index information.
2025-01-22 10:33:32 [restartedMain] DEBUG o.s.d.m.c.i.MongoPersistentEntityIndexCreator - Analyzing class class com.MusicManager.model.Role for index information.
2025-01-22 10:33:32 [restartedMain] INFO  org.mongodb.driver.connection - Opened connection [connectionId{localValue:107, serverValue:107}] to localhost:27017
2025-01-22 10:33:32 [restartedMain] DEBUG o.s.d.m.c.i.MongoPersistentEntityIndexCreator - Analyzing class class com.MusicManager.model.Album for index information.
2025-01-22 10:33:32 [restartedMain] DEBUG c.M.security.JwtAuthenticationFilter - Filter 'jwtAuthenticationFilter' configured for use
2025-01-22 10:33:32 [restartedMain] INFO  o.s.b.d.a.OptionalLiveReloadServer - LiveReload server is running on port 35729
2025-01-22 10:33:32 [restartedMain] DEBUG o.s.data.mongodb.core.MongoTemplate - Executing count: {} in collection: roles
2025-01-22 10:33:32 [restartedMain] INFO  o.s.s.web.DefaultSecurityFilterChain - Will secure any request with [org.springframework.security.web.session.DisableEncodeUrlFilter@7eb743e4, org.springframework.security.web.context.request.async.WebAsyncManagerIntegrationFilter@1128e168, org.springframework.security.web.context.SecurityContextPersistenceFilter@1fafea7e, org.springframework.security.web.header.HeaderWriterFilter@64aba332, org.springframework.security.web.authentication.logout.LogoutFilter@448f34db, com.MusicManager.security.JwtAuthenticationFilter@3f56d2b4, org.springframework.security.web.savedrequest.RequestCacheAwareFilter@2488945b, org.springframework.security.web.servletapi.SecurityContextHolderAwareRequestFilter@1d8301cb, org.springframework.security.web.authentication.AnonymousAuthenticationFilter@267a8321, org.springframework.security.web.session.SessionManagementFilter@1c84b5ab, org.springframework.security.web.access.ExceptionTranslationFilter@10d56931, org.springframework.security.web.access.intercept.FilterSecurityInterceptor@52fbfdcf]
2025-01-22 10:33:32 [restartedMain] INFO  o.s.b.a.e.web.EndpointLinksResolver - Exposing 1 endpoint(s) beneath base path '/actuator'
2025-01-22 10:33:33 [restartedMain] INFO  o.s.b.w.e.tomcat.TomcatWebServer - Tomcat started on port(s): 8080 (http) with context path ''
2025-01-22 10:33:33 [restartedMain] INFO  c.M.MusicManagerApplication - Started MusicManagerApplication in 4.087 seconds (JVM running for 4584.893)
2025-01-22 10:33:33 [restartedMain] INFO  o.s.b.d.a.ConditionEvaluationDeltaLoggingListener - Condition evaluation unchanged
2025-01-22 10:37:35 [http-nio-8080-exec-4] INFO  o.a.c.c.C.[Tomcat-4].[localhost].[/] - Initializing Spring DispatcherServlet 'dispatcherServlet'
2025-01-22 10:37:35 [http-nio-8080-exec-4] INFO  o.s.web.servlet.DispatcherServlet - Initializing Servlet 'dispatcherServlet'
2025-01-22 10:37:35 [http-nio-8080-exec-4] INFO  o.s.web.servlet.DispatcherServlet - Completed initialization in 2 ms
2025-01-22 10:37:35 [http-nio-8080-exec-4] ERROR o.a.c.c.C.[.[.[.[dispatcherServlet] - Servlet.service() for servlet [dispatcherServlet] in context with path [] threw exception
io.jsonwebtoken.ExpiredJwtException: JWT expired at 2025-01-22T08:42:05Z. Current time: 2025-01-22T09:37:35Z, a difference of 3330238 milliseconds.  Allowed clock skew: 0 milliseconds.
	at io.jsonwebtoken.impl.DefaultJwtParser.parse(DefaultJwtParser.java:427)
	at io.jsonwebtoken.impl.DefaultJwtParser.parse(DefaultJwtParser.java:529)
	at io.jsonwebtoken.impl.DefaultJwtParser.parseClaimsJws(DefaultJwtParser.java:589)
	at io.jsonwebtoken.impl.ImmutableJwtParser.parseClaimsJws(ImmutableJwtParser.java:173)
	at com.MusicManager.security.JwtService.extractAllClaims(JwtService.java:63)
	at com.MusicManager.security.JwtService.extractClaim(JwtService.java:26)
	at com.MusicManager.security.JwtService.extractUsername(JwtService.java:22)
	at com.MusicManager.security.JwtAuthenticationFilter.doFilterInternal(JwtAuthenticationFilter.java:41)
	at org.springframework.web.filter.OncePerRequestFilter.doFilter(OncePerRequestFilter.java:117)
	at org.springframework.security.web.FilterChainProxy$VirtualFilterChain.doFilter(FilterChainProxy.java:346)
	at org.springframework.security.web.authentication.logout.LogoutFilter.doFilter(LogoutFilter.java:103)
	at org.springframework.security.web.authentication.logout.LogoutFilter.doFilter(LogoutFilter.java:89)
	at org.springframework.security.web.FilterChainProxy$VirtualFilterChain.doFilter(FilterChainProxy.java:346)
	at org.springframework.security.web.header.HeaderWriterFilter.doHeadersAfter(HeaderWriterFilter.java:90)
	at org.springframework.security.web.header.HeaderWriterFilter.doFilterInternal(HeaderWriterFilter.java:75)
	at org.springframework.web.filter.OncePerRequestFilter.doFilter(OncePerRequestFilter.java:117)
	at org.springframework.security.web.FilterChainProxy$VirtualFilterChain.doFilter(FilterChainProxy.java:346)
	at org.springframework.security.web.context.SecurityContextPersistenceFilter.doFilter(SecurityContextPersistenceFilter.java:112)
	at org.springframework.security.web.context.SecurityContextPersistenceFilter.doFilter(SecurityContextPersistenceFilter.java:82)
	at org.springframework.security.web.FilterChainProxy$VirtualFilterChain.doFilter(FilterChainProxy.java:346)
	at org.springframework.security.web.context.request.async.WebAsyncManagerIntegrationFilter.doFilterInternal(WebAsyncManagerIntegrationFilter.java:55)
	at org.springframework.web.filter.OncePerRequestFilter.doFilter(OncePerRequestFilter.java:117)
	at org.springframework.security.web.FilterChainProxy$VirtualFilterChain.doFilter(FilterChainProxy.java:346)
	at org.springframework.security.web.session.DisableEncodeUrlFilter.doFilterInternal(DisableEncodeUrlFilter.java:42)
	at org.springframework.web.filter.OncePerRequestFilter.doFilter(OncePerRequestFilter.java:117)
	at org.springframework.security.web.FilterChainProxy$VirtualFilterChain.doFilter(FilterChainProxy.java:346)
	at org.springframework.security.web.FilterChainProxy.doFilterInternal(FilterChainProxy.java:221)
	at org.springframework.security.web.FilterChainProxy.doFilter(FilterChainProxy.java:186)
	at org.springframework.web.filter.DelegatingFilterProxy.invokeDelegate(DelegatingFilterProxy.java:354)
	at org.springframework.web.filter.DelegatingFilterProxy.doFilter(DelegatingFilterProxy.java:267)
	at org.apache.catalina.core.ApplicationFilterChain.internalDoFilter(ApplicationFilterChain.java:178)
	at org.apache.catalina.core.ApplicationFilterChain.doFilter(ApplicationFilterChain.java:153)
	at org.springframework.web.filter.RequestContextFilter.doFilterInternal(RequestContextFilter.java:100)
	at org.springframework.web.filter.OncePerRequestFilter.doFilter(OncePerRequestFilter.java:117)
	at org.apache.catalina.core.ApplicationFilterChain.internalDoFilter(ApplicationFilterChain.java:178)
	at org.apache.catalina.core.ApplicationFilterChain.doFilter(ApplicationFilterChain.java:153)
	at org.springframework.web.filter.FormContentFilter.doFilterInternal(FormContentFilter.java:93)
	at org.springframework.web.filter.OncePerRequestFilter.doFilter(OncePerRequestFilter.java:117)
	at org.apache.catalina.core.ApplicationFilterChain.internalDoFilter(ApplicationFilterChain.java:178)
	at org.apache.catalina.core.ApplicationFilterChain.doFilter(ApplicationFilterChain.java:153)
	at org.springframework.boot.actuate.metrics.web.servlet.WebMvcMetricsFilter.doFilterInternal(WebMvcMetricsFilter.java:96)
	at org.springframework.web.filter.OncePerRequestFilter.doFilter(OncePerRequestFilter.java:117)
	at org.apache.catalina.core.ApplicationFilterChain.internalDoFilter(ApplicationFilterChain.java:178)
	at org.apache.catalina.core.ApplicationFilterChain.doFilter(ApplicationFilterChain.java:153)
	at org.springframework.web.filter.CharacterEncodingFilter.doFilterInternal(CharacterEncodingFilter.java:201)
	at org.springframework.web.filter.OncePerRequestFilter.doFilter(OncePerRequestFilter.java:117)
	at org.apache.catalina.core.ApplicationFilterChain.internalDoFilter(ApplicationFilterChain.java:178)
	at org.apache.catalina.core.ApplicationFilterChain.doFilter(ApplicationFilterChain.java:153)
	at org.apache.catalina.core.StandardWrapperValve.invoke(StandardWrapperValve.java:168)
	at org.apache.catalina.core.StandardContextValve.invoke(StandardContextValve.java:90)
	at org.apache.catalina.authenticator.AuthenticatorBase.invoke(AuthenticatorBase.java:481)
	at org.apache.catalina.core.StandardHostValve.invoke(StandardHostValve.java:130)
	at org.apache.catalina.valves.ErrorReportValve.invoke(ErrorReportValve.java:93)
	at org.apache.catalina.core.StandardEngineValve.invoke(StandardEngineValve.java:74)
	at org.apache.catalina.connector.CoyoteAdapter.service(CoyoteAdapter.java:342)
	at org.apache.coyote.http11.Http11Processor.service(Http11Processor.java:390)
	at org.apache.coyote.AbstractProcessorLight.process(AbstractProcessorLight.java:63)
	at org.apache.coyote.AbstractProtocol$ConnectionHandler.process(AbstractProtocol.java:928)
	at org.apache.tomcat.util.net.NioEndpoint$SocketProcessor.doRun(NioEndpoint.java:1794)
	at org.apache.tomcat.util.net.SocketProcessorBase.run(SocketProcessorBase.java:52)
	at org.apache.tomcat.util.threads.ThreadPoolExecutor.runWorker(ThreadPoolExecutor.java:1191)
	at org.apache.tomcat.util.threads.ThreadPoolExecutor$Worker.run(ThreadPoolExecutor.java:659)
	at org.apache.tomcat.util.threads.TaskThread$WrappingRunnable.run(TaskThread.java:61)
	at java.base/java.lang.Thread.run(Thread.java:840)
2025-01-22 10:38:19 [http-nio-8080-exec-7] ERROR o.a.c.c.C.[.[.[.[dispatcherServlet] - Servlet.service() for servlet [dispatcherServlet] in context with path [] threw exception
io.jsonwebtoken.ExpiredJwtException: JWT expired at 2025-01-22T08:42:05Z. Current time: 2025-01-22T09:38:19Z, a difference of 3374973 milliseconds.  Allowed clock skew: 0 milliseconds.
	at io.jsonwebtoken.impl.DefaultJwtParser.parse(DefaultJwtParser.java:427)
	at io.jsonwebtoken.impl.DefaultJwtParser.parse(DefaultJwtParser.java:529)
	at io.jsonwebtoken.impl.DefaultJwtParser.parseClaimsJws(DefaultJwtParser.java:589)
	at io.jsonwebtoken.impl.ImmutableJwtParser.parseClaimsJws(ImmutableJwtParser.java:173)
	at com.MusicManager.security.JwtService.extractAllClaims(JwtService.java:63)
	at com.MusicManager.security.JwtService.extractClaim(JwtService.java:26)
	at com.MusicManager.security.JwtService.extractUsername(JwtService.java:22)
	at com.MusicManager.security.JwtAuthenticationFilter.doFilterInternal(JwtAuthenticationFilter.java:41)
	at org.springframework.web.filter.OncePerRequestFilter.doFilter(OncePerRequestFilter.java:117)
	at org.springframework.security.web.FilterChainProxy$VirtualFilterChain.doFilter(FilterChainProxy.java:346)
	at org.springframework.security.web.authentication.logout.LogoutFilter.doFilter(LogoutFilter.java:103)
	at org.springframework.security.web.authentication.logout.LogoutFilter.doFilter(LogoutFilter.java:89)
	at org.springframework.security.web.FilterChainProxy$VirtualFilterChain.doFilter(FilterChainProxy.java:346)
	at org.springframework.security.web.header.HeaderWriterFilter.doHeadersAfter(HeaderWriterFilter.java:90)
	at org.springframework.security.web.header.HeaderWriterFilter.doFilterInternal(HeaderWriterFilter.java:75)
	at org.springframework.web.filter.OncePerRequestFilter.doFilter(OncePerRequestFilter.java:117)
	at org.springframework.security.web.FilterChainProxy$VirtualFilterChain.doFilter(FilterChainProxy.java:346)
	at org.springframework.security.web.context.SecurityContextPersistenceFilter.doFilter(SecurityContextPersistenceFilter.java:112)
	at org.springframework.security.web.context.SecurityContextPersistenceFilter.doFilter(SecurityContextPersistenceFilter.java:82)
	at org.springframework.security.web.FilterChainProxy$VirtualFilterChain.doFilter(FilterChainProxy.java:346)
	at org.springframework.security.web.context.request.async.WebAsyncManagerIntegrationFilter.doFilterInternal(WebAsyncManagerIntegrationFilter.java:55)
	at org.springframework.web.filter.OncePerRequestFilter.doFilter(OncePerRequestFilter.java:117)
	at org.springframework.security.web.FilterChainProxy$VirtualFilterChain.doFilter(FilterChainProxy.java:346)
	at org.springframework.security.web.session.DisableEncodeUrlFilter.doFilterInternal(DisableEncodeUrlFilter.java:42)
	at org.springframework.web.filter.OncePerRequestFilter.doFilter(OncePerRequestFilter.java:117)
	at org.springframework.security.web.FilterChainProxy$VirtualFilterChain.doFilter(FilterChainProxy.java:346)
	at org.springframework.security.web.FilterChainProxy.doFilterInternal(FilterChainProxy.java:221)
	at org.springframework.security.web.FilterChainProxy.doFilter(FilterChainProxy.java:186)
	at org.springframework.web.filter.DelegatingFilterProxy.invokeDelegate(DelegatingFilterProxy.java:354)
	at org.springframework.web.filter.DelegatingFilterProxy.doFilter(DelegatingFilterProxy.java:267)
	at org.apache.catalina.core.ApplicationFilterChain.internalDoFilter(ApplicationFilterChain.java:178)
	at org.apache.catalina.core.ApplicationFilterChain.doFilter(ApplicationFilterChain.java:153)
	at org.springframework.web.filter.RequestContextFilter.doFilterInternal(RequestContextFilter.java:100)
	at org.springframework.web.filter.OncePerRequestFilter.doFilter(OncePerRequestFilter.java:117)
	at org.apache.catalina.core.ApplicationFilterChain.internalDoFilter(ApplicationFilterChain.java:178)
	at org.apache.catalina.core.ApplicationFilterChain.doFilter(ApplicationFilterChain.java:153)
	at org.springframework.web.filter.FormContentFilter.doFilterInternal(FormContentFilter.java:93)
	at org.springframework.web.filter.OncePerRequestFilter.doFilter(OncePerRequestFilter.java:117)
	at org.apache.catalina.core.ApplicationFilterChain.internalDoFilter(ApplicationFilterChain.java:178)
	at org.apache.catalina.core.ApplicationFilterChain.doFilter(ApplicationFilterChain.java:153)
	at org.springframework.boot.actuate.metrics.web.servlet.WebMvcMetricsFilter.doFilterInternal(WebMvcMetricsFilter.java:96)
	at org.springframework.web.filter.OncePerRequestFilter.doFilter(OncePerRequestFilter.java:117)
	at org.apache.catalina.core.ApplicationFilterChain.internalDoFilter(ApplicationFilterChain.java:178)
	at org.apache.catalina.core.ApplicationFilterChain.doFilter(ApplicationFilterChain.java:153)
	at org.springframework.web.filter.CharacterEncodingFilter.doFilterInternal(CharacterEncodingFilter.java:201)
	at org.springframework.web.filter.OncePerRequestFilter.doFilter(OncePerRequestFilter.java:117)
	at org.apache.catalina.core.ApplicationFilterChain.internalDoFilter(ApplicationFilterChain.java:178)
	at org.apache.catalina.core.ApplicationFilterChain.doFilter(ApplicationFilterChain.java:153)
	at org.apache.catalina.core.StandardWrapperValve.invoke(StandardWrapperValve.java:168)
	at org.apache.catalina.core.StandardContextValve.invoke(StandardContextValve.java:90)
	at org.apache.catalina.authenticator.AuthenticatorBase.invoke(AuthenticatorBase.java:481)
	at org.apache.catalina.core.StandardHostValve.invoke(StandardHostValve.java:130)
	at org.apache.catalina.valves.ErrorReportValve.invoke(ErrorReportValve.java:93)
	at org.apache.catalina.core.StandardEngineValve.invoke(StandardEngineValve.java:74)
	at org.apache.catalina.connector.CoyoteAdapter.service(CoyoteAdapter.java:342)
	at org.apache.coyote.http11.Http11Processor.service(Http11Processor.java:390)
	at org.apache.coyote.AbstractProcessorLight.process(AbstractProcessorLight.java:63)
	at org.apache.coyote.AbstractProtocol$ConnectionHandler.process(AbstractProtocol.java:928)
	at org.apache.tomcat.util.net.NioEndpoint$SocketProcessor.doRun(NioEndpoint.java:1794)
	at org.apache.tomcat.util.net.SocketProcessorBase.run(SocketProcessorBase.java:52)
	at org.apache.tomcat.util.threads.ThreadPoolExecutor.runWorker(ThreadPoolExecutor.java:1191)
	at org.apache.tomcat.util.threads.ThreadPoolExecutor$Worker.run(ThreadPoolExecutor.java:659)
	at org.apache.tomcat.util.threads.TaskThread$WrappingRunnable.run(TaskThread.java:61)
	at java.base/java.lang.Thread.run(Thread.java:840)
2025-01-22 10:38:50 [http-nio-8080-exec-8] DEBUG o.s.d.m.r.query.MongoQueryCreator - Created query Query: { "login" : "kenza"}, Fields: {}, Sort: {}
2025-01-22 10:38:50 [http-nio-8080-exec-8] DEBUG o.s.data.mongodb.core.MongoTemplate - find using query: { "login" : "kenza"} fields: Document{{}} for class: class com.MusicManager.model.User in collection: users
2025-01-22 10:38:50 [http-nio-8080-exec-8] DEBUG o.s.d.m.r.query.MongoQueryCreator - Created query Query: { "login" : "kenza"}, Fields: {}, Sort: {}
2025-01-22 10:38:50 [http-nio-8080-exec-8] DEBUG o.s.data.mongodb.core.MongoTemplate - find using query: { "login" : "kenza"} fields: Document{{}} for class: class com.MusicManager.model.User in collection: users
2025-01-22 10:39:06 [http-nio-8080-exec-1] DEBUG o.s.d.m.r.query.MongoQueryCreator - Created query Query: { "login" : "kenza"}, Fields: {}, Sort: {}
2025-01-22 10:39:06 [http-nio-8080-exec-1] DEBUG o.s.data.mongodb.core.MongoTemplate - find using query: { "login" : "kenza"} fields: Document{{}} for class: class com.MusicManager.model.User in collection: users
2025-01-22 10:39:07 [http-nio-8080-exec-1] DEBUG o.s.d.m.r.query.MongoQueryCreator - Created query Query: { "titre" : "Ma Chanson Test"}, Fields: {}, Sort: {}
2025-01-22 10:39:07 [http-nio-8080-exec-1] DEBUG o.s.data.mongodb.core.MongoTemplate - Executing count: { "titre" : "Ma Chanson Test"} in collection: chansons
2025-01-22 10:39:07 [http-nio-8080-exec-1] DEBUG o.s.data.mongodb.core.MongoTemplate - Inserting Document containing fields: [titre, description, categorie, dateAjout, duree, trackNumber, album, _class] in collection: chansons
