2025-01-24 09:03:46 [http-nio-8080-exec-1] ERROR o.a.c.c.C.[.[.[.[dispatcherServlet] - Servlet.service() for servlet [dispatcherServlet] in context with path [] threw exception
io.jsonwebtoken.ExpiredJwtException: JWT expired at 2025-01-23T15:01:46Z. Current time: 2025-01-24T08:03:46Z, a difference of 61320392 milliseconds.  Allowed clock skew: 0 milliseconds.
	at io.jsonwebtoken.impl.DefaultJwtParser.parse(DefaultJwtParser.java:427)
	at io.jsonwebtoken.impl.DefaultJwtParser.parse(DefaultJwtParser.java:529)
	at io.jsonwebtoken.impl.DefaultJwtParser.parseClaimsJws(DefaultJwtParser.java:589)
	at io.jsonwebtoken.impl.ImmutableJwtParser.parseClaimsJws(ImmutableJwtParser.java:173)
	at com.MusicManager.security.JwtService.extractAllClaims(JwtService.java:63)
	at com.MusicManager.security.JwtService.extractClaim(JwtService.java:26)
	at com.MusicManager.security.JwtService.extractUsername(JwtService.java:22)
	at com.MusicManager.security.JwtAuthenticationFilter.doFilterInternal(JwtAuthenticationFilter.java:41)
	at org.springframework.web.filter.OncePerRequestFilter.doFilter(OncePerRequestFilter.java:117)
	at org.springframework.security.web.FilterChainProxy$VirtualFilterChain.doFilter(FilterChainProxy.java:346)
	at org.springframework.security.web.authentication.logout.LogoutFilter.doFilter(LogoutFilter.java:103)
	at org.springframework.security.web.authentication.logout.LogoutFilter.doFilter(LogoutFilter.java:89)
	at org.springframework.security.web.FilterChainProxy$VirtualFilterChain.doFilter(FilterChainProxy.java:346)
	at org.springframework.web.filter.CorsFilter.doFilterInternal(CorsFilter.java:91)
	at org.springframework.web.filter.OncePerRequestFilter.doFilter(OncePerRequestFilter.java:117)
	at org.springframework.security.web.FilterChainProxy$VirtualFilterChain.doFilter(FilterChainProxy.java:346)
	at org.springframework.security.web.header.HeaderWriterFilter.doHeadersAfter(HeaderWriterFilter.java:90)
	at org.springframework.security.web.header.HeaderWriterFilter.doFilterInternal(HeaderWriterFilter.java:75)
	at org.springframework.web.filter.OncePerRequestFilter.doFilter(OncePerRequestFilter.java:117)
	at org.springframework.security.web.FilterChainProxy$VirtualFilterChain.doFilter(FilterChainProxy.java:346)
	at org.springframework.security.web.context.SecurityContextPersistenceFilter.doFilter(SecurityContextPersistenceFilter.java:112)
	at org.springframework.security.web.context.SecurityContextPersistenceFilter.doFilter(SecurityContextPersistenceFilter.java:82)
	at org.springframework.security.web.FilterChainProxy$VirtualFilterChain.doFilter(FilterChainProxy.java:346)
	at org.springframework.security.web.context.request.async.WebAsyncManagerIntegrationFilter.doFilterInternal(WebAsyncManagerIntegrationFilter.java:55)
	at org.springframework.web.filter.OncePerRequestFilter.doFilter(OncePerRequestFilter.java:117)
	at org.springframework.security.web.FilterChainProxy$VirtualFilterChain.doFilter(FilterChainProxy.java:346)
	at org.springframework.security.web.session.DisableEncodeUrlFilter.doFilterInternal(DisableEncodeUrlFilter.java:42)
	at org.springframework.web.filter.OncePerRequestFilter.doFilter(OncePerRequestFilter.java:117)
	at org.springframework.security.web.FilterChainProxy$VirtualFilterChain.doFilter(FilterChainProxy.java:346)
	at org.springframework.security.web.FilterChainProxy.doFilterInternal(FilterChainProxy.java:221)
	at org.springframework.security.web.FilterChainProxy.doFilter(FilterChainProxy.java:186)
	at org.springframework.web.filter.DelegatingFilterProxy.invokeDelegate(DelegatingFilterProxy.java:354)
	at org.springframework.web.filter.DelegatingFilterProxy.doFilter(DelegatingFilterProxy.java:267)
	at org.apache.catalina.core.ApplicationFilterChain.internalDoFilter(ApplicationFilterChain.java:178)
	at org.apache.catalina.core.ApplicationFilterChain.doFilter(ApplicationFilterChain.java:153)
	at org.springframework.web.filter.RequestContextFilter.doFilterInternal(RequestContextFilter.java:100)
	at org.springframework.web.filter.OncePerRequestFilter.doFilter(OncePerRequestFilter.java:117)
	at org.apache.catalina.core.ApplicationFilterChain.internalDoFilter(ApplicationFilterChain.java:178)
	at org.apache.catalina.core.ApplicationFilterChain.doFilter(ApplicationFilterChain.java:153)
	at org.springframework.web.filter.FormContentFilter.doFilterInternal(FormContentFilter.java:93)
	at org.springframework.web.filter.OncePerRequestFilter.doFilter(OncePerRequestFilter.java:117)
	at org.apache.catalina.core.ApplicationFilterChain.internalDoFilter(ApplicationFilterChain.java:178)
	at org.apache.catalina.core.ApplicationFilterChain.doFilter(ApplicationFilterChain.java:153)
	at org.springframework.boot.actuate.metrics.web.servlet.WebMvcMetricsFilter.doFilterInternal(WebMvcMetricsFilter.java:96)
	at org.springframework.web.filter.OncePerRequestFilter.doFilter(OncePerRequestFilter.java:117)
	at org.apache.catalina.core.ApplicationFilterChain.internalDoFilter(ApplicationFilterChain.java:178)
	at org.apache.catalina.core.ApplicationFilterChain.doFilter(ApplicationFilterChain.java:153)
	at org.springframework.web.filter.CharacterEncodingFilter.doFilterInternal(CharacterEncodingFilter.java:201)
	at org.springframework.web.filter.OncePerRequestFilter.doFilter(OncePerRequestFilter.java:117)
	at org.apache.catalina.core.ApplicationFilterChain.internalDoFilter(ApplicationFilterChain.java:178)
	at org.apache.catalina.core.ApplicationFilterChain.doFilter(ApplicationFilterChain.java:153)
	at org.apache.catalina.core.StandardWrapperValve.invoke(StandardWrapperValve.java:168)
	at org.apache.catalina.core.StandardContextValve.invoke(StandardContextValve.java:90)
	at org.apache.catalina.authenticator.AuthenticatorBase.invoke(AuthenticatorBase.java:481)
	at org.apache.catalina.core.StandardHostValve.invoke(StandardHostValve.java:130)
	at org.apache.catalina.valves.ErrorReportValve.invoke(ErrorReportValve.java:93)
	at org.apache.catalina.core.StandardEngineValve.invoke(StandardEngineValve.java:74)
	at org.apache.catalina.connector.CoyoteAdapter.service(CoyoteAdapter.java:342)
	at org.apache.coyote.http11.Http11Processor.service(Http11Processor.java:390)
	at org.apache.coyote.AbstractProcessorLight.process(AbstractProcessorLight.java:63)
	at org.apache.coyote.AbstractProtocol$ConnectionHandler.process(AbstractProtocol.java:928)
	at org.apache.tomcat.util.net.NioEndpoint$SocketProcessor.doRun(NioEndpoint.java:1794)
	at org.apache.tomcat.util.net.SocketProcessorBase.run(SocketProcessorBase.java:52)
	at org.apache.tomcat.util.threads.ThreadPoolExecutor.runWorker(ThreadPoolExecutor.java:1191)
	at org.apache.tomcat.util.threads.ThreadPoolExecutor$Worker.run(ThreadPoolExecutor.java:659)
	at org.apache.tomcat.util.threads.TaskThread$WrappingRunnable.run(TaskThread.java:61)
	at java.base/java.lang.Thread.run(Thread.java:840)
2025-01-24 09:03:52 [http-nio-8080-exec-4] ERROR o.a.c.c.C.[.[.[.[dispatcherServlet] - Servlet.service() for servlet [dispatcherServlet] in context with path [] threw exception
io.jsonwebtoken.ExpiredJwtException: JWT expired at 2025-01-23T15:01:46Z. Current time: 2025-01-24T08:03:52Z, a difference of 61326205 milliseconds.  Allowed clock skew: 0 milliseconds.
	at io.jsonwebtoken.impl.DefaultJwtParser.parse(DefaultJwtParser.java:427)
	at io.jsonwebtoken.impl.DefaultJwtParser.parse(DefaultJwtParser.java:529)
	at io.jsonwebtoken.impl.DefaultJwtParser.parseClaimsJws(DefaultJwtParser.java:589)
	at io.jsonwebtoken.impl.ImmutableJwtParser.parseClaimsJws(ImmutableJwtParser.java:173)
	at com.MusicManager.security.JwtService.extractAllClaims(JwtService.java:63)
	at com.MusicManager.security.JwtService.extractClaim(JwtService.java:26)
	at com.MusicManager.security.JwtService.extractUsername(JwtService.java:22)
	at com.MusicManager.security.JwtAuthenticationFilter.doFilterInternal(JwtAuthenticationFilter.java:41)
	at org.springframework.web.filter.OncePerRequestFilter.doFilter(OncePerRequestFilter.java:117)
	at org.springframework.security.web.FilterChainProxy$VirtualFilterChain.doFilter(FilterChainProxy.java:346)
	at org.springframework.security.web.authentication.logout.LogoutFilter.doFilter(LogoutFilter.java:103)
	at org.springframework.security.web.authentication.logout.LogoutFilter.doFilter(LogoutFilter.java:89)
	at org.springframework.security.web.FilterChainProxy$VirtualFilterChain.doFilter(FilterChainProxy.java:346)
	at org.springframework.web.filter.CorsFilter.doFilterInternal(CorsFilter.java:91)
	at org.springframework.web.filter.OncePerRequestFilter.doFilter(OncePerRequestFilter.java:117)
	at org.springframework.security.web.FilterChainProxy$VirtualFilterChain.doFilter(FilterChainProxy.java:346)
	at org.springframework.security.web.header.HeaderWriterFilter.doHeadersAfter(HeaderWriterFilter.java:90)
	at org.springframework.security.web.header.HeaderWriterFilter.doFilterInternal(HeaderWriterFilter.java:75)
	at org.springframework.web.filter.OncePerRequestFilter.doFilter(OncePerRequestFilter.java:117)
	at org.springframework.security.web.FilterChainProxy$VirtualFilterChain.doFilter(FilterChainProxy.java:346)
	at org.springframework.security.web.context.SecurityContextPersistenceFilter.doFilter(SecurityContextPersistenceFilter.java:112)
	at org.springframework.security.web.context.SecurityContextPersistenceFilter.doFilter(SecurityContextPersistenceFilter.java:82)
	at org.springframework.security.web.FilterChainProxy$VirtualFilterChain.doFilter(FilterChainProxy.java:346)
	at org.springframework.security.web.context.request.async.WebAsyncManagerIntegrationFilter.doFilterInternal(WebAsyncManagerIntegrationFilter.java:55)
	at org.springframework.web.filter.OncePerRequestFilter.doFilter(OncePerRequestFilter.java:117)
	at org.springframework.security.web.FilterChainProxy$VirtualFilterChain.doFilter(FilterChainProxy.java:346)
	at org.springframework.security.web.session.DisableEncodeUrlFilter.doFilterInternal(DisableEncodeUrlFilter.java:42)
	at org.springframework.web.filter.OncePerRequestFilter.doFilter(OncePerRequestFilter.java:117)
	at org.springframework.security.web.FilterChainProxy$VirtualFilterChain.doFilter(FilterChainProxy.java:346)
	at org.springframework.security.web.FilterChainProxy.doFilterInternal(FilterChainProxy.java:221)
	at org.springframework.security.web.FilterChainProxy.doFilter(FilterChainProxy.java:186)
	at org.springframework.web.filter.DelegatingFilterProxy.invokeDelegate(DelegatingFilterProxy.java:354)
	at org.springframework.web.filter.DelegatingFilterProxy.doFilter(DelegatingFilterProxy.java:267)
	at org.apache.catalina.core.ApplicationFilterChain.internalDoFilter(ApplicationFilterChain.java:178)
	at org.apache.catalina.core.ApplicationFilterChain.doFilter(ApplicationFilterChain.java:153)
	at org.springframework.web.filter.RequestContextFilter.doFilterInternal(RequestContextFilter.java:100)
	at org.springframework.web.filter.OncePerRequestFilter.doFilter(OncePerRequestFilter.java:117)
	at org.apache.catalina.core.ApplicationFilterChain.internalDoFilter(ApplicationFilterChain.java:178)
	at org.apache.catalina.core.ApplicationFilterChain.doFilter(ApplicationFilterChain.java:153)
	at org.springframework.web.filter.FormContentFilter.doFilterInternal(FormContentFilter.java:93)
	at org.springframework.web.filter.OncePerRequestFilter.doFilter(OncePerRequestFilter.java:117)
	at org.apache.catalina.core.ApplicationFilterChain.internalDoFilter(ApplicationFilterChain.java:178)
	at org.apache.catalina.core.ApplicationFilterChain.doFilter(ApplicationFilterChain.java:153)
	at org.springframework.boot.actuate.metrics.web.servlet.WebMvcMetricsFilter.doFilterInternal(WebMvcMetricsFilter.java:96)
	at org.springframework.web.filter.OncePerRequestFilter.doFilter(OncePerRequestFilter.java:117)
	at org.apache.catalina.core.ApplicationFilterChain.internalDoFilter(ApplicationFilterChain.java:178)
	at org.apache.catalina.core.ApplicationFilterChain.doFilter(ApplicationFilterChain.java:153)
	at org.springframework.web.filter.CharacterEncodingFilter.doFilterInternal(CharacterEncodingFilter.java:201)
	at org.springframework.web.filter.OncePerRequestFilter.doFilter(OncePerRequestFilter.java:117)
	at org.apache.catalina.core.ApplicationFilterChain.internalDoFilter(ApplicationFilterChain.java:178)
	at org.apache.catalina.core.ApplicationFilterChain.doFilter(ApplicationFilterChain.java:153)
	at org.apache.catalina.core.StandardWrapperValve.invoke(StandardWrapperValve.java:168)
	at org.apache.catalina.core.StandardContextValve.invoke(StandardContextValve.java:90)
	at org.apache.catalina.authenticator.AuthenticatorBase.invoke(AuthenticatorBase.java:481)
	at org.apache.catalina.core.StandardHostValve.invoke(StandardHostValve.java:130)
	at org.apache.catalina.valves.ErrorReportValve.invoke(ErrorReportValve.java:93)
	at org.apache.catalina.core.StandardEngineValve.invoke(StandardEngineValve.java:74)
	at org.apache.catalina.connector.CoyoteAdapter.service(CoyoteAdapter.java:342)
	at org.apache.coyote.http11.Http11Processor.service(Http11Processor.java:390)
	at org.apache.coyote.AbstractProcessorLight.process(AbstractProcessorLight.java:63)
	at org.apache.coyote.AbstractProtocol$ConnectionHandler.process(AbstractProtocol.java:928)
	at org.apache.tomcat.util.net.NioEndpoint$SocketProcessor.doRun(NioEndpoint.java:1794)
	at org.apache.tomcat.util.net.SocketProcessorBase.run(SocketProcessorBase.java:52)
	at org.apache.tomcat.util.threads.ThreadPoolExecutor.runWorker(ThreadPoolExecutor.java:1191)
	at org.apache.tomcat.util.threads.ThreadPoolExecutor$Worker.run(ThreadPoolExecutor.java:659)
	at org.apache.tomcat.util.threads.TaskThread$WrappingRunnable.run(TaskThread.java:61)
	at java.base/java.lang.Thread.run(Thread.java:840)
2025-01-24 09:04:05 [http-nio-8080-exec-6] ERROR o.a.c.c.C.[.[.[.[dispatcherServlet] - Servlet.service() for servlet [dispatcherServlet] in context with path [] threw exception
io.jsonwebtoken.ExpiredJwtException: JWT expired at 2025-01-23T15:01:46Z. Current time: 2025-01-24T08:04:05Z, a difference of 61339286 milliseconds.  Allowed clock skew: 0 milliseconds.
	at io.jsonwebtoken.impl.DefaultJwtParser.parse(DefaultJwtParser.java:427)
	at io.jsonwebtoken.impl.DefaultJwtParser.parse(DefaultJwtParser.java:529)
	at io.jsonwebtoken.impl.DefaultJwtParser.parseClaimsJws(DefaultJwtParser.java:589)
	at io.jsonwebtoken.impl.ImmutableJwtParser.parseClaimsJws(ImmutableJwtParser.java:173)
	at com.MusicManager.security.JwtService.extractAllClaims(JwtService.java:63)
	at com.MusicManager.security.JwtService.extractClaim(JwtService.java:26)
	at com.MusicManager.security.JwtService.extractUsername(JwtService.java:22)
	at com.MusicManager.security.JwtAuthenticationFilter.doFilterInternal(JwtAuthenticationFilter.java:41)
	at org.springframework.web.filter.OncePerRequestFilter.doFilter(OncePerRequestFilter.java:117)
	at org.springframework.security.web.FilterChainProxy$VirtualFilterChain.doFilter(FilterChainProxy.java:346)
	at org.springframework.security.web.authentication.logout.LogoutFilter.doFilter(LogoutFilter.java:103)
	at org.springframework.security.web.authentication.logout.LogoutFilter.doFilter(LogoutFilter.java:89)
	at org.springframework.security.web.FilterChainProxy$VirtualFilterChain.doFilter(FilterChainProxy.java:346)
	at org.springframework.web.filter.CorsFilter.doFilterInternal(CorsFilter.java:91)
	at org.springframework.web.filter.OncePerRequestFilter.doFilter(OncePerRequestFilter.java:117)
	at org.springframework.security.web.FilterChainProxy$VirtualFilterChain.doFilter(FilterChainProxy.java:346)
	at org.springframework.security.web.header.HeaderWriterFilter.doHeadersAfter(HeaderWriterFilter.java:90)
	at org.springframework.security.web.header.HeaderWriterFilter.doFilterInternal(HeaderWriterFilter.java:75)
	at org.springframework.web.filter.OncePerRequestFilter.doFilter(OncePerRequestFilter.java:117)
	at org.springframework.security.web.FilterChainProxy$VirtualFilterChain.doFilter(FilterChainProxy.java:346)
	at org.springframework.security.web.context.SecurityContextPersistenceFilter.doFilter(SecurityContextPersistenceFilter.java:112)
	at org.springframework.security.web.context.SecurityContextPersistenceFilter.doFilter(SecurityContextPersistenceFilter.java:82)
	at org.springframework.security.web.FilterChainProxy$VirtualFilterChain.doFilter(FilterChainProxy.java:346)
	at org.springframework.security.web.context.request.async.WebAsyncManagerIntegrationFilter.doFilterInternal(WebAsyncManagerIntegrationFilter.java:55)
	at org.springframework.web.filter.OncePerRequestFilter.doFilter(OncePerRequestFilter.java:117)
	at org.springframework.security.web.FilterChainProxy$VirtualFilterChain.doFilter(FilterChainProxy.java:346)
	at org.springframework.security.web.session.DisableEncodeUrlFilter.doFilterInternal(DisableEncodeUrlFilter.java:42)
	at org.springframework.web.filter.OncePerRequestFilter.doFilter(OncePerRequestFilter.java:117)
	at org.springframework.security.web.FilterChainProxy$VirtualFilterChain.doFilter(FilterChainProxy.java:346)
	at org.springframework.security.web.FilterChainProxy.doFilterInternal(FilterChainProxy.java:221)
	at org.springframework.security.web.FilterChainProxy.doFilter(FilterChainProxy.java:186)
	at org.springframework.web.filter.DelegatingFilterProxy.invokeDelegate(DelegatingFilterProxy.java:354)
	at org.springframework.web.filter.DelegatingFilterProxy.doFilter(DelegatingFilterProxy.java:267)
	at org.apache.catalina.core.ApplicationFilterChain.internalDoFilter(ApplicationFilterChain.java:178)
	at org.apache.catalina.core.ApplicationFilterChain.doFilter(ApplicationFilterChain.java:153)
	at org.springframework.web.filter.RequestContextFilter.doFilterInternal(RequestContextFilter.java:100)
	at org.springframework.web.filter.OncePerRequestFilter.doFilter(OncePerRequestFilter.java:117)
	at org.apache.catalina.core.ApplicationFilterChain.internalDoFilter(ApplicationFilterChain.java:178)
	at org.apache.catalina.core.ApplicationFilterChain.doFilter(ApplicationFilterChain.java:153)
	at org.springframework.web.filter.FormContentFilter.doFilterInternal(FormContentFilter.java:93)
	at org.springframework.web.filter.OncePerRequestFilter.doFilter(OncePerRequestFilter.java:117)
	at org.apache.catalina.core.ApplicationFilterChain.internalDoFilter(ApplicationFilterChain.java:178)
	at org.apache.catalina.core.ApplicationFilterChain.doFilter(ApplicationFilterChain.java:153)
	at org.springframework.boot.actuate.metrics.web.servlet.WebMvcMetricsFilter.doFilterInternal(WebMvcMetricsFilter.java:96)
	at org.springframework.web.filter.OncePerRequestFilter.doFilter(OncePerRequestFilter.java:117)
	at org.apache.catalina.core.ApplicationFilterChain.internalDoFilter(ApplicationFilterChain.java:178)
	at org.apache.catalina.core.ApplicationFilterChain.doFilter(ApplicationFilterChain.java:153)
	at org.springframework.web.filter.CharacterEncodingFilter.doFilterInternal(CharacterEncodingFilter.java:201)
	at org.springframework.web.filter.OncePerRequestFilter.doFilter(OncePerRequestFilter.java:117)
	at org.apache.catalina.core.ApplicationFilterChain.internalDoFilter(ApplicationFilterChain.java:178)
	at org.apache.catalina.core.ApplicationFilterChain.doFilter(ApplicationFilterChain.java:153)
	at org.apache.catalina.core.StandardWrapperValve.invoke(StandardWrapperValve.java:168)
	at org.apache.catalina.core.StandardContextValve.invoke(StandardContextValve.java:90)
	at org.apache.catalina.authenticator.AuthenticatorBase.invoke(AuthenticatorBase.java:481)
	at org.apache.catalina.core.StandardHostValve.invoke(StandardHostValve.java:130)
	at org.apache.catalina.valves.ErrorReportValve.invoke(ErrorReportValve.java:93)
	at org.apache.catalina.core.StandardEngineValve.invoke(StandardEngineValve.java:74)
	at org.apache.catalina.connector.CoyoteAdapter.service(CoyoteAdapter.java:342)
	at org.apache.coyote.http11.Http11Processor.service(Http11Processor.java:390)
	at org.apache.coyote.AbstractProcessorLight.process(AbstractProcessorLight.java:63)
	at org.apache.coyote.AbstractProtocol$ConnectionHandler.process(AbstractProtocol.java:928)
	at org.apache.tomcat.util.net.NioEndpoint$SocketProcessor.doRun(NioEndpoint.java:1794)
	at org.apache.tomcat.util.net.SocketProcessorBase.run(SocketProcessorBase.java:52)
	at org.apache.tomcat.util.threads.ThreadPoolExecutor.runWorker(ThreadPoolExecutor.java:1191)
	at org.apache.tomcat.util.threads.ThreadPoolExecutor$Worker.run(ThreadPoolExecutor.java:659)
	at org.apache.tomcat.util.threads.TaskThread$WrappingRunnable.run(TaskThread.java:61)
	at java.base/java.lang.Thread.run(Thread.java:840)
2025-01-24 09:14:04 [File Watcher] INFO  o.s.b.d.a.LocalDevToolsAutoConfiguration$RestartingClassPathChangeChangedEventListener - Restarting due to 4 class path changes (0 additions, 0 deletions, 4 modifications)
2025-01-24 09:14:04 [Thread-23] INFO  o.a.coyote.http11.Http11NioProtocol - Pausing ProtocolHandler ["http-nio-8080"]
2025-01-24 09:14:04 [Thread-23] INFO  o.a.catalina.core.StandardService - Stopping service [Tomcat]
2025-01-24 09:14:04 [Thread-23] INFO  o.a.c.c.C.[Tomcat].[localhost].[/] - Destroying Spring FrameworkServlet 'dispatcherServlet'
2025-01-24 09:14:04 [Thread-23] WARN  o.a.c.loader.WebappClassLoaderBase - The web application [ROOT] appears to have started a thread named [cluster-ClusterId{value='679253f3ea907e785b7fcc51', description='null'}-localhost:27017] but has failed to stop it. This is very likely to create a memory leak. Stack trace of thread:
 java.base@17.0.12/sun.nio.ch.Net.poll(Native Method)
 java.base@17.0.12/sun.nio.ch.NioSocketImpl.park(NioSocketImpl.java:186)
 java.base@17.0.12/sun.nio.ch.NioSocketImpl.timedRead(NioSocketImpl.java:290)
 java.base@17.0.12/sun.nio.ch.NioSocketImpl.implRead(NioSocketImpl.java:314)
 java.base@17.0.12/sun.nio.ch.NioSocketImpl.read(NioSocketImpl.java:355)
 java.base@17.0.12/sun.nio.ch.NioSocketImpl$1.read(NioSocketImpl.java:808)
 java.base@17.0.12/java.net.Socket$SocketInputStream.read(Socket.java:966)
 app//com.mongodb.internal.connection.SocketStream.read(SocketStream.java:110)
 app//com.mongodb.internal.connection.SocketStream.read(SocketStream.java:135)
 app//com.mongodb.internal.connection.InternalStreamConnection.receiveResponseBuffers(InternalStreamConnection.java:713)
 app//com.mongodb.internal.connection.InternalStreamConnection.receiveMessageWithAdditionalTimeout(InternalStreamConnection.java:571)
 app//com.mongodb.internal.connection.InternalStreamConnection.receiveCommandMessageResponse(InternalStreamConnection.java:410)
 app//com.mongodb.internal.connection.InternalStreamConnection.receive(InternalStreamConnection.java:369)
 app//com.mongodb.internal.connection.DefaultServerMonitor$ServerMonitorRunnable.lookupServerDescription(DefaultServerMonitor.java:221)
 app//com.mongodb.internal.connection.DefaultServerMonitor$ServerMonitorRunnable.run(DefaultServerMonitor.java:157)
 java.base@17.0.12/java.lang.Thread.run(Thread.java:840)
2025-01-24 09:14:04 [Thread-23] WARN  o.a.c.loader.WebappClassLoaderBase - The web application [ROOT] appears to have started a thread named [cluster-rtt-ClusterId{value='679253f3ea907e785b7fcc51', description='null'}-localhost:27017] but has failed to stop it. This is very likely to create a memory leak. Stack trace of thread:
 java.base@17.0.12/java.lang.Thread.sleep(Native Method)
 app//com.mongodb.internal.connection.DefaultServerMonitor.waitForNext(DefaultServerMonitor.java:443)
 app//com.mongodb.internal.connection.DefaultServerMonitor.access$1500(DefaultServerMonitor.java:64)
 app//com.mongodb.internal.connection.DefaultServerMonitor$RoundTripTimeRunnable.run(DefaultServerMonitor.java:415)
 java.base@17.0.12/java.lang.Thread.run(Thread.java:840)
2025-01-24 09:14:04 [Thread-23] WARN  o.a.c.loader.WebappClassLoaderBase - The web application [ROOT] appears to have started a thread named [MaintenanceTimer-7-thread-1] but has failed to stop it. This is very likely to create a memory leak. Stack trace of thread:
 java.base@17.0.12/jdk.internal.misc.Unsafe.park(Native Method)
 java.base@17.0.12/java.util.concurrent.locks.LockSupport.parkNanos(LockSupport.java:252)
 java.base@17.0.12/java.util.concurrent.locks.AbstractQueuedSynchronizer$ConditionObject.awaitNanos(AbstractQueuedSynchronizer.java:1674)
 java.base@17.0.12/java.util.concurrent.ScheduledThreadPoolExecutor$DelayedWorkQueue.take(ScheduledThreadPoolExecutor.java:1182)
 java.base@17.0.12/java.util.concurrent.ScheduledThreadPoolExecutor$DelayedWorkQueue.take(ScheduledThreadPoolExecutor.java:899)
 java.base@17.0.12/java.util.concurrent.ThreadPoolExecutor.getTask(ThreadPoolExecutor.java:1062)
 java.base@17.0.12/java.util.concurrent.ThreadPoolExecutor.runWorker(ThreadPoolExecutor.java:1122)
 java.base@17.0.12/java.util.concurrent.ThreadPoolExecutor$Worker.run(ThreadPoolExecutor.java:635)
 java.base@17.0.12/java.lang.Thread.run(Thread.java:840)
2025-01-24 09:14:04 [Thread-23] WARN  o.a.c.loader.WebappClassLoaderBase - The web application [ROOT] appears to have started a thread named [logback-1] but has failed to stop it. This is very likely to create a memory leak. Stack trace of thread:
 java.base@17.0.12/jdk.internal.misc.Unsafe.park(Native Method)
 java.base@17.0.12/java.util.concurrent.locks.LockSupport.park(LockSupport.java:341)
 java.base@17.0.12/java.util.concurrent.locks.AbstractQueuedSynchronizer$ConditionNode.block(AbstractQueuedSynchronizer.java:506)
 java.base@17.0.12/java.util.concurrent.ForkJoinPool.unmanagedBlock(ForkJoinPool.java:3465)
 java.base@17.0.12/java.util.concurrent.ForkJoinPool.managedBlock(ForkJoinPool.java:3436)
 java.base@17.0.12/java.util.concurrent.locks.AbstractQueuedSynchronizer$ConditionObject.await(AbstractQueuedSynchronizer.java:1625)
 java.base@17.0.12/java.util.concurrent.ScheduledThreadPoolExecutor$DelayedWorkQueue.take(ScheduledThreadPoolExecutor.java:1170)
 java.base@17.0.12/java.util.concurrent.ScheduledThreadPoolExecutor$DelayedWorkQueue.take(ScheduledThreadPoolExecutor.java:899)
 java.base@17.0.12/java.util.concurrent.ThreadPoolExecutor.getTask(ThreadPoolExecutor.java:1062)
 java.base@17.0.12/java.util.concurrent.ThreadPoolExecutor.runWorker(ThreadPoolExecutor.java:1122)
 java.base@17.0.12/java.util.concurrent.ThreadPoolExecutor$Worker.run(ThreadPoolExecutor.java:635)
 java.base@17.0.12/java.lang.Thread.run(Thread.java:840)
2025-01-24 09:14:04 [Thread-23] INFO  o.a.coyote.http11.Http11NioProtocol - Stopping ProtocolHandler ["http-nio-8080"]
2025-01-24 09:14:04 [Thread-23] INFO  o.a.coyote.http11.Http11NioProtocol - Destroying ProtocolHandler ["http-nio-8080"]
2025-01-24 09:14:04 [restartedMain] INFO  c.M.MusicManagerApplication - Starting MusicManagerApplication using Java 17.0.12 on LAPTOP-ICGVSVEA with PID 5368 (C:\Users\ycode\Streamify\back-end\target\classes started by ycode in C:\Users\ycode\Streamify\back-end)
2025-01-24 09:14:04 [restartedMain] DEBUG c.M.MusicManagerApplication - Running with Spring Boot v2.7.18, Spring v5.3.31
2025-01-24 09:14:04 [restartedMain] INFO  c.M.MusicManagerApplication - The following 1 profile is active: "prod"
2025-01-24 09:14:05 [restartedMain] INFO  o.s.d.r.c.RepositoryConfigurationDelegate - Bootstrapping Spring Data MongoDB repositories in DEFAULT mode.
2025-01-24 09:14:05 [restartedMain] INFO  o.s.d.r.c.RepositoryConfigurationDelegate - Finished Spring Data repository scanning in 29 ms. Found 4 MongoDB repository interfaces.
2025-01-24 09:14:05 [restartedMain] INFO  o.s.b.w.e.tomcat.TomcatWebServer - Tomcat initialized with port(s): 8080 (http)
2025-01-24 09:14:05 [restartedMain] INFO  o.a.coyote.http11.Http11NioProtocol - Initializing ProtocolHandler ["http-nio-8080"]
2025-01-24 09:14:05 [restartedMain] INFO  o.a.catalina.core.StandardService - Starting service [Tomcat]
2025-01-24 09:14:05 [restartedMain] INFO  o.a.catalina.core.StandardEngine - Starting Servlet engine: [Apache Tomcat/9.0.83]
2025-01-24 09:14:05 [restartedMain] INFO  o.a.c.c.C.[Tomcat].[localhost].[/] - Initializing Spring embedded WebApplicationContext
2025-01-24 09:14:05 [restartedMain] INFO  o.s.b.w.s.c.ServletWebServerApplicationContext - Root WebApplicationContext: initialization completed in 548 ms
2025-01-24 09:14:05 [restartedMain] INFO  org.mongodb.driver.client - MongoClient with metadata {"driver": {"name": "mongo-java-driver|sync|spring-boot", "version": "4.6.1"}, "os": {"type": "Windows", "name": "Windows 11", "architecture": "amd64", "version": "10.0"}, "platform": "Java/Eclipse Adoptium/17.0.12+7"} created with settings MongoClientSettings{readPreference=primary, writeConcern=WriteConcern{w=null, wTimeout=null ms, journal=null}, retryWrites=true, retryReads=true, readConcern=ReadConcern{level=null}, credential=null, streamFactoryFactory=null, commandListeners=[io.micrometer.core.instrument.binder.mongodb.MongoMetricsCommandListener@5604e7f0], codecRegistry=ProvidersCodecRegistry{codecProviders=[ValueCodecProvider{}, BsonValueCodecProvider{}, DBRefCodecProvider{}, DBObjectCodecProvider{}, DocumentCodecProvider{}, IterableCodecProvider{}, MapCodecProvider{}, GeoJsonCodecProvider{}, GridFSFileCodecProvider{}, Jsr310CodecProvider{}, JsonObjectCodecProvider{}, BsonCodecProvider{}, EnumCodecProvider{}, com.mongodb.Jep395RecordCodecProvider@27566a2d]}, clusterSettings={hosts=[localhost:27017], srvServiceName=mongodb, mode=SINGLE, requiredClusterType=UNKNOWN, requiredReplicaSetName='null', serverSelector='null', clusterListeners='[]', serverSelectionTimeout='30000 ms', localThreshold='30000 ms'}, socketSettings=SocketSettings{connectTimeoutMS=10000, readTimeoutMS=0, receiveBufferSize=0, sendBufferSize=0}, heartbeatSocketSettings=SocketSettings{connectTimeoutMS=10000, readTimeoutMS=10000, receiveBufferSize=0, sendBufferSize=0}, connectionPoolSettings=ConnectionPoolSettings{maxSize=100, minSize=0, maxWaitTimeMS=120000, maxConnectionLifeTimeMS=0, maxConnectionIdleTimeMS=0, maintenanceInitialDelayMS=0, maintenanceFrequencyMS=60000, connectionPoolListeners=[io.micrometer.core.instrument.binder.mongodb.MongoMetricsConnectionPoolListener@79c9de36], maxConnecting=2}, serverSettings=ServerSettings{heartbeatFrequencyMS=10000, minHeartbeatFrequencyMS=500, serverListeners='[]', serverMonitorListeners='[]'}, sslSettings=SslSettings{enabled=false, invalidHostNameAllowed=false, context=null}, applicationName='null', compressorList=[], uuidRepresentation=JAVA_LEGACY, serverApi=null, autoEncryptionSettings=null, contextProvider=null}
2025-01-24 09:14:05 [cluster-ClusterId{value='67934bcdea907e785b7fcc53', description='null'}-localhost:27017] INFO  org.mongodb.driver.connection - Opened connection [connectionId{localValue:19, serverValue:55}] to localhost:27017
2025-01-24 09:14:05 [cluster-rtt-ClusterId{value='67934bcdea907e785b7fcc53', description='null'}-localhost:27017] INFO  org.mongodb.driver.connection - Opened connection [connectionId{localValue:20, serverValue:54}] to localhost:27017
2025-01-24 09:14:05 [cluster-ClusterId{value='67934bcdea907e785b7fcc53', description='null'}-localhost:27017] INFO  org.mongodb.driver.cluster - Monitor thread successfully connected to server with description ServerDescription{address=localhost:27017, type=STANDALONE, state=CONNECTED, ok=true, minWireVersion=0, maxWireVersion=21, maxDocumentSize=16777216, logicalSessionTimeoutMinutes=30, roundTripTimeNanos=1673100}
2025-01-24 09:14:05 [restartedMain] DEBUG o.s.d.m.c.i.MongoPersistentEntityIndexCreator - Analyzing class class com.MusicManager.model.Album for index information.
2025-01-24 09:14:05 [restartedMain] DEBUG o.s.d.m.c.i.MongoPersistentEntityIndexCreator - Analyzing class class com.MusicManager.model.User for index information.
2025-01-24 09:14:05 [restartedMain] DEBUG o.s.d.m.c.i.MongoPersistentEntityIndexCreator - Analyzing class class com.MusicManager.model.Chanson for index information.
2025-01-24 09:14:05 [restartedMain] DEBUG o.s.d.m.c.i.MongoPersistentEntityIndexCreator - Analyzing class class com.MusicManager.model.Role for index information.
2025-01-24 09:14:05 [restartedMain] INFO  org.mongodb.driver.connection - Opened connection [connectionId{localValue:21, serverValue:56}] to localhost:27017
2025-01-24 09:14:05 [restartedMain] DEBUG c.M.security.JwtAuthenticationFilter - Filter 'jwtAuthenticationFilter' configured for use
2025-01-24 09:14:05 [restartedMain] INFO  o.s.b.d.a.OptionalLiveReloadServer - LiveReload server is running on port 35729
2025-01-24 09:14:05 [restartedMain] DEBUG o.s.data.mongodb.core.MongoTemplate - Executing count: {} in collection: roles
2025-01-24 09:14:05 [restartedMain] INFO  o.s.b.a.e.web.EndpointLinksResolver - Exposing 1 endpoint(s) beneath base path '/actuator'
2025-01-24 09:14:05 [restartedMain] INFO  o.s.s.web.DefaultSecurityFilterChain - Will secure any request with [org.springframework.security.web.session.DisableEncodeUrlFilter@38113720, org.springframework.security.web.context.request.async.WebAsyncManagerIntegrationFilter@15e71f95, org.springframework.security.web.context.SecurityContextPersistenceFilter@13dabb01, org.springframework.security.web.header.HeaderWriterFilter@4c25c0b2, org.springframework.web.filter.CorsFilter@2fbe5453, org.springframework.security.web.authentication.logout.LogoutFilter@7211b9ad, com.MusicManager.security.JwtAuthenticationFilter@76759cf1, org.springframework.security.web.savedrequest.RequestCacheAwareFilter@7686b554, org.springframework.security.web.servletapi.SecurityContextHolderAwareRequestFilter@1444cb66, org.springframework.security.web.authentication.AnonymousAuthenticationFilter@3b834a0, org.springframework.security.web.session.SessionManagementFilter@c458e8d, org.springframework.security.web.access.ExceptionTranslationFilter@6a51ed1b, org.springframework.security.web.access.intercept.FilterSecurityInterceptor@2810875b]
2025-01-24 09:14:05 [restartedMain] INFO  o.a.coyote.http11.Http11NioProtocol - Starting ProtocolHandler ["http-nio-8080"]
2025-01-24 09:14:05 [restartedMain] INFO  o.s.b.w.e.tomcat.TomcatWebServer - Tomcat started on port(s): 8080 (http) with context path ''
2025-01-24 09:14:05 [restartedMain] INFO  c.M.MusicManagerApplication - Started MusicManagerApplication in 1.11 seconds (JVM running for 64534.237)
2025-01-24 09:14:05 [restartedMain] INFO  o.s.b.d.a.ConditionEvaluationDeltaLoggingListener - Condition evaluation unchanged
2025-01-24 09:14:12 [http-nio-8080-exec-1] INFO  o.a.c.c.C.[Tomcat].[localhost].[/] - Initializing Spring DispatcherServlet 'dispatcherServlet'
2025-01-24 09:14:12 [http-nio-8080-exec-1] INFO  o.s.web.servlet.DispatcherServlet - Initializing Servlet 'dispatcherServlet'
2025-01-24 09:14:12 [http-nio-8080-exec-1] INFO  o.s.web.servlet.DispatcherServlet - Completed initialization in 1 ms
2025-01-24 09:14:12 [http-nio-8080-exec-1] WARN  o.s.w.s.m.m.a.ExceptionHandlerExceptionResolver - Resolved [java.lang.IllegalArgumentException: When allowCredentials is true, allowedOrigins cannot contain the special value "*" since that cannot be set on the "Access-Control-Allow-Origin" response header. To allow credentials to a set of origins, list them explicitly or consider using "allowedOriginPatterns" instead.]
2025-01-24 09:23:41 [background-preinit] INFO  o.h.validator.internal.util.Version - HV000001: Hibernate Validator 6.2.5.Final
2025-01-24 09:23:41 [restartedMain] INFO  c.M.MusicManagerApplication - Starting MusicManagerApplication using Java 17.0.12 on LAPTOP-ICGVSVEA with PID 18744 (C:\Users\ycode\Streamify\back-end\target\classes started by ycode in C:\Users\ycode\Streamify\back-end)
2025-01-24 09:23:41 [restartedMain] DEBUG c.M.MusicManagerApplication - Running with Spring Boot v2.7.18, Spring v5.3.31
2025-01-24 09:23:41 [restartedMain] INFO  c.M.MusicManagerApplication - The following 1 profile is active: "prod"
2025-01-24 09:23:41 [restartedMain] INFO  o.s.b.d.e.DevToolsPropertyDefaultsPostProcessor - Devtools property defaults active! Set 'spring.devtools.add-properties' to 'false' to disable
2025-01-24 09:23:41 [restartedMain] INFO  o.s.b.d.e.DevToolsPropertyDefaultsPostProcessor - For additional web related logging consider setting the 'logging.level.web' property to 'DEBUG'
2025-01-24 09:23:43 [restartedMain] INFO  o.s.d.r.c.RepositoryConfigurationDelegate - Bootstrapping Spring Data MongoDB repositories in DEFAULT mode.
2025-01-24 09:23:43 [restartedMain] INFO  o.s.d.r.c.RepositoryConfigurationDelegate - Finished Spring Data repository scanning in 105 ms. Found 4 MongoDB repository interfaces.
2025-01-24 09:23:43 [restartedMain] INFO  o.s.b.w.e.tomcat.TomcatWebServer - Tomcat initialized with port(s): 8080 (http)
2025-01-24 09:23:43 [restartedMain] INFO  o.a.coyote.http11.Http11NioProtocol - Initializing ProtocolHandler ["http-nio-8080"]
2025-01-24 09:23:43 [restartedMain] INFO  o.a.catalina.core.StandardService - Starting service [Tomcat]
2025-01-24 09:23:43 [restartedMain] INFO  o.a.catalina.core.StandardEngine - Starting Servlet engine: [Apache Tomcat/9.0.83]
2025-01-24 09:23:44 [restartedMain] INFO  o.a.c.c.C.[Tomcat].[localhost].[/] - Initializing Spring embedded WebApplicationContext
2025-01-24 09:23:44 [restartedMain] INFO  o.s.b.w.s.c.ServletWebServerApplicationContext - Root WebApplicationContext: initialization completed in 2223 ms
2025-01-24 09:23:44 [restartedMain] INFO  org.mongodb.driver.client - MongoClient with metadata {"driver": {"name": "mongo-java-driver|sync|spring-boot", "version": "4.6.1"}, "os": {"type": "Windows", "name": "Windows 11", "architecture": "amd64", "version": "10.0"}, "platform": "Java/Eclipse Adoptium/17.0.12+7"} created with settings MongoClientSettings{readPreference=primary, writeConcern=WriteConcern{w=null, wTimeout=null ms, journal=null}, retryWrites=true, retryReads=true, readConcern=ReadConcern{level=null}, credential=null, streamFactoryFactory=null, commandListeners=[io.micrometer.core.instrument.binder.mongodb.MongoMetricsCommandListener@41a30c1], codecRegistry=ProvidersCodecRegistry{codecProviders=[ValueCodecProvider{}, BsonValueCodecProvider{}, DBRefCodecProvider{}, DBObjectCodecProvider{}, DocumentCodecProvider{}, IterableCodecProvider{}, MapCodecProvider{}, GeoJsonCodecProvider{}, GridFSFileCodecProvider{}, Jsr310CodecProvider{}, JsonObjectCodecProvider{}, BsonCodecProvider{}, EnumCodecProvider{}, com.mongodb.Jep395RecordCodecProvider@5abb022e]}, clusterSettings={hosts=[localhost:27017], srvServiceName=mongodb, mode=SINGLE, requiredClusterType=UNKNOWN, requiredReplicaSetName='null', serverSelector='null', clusterListeners='[]', serverSelectionTimeout='30000 ms', localThreshold='30000 ms'}, socketSettings=SocketSettings{connectTimeoutMS=10000, readTimeoutMS=0, receiveBufferSize=0, sendBufferSize=0}, heartbeatSocketSettings=SocketSettings{connectTimeoutMS=10000, readTimeoutMS=10000, receiveBufferSize=0, sendBufferSize=0}, connectionPoolSettings=ConnectionPoolSettings{maxSize=100, minSize=0, maxWaitTimeMS=120000, maxConnectionLifeTimeMS=0, maxConnectionIdleTimeMS=0, maintenanceInitialDelayMS=0, maintenanceFrequencyMS=60000, connectionPoolListeners=[io.micrometer.core.instrument.binder.mongodb.MongoMetricsConnectionPoolListener@3b24d4b1], maxConnecting=2}, serverSettings=ServerSettings{heartbeatFrequencyMS=10000, minHeartbeatFrequencyMS=500, serverListeners='[]', serverMonitorListeners='[]'}, sslSettings=SslSettings{enabled=false, invalidHostNameAllowed=false, context=null}, applicationName='null', compressorList=[], uuidRepresentation=JAVA_LEGACY, serverApi=null, autoEncryptionSettings=null, contextProvider=null}
2025-01-24 09:23:44 [cluster-ClusterId{value='67934e106502802388721820', description='null'}-localhost:27017] INFO  org.mongodb.driver.connection - Opened connection [connectionId{localValue:2, serverValue:58}] to localhost:27017
2025-01-24 09:23:44 [cluster-rtt-ClusterId{value='67934e106502802388721820', description='null'}-localhost:27017] INFO  org.mongodb.driver.connection - Opened connection [connectionId{localValue:1, serverValue:57}] to localhost:27017
2025-01-24 09:23:44 [cluster-ClusterId{value='67934e106502802388721820', description='null'}-localhost:27017] INFO  org.mongodb.driver.cluster - Monitor thread successfully connected to server with description ServerDescription{address=localhost:27017, type=STANDALONE, state=CONNECTED, ok=true, minWireVersion=0, maxWireVersion=21, maxDocumentSize=16777216, logicalSessionTimeoutMinutes=30, roundTripTimeNanos=25243500}
2025-01-24 09:23:44 [restartedMain] DEBUG o.s.d.m.c.i.MongoPersistentEntityIndexCreator - Analyzing class class com.MusicManager.model.Role for index information.
2025-01-24 09:23:44 [restartedMain] INFO  org.mongodb.driver.connection - Opened connection [connectionId{localValue:3, serverValue:59}] to localhost:27017
2025-01-24 09:23:44 [restartedMain] DEBUG o.s.d.m.c.i.MongoPersistentEntityIndexCreator - Analyzing class class com.MusicManager.model.Chanson for index information.
2025-01-24 09:23:44 [restartedMain] DEBUG o.s.d.m.c.i.MongoPersistentEntityIndexCreator - Analyzing class class com.MusicManager.model.Album for index information.
2025-01-24 09:23:44 [restartedMain] DEBUG o.s.d.m.c.i.MongoPersistentEntityIndexCreator - Analyzing class class com.MusicManager.model.User for index information.
2025-01-24 09:23:44 [restartedMain] DEBUG c.M.security.JwtAuthenticationFilter - Filter 'jwtAuthenticationFilter' configured for use
2025-01-24 09:23:44 [restartedMain] INFO  o.s.b.d.a.OptionalLiveReloadServer - LiveReload server is running on port 35729
2025-01-24 09:23:44 [restartedMain] DEBUG o.s.data.mongodb.core.MongoTemplate - Executing count: {} in collection: roles
2025-01-24 09:23:45 [restartedMain] INFO  o.s.b.a.e.web.EndpointLinksResolver - Exposing 1 endpoint(s) beneath base path '/actuator'
2025-01-24 09:23:45 [restartedMain] INFO  o.s.s.web.DefaultSecurityFilterChain - Will secure any request with [org.springframework.security.web.session.DisableEncodeUrlFilter@665ccb99, org.springframework.security.web.context.request.async.WebAsyncManagerIntegrationFilter@51b8c9ed, org.springframework.security.web.context.SecurityContextPersistenceFilter@440b93b3, org.springframework.security.web.header.HeaderWriterFilter@c8fa8b8, org.springframework.web.filter.CorsFilter@32ef791d, org.springframework.security.web.authentication.logout.LogoutFilter@4b844b5e, com.MusicManager.security.JwtAuthenticationFilter@11ca3a94, org.springframework.security.web.savedrequest.RequestCacheAwareFilter@419f8fb5, org.springframework.security.web.servletapi.SecurityContextHolderAwareRequestFilter@3e383b54, org.springframework.security.web.authentication.AnonymousAuthenticationFilter@27a638f8, org.springframework.security.web.session.SessionManagementFilter@2f74e7ca, org.springframework.security.web.access.ExceptionTranslationFilter@3ef42532, org.springframework.security.web.access.intercept.FilterSecurityInterceptor@3f9d675b]
2025-01-24 09:23:45 [restartedMain] INFO  o.a.coyote.http11.Http11NioProtocol - Starting ProtocolHandler ["http-nio-8080"]
2025-01-24 09:23:45 [restartedMain] INFO  o.s.b.w.e.tomcat.TomcatWebServer - Tomcat started on port(s): 8080 (http) with context path ''
2025-01-24 09:23:45 [restartedMain] INFO  c.M.MusicManagerApplication - Started MusicManagerApplication in 4.777 seconds (JVM running for 5.827)
2025-01-24 09:23:45 [RMI TCP Connection(1)-192.168.8.243] INFO  o.a.c.c.C.[Tomcat].[localhost].[/] - Initializing Spring DispatcherServlet 'dispatcherServlet'
2025-01-24 09:23:45 [RMI TCP Connection(1)-192.168.8.243] INFO  o.s.web.servlet.DispatcherServlet - Initializing Servlet 'dispatcherServlet'
2025-01-24 09:23:45 [RMI TCP Connection(1)-192.168.8.243] INFO  o.s.web.servlet.DispatcherServlet - Completed initialization in 2 ms
2025-01-24 09:24:24 [background-preinit] INFO  o.h.validator.internal.util.Version - HV000001: Hibernate Validator 6.2.5.Final
2025-01-24 09:24:24 [restartedMain] INFO  c.M.MusicManagerApplication - Starting MusicManagerApplication using Java 17.0.12 on LAPTOP-ICGVSVEA with PID 21624 (C:\Users\ycode\Streamify\back-end\target\classes started by ycode in C:\Users\ycode\Streamify\back-end)
2025-01-24 09:24:24 [restartedMain] DEBUG c.M.MusicManagerApplication - Running with Spring Boot v2.7.18, Spring v5.3.31
2025-01-24 09:24:24 [restartedMain] INFO  c.M.MusicManagerApplication - The following 1 profile is active: "prod"
2025-01-24 09:24:24 [restartedMain] INFO  o.s.b.d.e.DevToolsPropertyDefaultsPostProcessor - Devtools property defaults active! Set 'spring.devtools.add-properties' to 'false' to disable
2025-01-24 09:24:24 [restartedMain] INFO  o.s.b.d.e.DevToolsPropertyDefaultsPostProcessor - For additional web related logging consider setting the 'logging.level.web' property to 'DEBUG'
2025-01-24 09:24:26 [restartedMain] INFO  o.s.d.r.c.RepositoryConfigurationDelegate - Bootstrapping Spring Data MongoDB repositories in DEFAULT mode.
2025-01-24 09:24:26 [restartedMain] INFO  o.s.d.r.c.RepositoryConfigurationDelegate - Finished Spring Data repository scanning in 100 ms. Found 4 MongoDB repository interfaces.
2025-01-24 09:24:26 [restartedMain] INFO  o.s.b.w.e.tomcat.TomcatWebServer - Tomcat initialized with port(s): 8080 (http)
2025-01-24 09:24:26 [restartedMain] INFO  o.a.coyote.http11.Http11NioProtocol - Initializing ProtocolHandler ["http-nio-8080"]
2025-01-24 09:24:26 [restartedMain] INFO  o.a.catalina.core.StandardService - Starting service [Tomcat]
2025-01-24 09:24:26 [restartedMain] INFO  o.a.catalina.core.StandardEngine - Starting Servlet engine: [Apache Tomcat/9.0.83]
2025-01-24 09:24:27 [restartedMain] INFO  o.a.c.c.C.[Tomcat].[localhost].[/] - Initializing Spring embedded WebApplicationContext
2025-01-24 09:24:27 [restartedMain] INFO  o.s.b.w.s.c.ServletWebServerApplicationContext - Root WebApplicationContext: initialization completed in 2382 ms
2025-01-24 09:24:27 [restartedMain] INFO  org.mongodb.driver.client - MongoClient with metadata {"driver": {"name": "mongo-java-driver|sync|spring-boot", "version": "4.6.1"}, "os": {"type": "Windows", "name": "Windows 11", "architecture": "amd64", "version": "10.0"}, "platform": "Java/Eclipse Adoptium/17.0.12+7"} created with settings MongoClientSettings{readPreference=primary, writeConcern=WriteConcern{w=null, wTimeout=null ms, journal=null}, retryWrites=true, retryReads=true, readConcern=ReadConcern{level=null}, credential=null, streamFactoryFactory=null, commandListeners=[io.micrometer.core.instrument.binder.mongodb.MongoMetricsCommandListener@79764ce4], codecRegistry=ProvidersCodecRegistry{codecProviders=[ValueCodecProvider{}, BsonValueCodecProvider{}, DBRefCodecProvider{}, DBObjectCodecProvider{}, DocumentCodecProvider{}, IterableCodecProvider{}, MapCodecProvider{}, GeoJsonCodecProvider{}, GridFSFileCodecProvider{}, Jsr310CodecProvider{}, JsonObjectCodecProvider{}, BsonCodecProvider{}, EnumCodecProvider{}, com.mongodb.Jep395RecordCodecProvider@7a015333]}, clusterSettings={hosts=[localhost:27017], srvServiceName=mongodb, mode=SINGLE, requiredClusterType=UNKNOWN, requiredReplicaSetName='null', serverSelector='null', clusterListeners='[]', serverSelectionTimeout='30000 ms', localThreshold='30000 ms'}, socketSettings=SocketSettings{connectTimeoutMS=10000, readTimeoutMS=0, receiveBufferSize=0, sendBufferSize=0}, heartbeatSocketSettings=SocketSettings{connectTimeoutMS=10000, readTimeoutMS=10000, receiveBufferSize=0, sendBufferSize=0}, connectionPoolSettings=ConnectionPoolSettings{maxSize=100, minSize=0, maxWaitTimeMS=120000, maxConnectionLifeTimeMS=0, maxConnectionIdleTimeMS=0, maintenanceInitialDelayMS=0, maintenanceFrequencyMS=60000, connectionPoolListeners=[io.micrometer.core.instrument.binder.mongodb.MongoMetricsConnectionPoolListener@4d01d816], maxConnecting=2}, serverSettings=ServerSettings{heartbeatFrequencyMS=10000, minHeartbeatFrequencyMS=500, serverListeners='[]', serverMonitorListeners='[]'}, sslSettings=SslSettings{enabled=false, invalidHostNameAllowed=false, context=null}, applicationName='null', compressorList=[], uuidRepresentation=JAVA_LEGACY, serverApi=null, autoEncryptionSettings=null, contextProvider=null}
2025-01-24 09:24:27 [cluster-rtt-ClusterId{value='67934e3b491dd61a07eeda6f', description='null'}-localhost:27017] INFO  org.mongodb.driver.connection - Opened connection [connectionId{localValue:2, serverValue:60}] to localhost:27017
2025-01-24 09:24:27 [cluster-ClusterId{value='67934e3b491dd61a07eeda6f', description='null'}-localhost:27017] INFO  org.mongodb.driver.connection - Opened connection [connectionId{localValue:1, serverValue:61}] to localhost:27017
2025-01-24 09:24:27 [cluster-ClusterId{value='67934e3b491dd61a07eeda6f', description='null'}-localhost:27017] INFO  org.mongodb.driver.cluster - Monitor thread successfully connected to server with description ServerDescription{address=localhost:27017, type=STANDALONE, state=CONNECTED, ok=true, minWireVersion=0, maxWireVersion=21, maxDocumentSize=16777216, logicalSessionTimeoutMinutes=30, roundTripTimeNanos=25790900}
2025-01-24 09:24:27 [restartedMain] DEBUG o.s.d.m.c.i.MongoPersistentEntityIndexCreator - Analyzing class class com.MusicManager.model.Role for index information.
2025-01-24 09:24:27 [restartedMain] INFO  org.mongodb.driver.connection - Opened connection [connectionId{localValue:3, serverValue:62}] to localhost:27017
2025-01-24 09:24:27 [restartedMain] DEBUG o.s.d.m.c.i.MongoPersistentEntityIndexCreator - Analyzing class class com.MusicManager.model.Chanson for index information.
2025-01-24 09:24:27 [restartedMain] DEBUG o.s.d.m.c.i.MongoPersistentEntityIndexCreator - Analyzing class class com.MusicManager.model.User for index information.
2025-01-24 09:24:27 [restartedMain] DEBUG o.s.d.m.c.i.MongoPersistentEntityIndexCreator - Analyzing class class com.MusicManager.model.Album for index information.
2025-01-24 09:24:28 [restartedMain] DEBUG c.M.security.JwtAuthenticationFilter - Filter 'jwtAuthenticationFilter' configured for use
2025-01-24 09:24:28 [restartedMain] INFO  o.s.b.d.a.OptionalLiveReloadServer - LiveReload server is running on port 35729
2025-01-24 09:24:28 [restartedMain] DEBUG o.s.data.mongodb.core.MongoTemplate - Executing count: {} in collection: roles
2025-01-24 09:24:28 [restartedMain] INFO  o.s.b.a.e.web.EndpointLinksResolver - Exposing 1 endpoint(s) beneath base path '/actuator'
2025-01-24 09:24:28 [restartedMain] INFO  o.s.s.web.DefaultSecurityFilterChain - Will secure any request with [org.springframework.security.web.session.DisableEncodeUrlFilter@5214590b, org.springframework.security.web.context.request.async.WebAsyncManagerIntegrationFilter@5309819a, org.springframework.security.web.context.SecurityContextPersistenceFilter@14a302ba, org.springframework.security.web.header.HeaderWriterFilter@3f24f70, org.springframework.web.filter.CorsFilter@36f8380b, org.springframework.security.web.authentication.logout.LogoutFilter@440b93b3, com.MusicManager.security.JwtAuthenticationFilter@1ee7bd51, org.springframework.security.web.savedrequest.RequestCacheAwareFilter@48825d56, org.springframework.security.web.servletapi.SecurityContextHolderAwareRequestFilter@3904905e, org.springframework.security.web.authentication.AnonymousAuthenticationFilter@4b70938e, org.springframework.security.web.session.SessionManagementFilter@c25e7b4, org.springframework.security.web.access.ExceptionTranslationFilter@42885989, org.springframework.security.web.access.intercept.FilterSecurityInterceptor@43159f]
2025-01-24 09:24:29 [restartedMain] INFO  o.a.coyote.http11.Http11NioProtocol - Starting ProtocolHandler ["http-nio-8080"]
2025-01-24 09:24:29 [restartedMain] INFO  o.s.b.w.e.tomcat.TomcatWebServer - Tomcat started on port(s): 8080 (http) with context path ''
2025-01-24 09:24:29 [restartedMain] INFO  c.M.MusicManagerApplication - Started MusicManagerApplication in 5.645 seconds (JVM running for 6.66)
2025-01-24 09:24:29 [RMI TCP Connection(5)-192.168.8.243] INFO  o.a.c.c.C.[Tomcat].[localhost].[/] - Initializing Spring DispatcherServlet 'dispatcherServlet'
2025-01-24 09:24:29 [RMI TCP Connection(5)-192.168.8.243] INFO  o.s.web.servlet.DispatcherServlet - Initializing Servlet 'dispatcherServlet'
2025-01-24 09:24:29 [RMI TCP Connection(5)-192.168.8.243] INFO  o.s.web.servlet.DispatcherServlet - Completed initialization in 4 ms
2025-01-24 09:24:30 [http-nio-8080-exec-2] WARN  o.s.w.s.m.m.a.ExceptionHandlerExceptionResolver - Resolved [java.lang.IllegalArgumentException: When allowCredentials is true, allowedOrigins cannot contain the special value "*" since that cannot be set on the "Access-Control-Allow-Origin" response header. To allow credentials to a set of origins, list them explicitly or consider using "allowedOriginPatterns" instead.]
2025-01-24 09:25:11 [File Watcher] INFO  o.s.b.d.a.LocalDevToolsAutoConfiguration$RestartingClassPathChangeChangedEventListener - Restarting due to 4 class path changes (0 additions, 0 deletions, 4 modifications)
2025-01-24 09:25:11 [Thread-4] INFO  o.a.coyote.http11.Http11NioProtocol - Pausing ProtocolHandler ["http-nio-8080"]
2025-01-24 09:25:11 [Thread-4] INFO  o.a.catalina.core.StandardService - Stopping service [Tomcat]
2025-01-24 09:25:11 [Thread-4] INFO  o.a.c.c.C.[Tomcat].[localhost].[/] - Destroying Spring FrameworkServlet 'dispatcherServlet'
2025-01-24 09:25:11 [Thread-4] WARN  o.a.c.loader.WebappClassLoaderBase - The web application [ROOT] appears to have started a thread named [BufferPoolPruner-1-thread-1] but has failed to stop it. This is very likely to create a memory leak. Stack trace of thread:
 java.base@17.0.12/jdk.internal.misc.Unsafe.park(Native Method)
 java.base@17.0.12/java.util.concurrent.locks.LockSupport.parkNanos(LockSupport.java:252)
 java.base@17.0.12/java.util.concurrent.locks.AbstractQueuedSynchronizer$ConditionObject.awaitNanos(AbstractQueuedSynchronizer.java:1674)
 java.base@17.0.12/java.util.concurrent.ScheduledThreadPoolExecutor$DelayedWorkQueue.take(ScheduledThreadPoolExecutor.java:1182)
 java.base@17.0.12/java.util.concurrent.ScheduledThreadPoolExecutor$DelayedWorkQueue.take(ScheduledThreadPoolExecutor.java:899)
 java.base@17.0.12/java.util.concurrent.ThreadPoolExecutor.getTask(ThreadPoolExecutor.java:1062)
 java.base@17.0.12/java.util.concurrent.ThreadPoolExecutor.runWorker(ThreadPoolExecutor.java:1122)
 java.base@17.0.12/java.util.concurrent.ThreadPoolExecutor$Worker.run(ThreadPoolExecutor.java:635)
 java.base@17.0.12/java.lang.Thread.run(Thread.java:840)
2025-01-24 09:25:11 [Thread-4] WARN  o.a.c.loader.WebappClassLoaderBase - The web application [ROOT] appears to have started a thread named [cluster-ClusterId{value='67934e3b491dd61a07eeda6f', description='null'}-localhost:27017] but has failed to stop it. This is very likely to create a memory leak. Stack trace of thread:
 java.base@17.0.12/sun.nio.ch.Net.poll(Native Method)
 java.base@17.0.12/sun.nio.ch.NioSocketImpl.park(NioSocketImpl.java:186)
 java.base@17.0.12/sun.nio.ch.NioSocketImpl.timedRead(NioSocketImpl.java:290)
 java.base@17.0.12/sun.nio.ch.NioSocketImpl.implRead(NioSocketImpl.java:314)
 java.base@17.0.12/sun.nio.ch.NioSocketImpl.read(NioSocketImpl.java:355)
 java.base@17.0.12/sun.nio.ch.NioSocketImpl$1.read(NioSocketImpl.java:808)
 java.base@17.0.12/java.net.Socket$SocketInputStream.read(Socket.java:966)
 app//com.mongodb.internal.connection.SocketStream.read(SocketStream.java:110)
 app//com.mongodb.internal.connection.SocketStream.read(SocketStream.java:135)
 app//com.mongodb.internal.connection.InternalStreamConnection.receiveResponseBuffers(InternalStreamConnection.java:713)
 app//com.mongodb.internal.connection.InternalStreamConnection.receiveMessageWithAdditionalTimeout(InternalStreamConnection.java:571)
 app//com.mongodb.internal.connection.InternalStreamConnection.receiveCommandMessageResponse(InternalStreamConnection.java:410)
 app//com.mongodb.internal.connection.InternalStreamConnection.receive(InternalStreamConnection.java:369)
 app//com.mongodb.internal.connection.DefaultServerMonitor$ServerMonitorRunnable.lookupServerDescription(DefaultServerMonitor.java:221)
 app//com.mongodb.internal.connection.DefaultServerMonitor$ServerMonitorRunnable.run(DefaultServerMonitor.java:157)
 java.base@17.0.12/java.lang.Thread.run(Thread.java:840)
2025-01-24 09:25:11 [Thread-4] WARN  o.a.c.loader.WebappClassLoaderBase - The web application [ROOT] appears to have started a thread named [cluster-rtt-ClusterId{value='67934e3b491dd61a07eeda6f', description='null'}-localhost:27017] but has failed to stop it. This is very likely to create a memory leak. Stack trace of thread:
 java.base@17.0.12/java.lang.Thread.sleep(Native Method)
 app//com.mongodb.internal.connection.DefaultServerMonitor.waitForNext(DefaultServerMonitor.java:443)
 app//com.mongodb.internal.connection.DefaultServerMonitor.access$1500(DefaultServerMonitor.java:64)
 app//com.mongodb.internal.connection.DefaultServerMonitor$RoundTripTimeRunnable.run(DefaultServerMonitor.java:415)
 java.base@17.0.12/java.lang.Thread.run(Thread.java:840)
2025-01-24 09:25:11 [Thread-4] WARN  o.a.c.loader.WebappClassLoaderBase - The web application [ROOT] appears to have started a thread named [MaintenanceTimer-2-thread-1] but has failed to stop it. This is very likely to create a memory leak. Stack trace of thread:
 java.base@17.0.12/jdk.internal.misc.Unsafe.park(Native Method)
 java.base@17.0.12/java.util.concurrent.locks.LockSupport.parkNanos(LockSupport.java:252)
 java.base@17.0.12/java.util.concurrent.locks.AbstractQueuedSynchronizer$ConditionObject.awaitNanos(AbstractQueuedSynchronizer.java:1674)
 java.base@17.0.12/java.util.concurrent.ScheduledThreadPoolExecutor$DelayedWorkQueue.take(ScheduledThreadPoolExecutor.java:1182)
 java.base@17.0.12/java.util.concurrent.ScheduledThreadPoolExecutor$DelayedWorkQueue.take(ScheduledThreadPoolExecutor.java:899)
 java.base@17.0.12/java.util.concurrent.ThreadPoolExecutor.getTask(ThreadPoolExecutor.java:1062)
 java.base@17.0.12/java.util.concurrent.ThreadPoolExecutor.runWorker(ThreadPoolExecutor.java:1122)
 java.base@17.0.12/java.util.concurrent.ThreadPoolExecutor$Worker.run(ThreadPoolExecutor.java:635)
 java.base@17.0.12/java.lang.Thread.run(Thread.java:840)
2025-01-24 09:25:11 [Thread-4] INFO  o.a.coyote.http11.Http11NioProtocol - Stopping ProtocolHandler ["http-nio-8080"]
2025-01-24 09:25:11 [Thread-4] INFO  o.a.coyote.http11.Http11NioProtocol - Destroying ProtocolHandler ["http-nio-8080"]
2025-01-24 09:25:12 [restartedMain] INFO  c.M.MusicManagerApplication - Starting MusicManagerApplication using Java 17.0.12 on LAPTOP-ICGVSVEA with PID 21624 (C:\Users\ycode\Streamify\back-end\target\classes started by ycode in C:\Users\ycode\Streamify\back-end)
2025-01-24 09:25:12 [restartedMain] DEBUG c.M.MusicManagerApplication - Running with Spring Boot v2.7.18, Spring v5.3.31
2025-01-24 09:25:12 [restartedMain] INFO  c.M.MusicManagerApplication - The following 1 profile is active: "prod"
2025-01-24 09:25:12 [restartedMain] INFO  o.s.d.r.c.RepositoryConfigurationDelegate - Bootstrapping Spring Data MongoDB repositories in DEFAULT mode.
2025-01-24 09:25:12 [restartedMain] INFO  o.s.d.r.c.RepositoryConfigurationDelegate - Finished Spring Data repository scanning in 33 ms. Found 4 MongoDB repository interfaces.
2025-01-24 09:25:12 [restartedMain] INFO  o.s.b.w.e.tomcat.TomcatWebServer - Tomcat initialized with port(s): 8080 (http)
2025-01-24 09:25:12 [restartedMain] INFO  o.a.coyote.http11.Http11NioProtocol - Initializing ProtocolHandler ["http-nio-8080"]
2025-01-24 09:25:12 [restartedMain] INFO  o.a.catalina.core.StandardService - Starting service [Tomcat]
2025-01-24 09:25:12 [restartedMain] INFO  o.a.catalina.core.StandardEngine - Starting Servlet engine: [Apache Tomcat/9.0.83]
2025-01-24 09:25:12 [restartedMain] INFO  o.a.c.c.C.[Tomcat].[localhost].[/] - Initializing Spring embedded WebApplicationContext
2025-01-24 09:25:12 [restartedMain] INFO  o.s.b.w.s.c.ServletWebServerApplicationContext - Root WebApplicationContext: initialization completed in 668 ms
2025-01-24 09:25:12 [restartedMain] INFO  org.mongodb.driver.client - MongoClient with metadata {"driver": {"name": "mongo-java-driver|sync|spring-boot", "version": "4.6.1"}, "os": {"type": "Windows", "name": "Windows 11", "architecture": "amd64", "version": "10.0"}, "platform": "Java/Eclipse Adoptium/17.0.12+7"} created with settings MongoClientSettings{readPreference=primary, writeConcern=WriteConcern{w=null, wTimeout=null ms, journal=null}, retryWrites=true, retryReads=true, readConcern=ReadConcern{level=null}, credential=null, streamFactoryFactory=null, commandListeners=[io.micrometer.core.instrument.binder.mongodb.MongoMetricsCommandListener@3b3dcbd3], codecRegistry=ProvidersCodecRegistry{codecProviders=[ValueCodecProvider{}, BsonValueCodecProvider{}, DBRefCodecProvider{}, DBObjectCodecProvider{}, DocumentCodecProvider{}, IterableCodecProvider{}, MapCodecProvider{}, GeoJsonCodecProvider{}, GridFSFileCodecProvider{}, Jsr310CodecProvider{}, JsonObjectCodecProvider{}, BsonCodecProvider{}, EnumCodecProvider{}, com.mongodb.Jep395RecordCodecProvider@7a015333]}, clusterSettings={hosts=[localhost:27017], srvServiceName=mongodb, mode=SINGLE, requiredClusterType=UNKNOWN, requiredReplicaSetName='null', serverSelector='null', clusterListeners='[]', serverSelectionTimeout='30000 ms', localThreshold='30000 ms'}, socketSettings=SocketSettings{connectTimeoutMS=10000, readTimeoutMS=0, receiveBufferSize=0, sendBufferSize=0}, heartbeatSocketSettings=SocketSettings{connectTimeoutMS=10000, readTimeoutMS=10000, receiveBufferSize=0, sendBufferSize=0}, connectionPoolSettings=ConnectionPoolSettings{maxSize=100, minSize=0, maxWaitTimeMS=120000, maxConnectionLifeTimeMS=0, maxConnectionIdleTimeMS=0, maintenanceInitialDelayMS=0, maintenanceFrequencyMS=60000, connectionPoolListeners=[io.micrometer.core.instrument.binder.mongodb.MongoMetricsConnectionPoolListener@55dfd77b], maxConnecting=2}, serverSettings=ServerSettings{heartbeatFrequencyMS=10000, minHeartbeatFrequencyMS=500, serverListeners='[]', serverMonitorListeners='[]'}, sslSettings=SslSettings{enabled=false, invalidHostNameAllowed=false, context=null}, applicationName='null', compressorList=[], uuidRepresentation=JAVA_LEGACY, serverApi=null, autoEncryptionSettings=null, contextProvider=null}
2025-01-24 09:25:12 [cluster-ClusterId{value='67934e68491dd61a07eeda70', description='null'}-localhost:27017] INFO  org.mongodb.driver.connection - Opened connection [connectionId{localValue:4, serverValue:63}] to localhost:27017
2025-01-24 09:25:12 [cluster-ClusterId{value='67934e68491dd61a07eeda70', description='null'}-localhost:27017] INFO  org.mongodb.driver.cluster - Monitor thread successfully connected to server with description ServerDescription{address=localhost:27017, type=STANDALONE, state=CONNECTED, ok=true, minWireVersion=0, maxWireVersion=21, maxDocumentSize=16777216, logicalSessionTimeoutMinutes=30, roundTripTimeNanos=1574200}
2025-01-24 09:25:12 [cluster-rtt-ClusterId{value='67934e68491dd61a07eeda70', description='null'}-localhost:27017] INFO  org.mongodb.driver.connection - Opened connection [connectionId{localValue:5, serverValue:64}] to localhost:27017
2025-01-24 09:25:12 [restartedMain] DEBUG o.s.d.m.c.i.MongoPersistentEntityIndexCreator - Analyzing class class com.MusicManager.model.Role for index information.
2025-01-24 09:25:12 [restartedMain] INFO  org.mongodb.driver.connection - Opened connection [connectionId{localValue:6, serverValue:65}] to localhost:27017
2025-01-24 09:25:12 [restartedMain] DEBUG o.s.d.m.c.i.MongoPersistentEntityIndexCreator - Analyzing class class com.MusicManager.model.Chanson for index information.
2025-01-24 09:25:12 [restartedMain] DEBUG o.s.d.m.c.i.MongoPersistentEntityIndexCreator - Analyzing class class com.MusicManager.model.Album for index information.
2025-01-24 09:25:12 [restartedMain] DEBUG o.s.d.m.c.i.MongoPersistentEntityIndexCreator - Analyzing class class com.MusicManager.model.User for index information.
2025-01-24 09:25:12 [restartedMain] DEBUG c.M.security.JwtAuthenticationFilter - Filter 'jwtAuthenticationFilter' configured for use
2025-01-24 09:25:12 [restartedMain] INFO  o.s.b.d.a.OptionalLiveReloadServer - LiveReload server is running on port 35729
2025-01-24 09:25:12 [restartedMain] DEBUG o.s.data.mongodb.core.MongoTemplate - Executing count: {} in collection: roles
2025-01-24 09:25:13 [restartedMain] INFO  o.s.b.a.e.web.EndpointLinksResolver - Exposing 1 endpoint(s) beneath base path '/actuator'
2025-01-24 09:25:13 [restartedMain] INFO  o.s.s.web.DefaultSecurityFilterChain - Will secure any request with [org.springframework.security.web.session.DisableEncodeUrlFilter@44e46268, org.springframework.security.web.context.request.async.WebAsyncManagerIntegrationFilter@49f05af, org.springframework.security.web.context.SecurityContextPersistenceFilter@55a9dbed, org.springframework.security.web.header.HeaderWriterFilter@6d0e70d1, org.springframework.web.filter.CorsFilter@15baa21d, org.springframework.security.web.authentication.logout.LogoutFilter@3db94808, com.MusicManager.security.JwtAuthenticationFilter@6c3f6669, org.springframework.security.web.savedrequest.RequestCacheAwareFilter@6d29bdf9, org.springframework.security.web.servletapi.SecurityContextHolderAwareRequestFilter@73bfc075, org.springframework.security.web.authentication.AnonymousAuthenticationFilter@cf74b8f, org.springframework.security.web.session.SessionManagementFilter@7bb5c167, org.springframework.security.web.access.ExceptionTranslationFilter@435f6ce5, org.springframework.security.web.access.intercept.FilterSecurityInterceptor@7a2c7f0a]
2025-01-24 09:25:13 [restartedMain] INFO  o.a.coyote.http11.Http11NioProtocol - Starting ProtocolHandler ["http-nio-8080"]
2025-01-24 09:25:13 [restartedMain] INFO  o.s.b.w.e.tomcat.TomcatWebServer - Tomcat started on port(s): 8080 (http) with context path ''
2025-01-24 09:25:13 [restartedMain] INFO  c.M.MusicManagerApplication - Started MusicManagerApplication in 1.223 seconds (JVM running for 50.522)
2025-01-24 09:25:13 [restartedMain] INFO  o.s.b.d.a.ConditionEvaluationDeltaLoggingListener - Condition evaluation unchanged
2025-01-24 09:25:14 [http-nio-8080-exec-2] INFO  o.a.c.c.C.[Tomcat].[localhost].[/] - Initializing Spring DispatcherServlet 'dispatcherServlet'
2025-01-24 09:25:14 [http-nio-8080-exec-2] INFO  o.s.web.servlet.DispatcherServlet - Initializing Servlet 'dispatcherServlet'
2025-01-24 09:25:14 [http-nio-8080-exec-2] INFO  o.s.web.servlet.DispatcherServlet - Completed initialization in 1 ms
2025-01-24 09:25:37 [http-nio-8080-exec-3] ERROR o.a.c.c.C.[.[.[.[dispatcherServlet] - Servlet.service() for servlet [dispatcherServlet] in context with path [] threw exception
io.jsonwebtoken.ExpiredJwtException: JWT expired at 2025-01-23T15:01:46Z. Current time: 2025-01-24T08:25:37Z, a difference of 62631315 milliseconds.  Allowed clock skew: 0 milliseconds.
	at io.jsonwebtoken.impl.DefaultJwtParser.parse(DefaultJwtParser.java:427)
	at io.jsonwebtoken.impl.DefaultJwtParser.parse(DefaultJwtParser.java:529)
	at io.jsonwebtoken.impl.DefaultJwtParser.parseClaimsJws(DefaultJwtParser.java:589)
	at io.jsonwebtoken.impl.ImmutableJwtParser.parseClaimsJws(ImmutableJwtParser.java:173)
	at com.MusicManager.security.JwtService.extractAllClaims(JwtService.java:63)
	at com.MusicManager.security.JwtService.extractClaim(JwtService.java:26)
	at com.MusicManager.security.JwtService.extractUsername(JwtService.java:22)
	at com.MusicManager.security.JwtAuthenticationFilter.doFilterInternal(JwtAuthenticationFilter.java:41)
	at org.springframework.web.filter.OncePerRequestFilter.doFilter(OncePerRequestFilter.java:117)
	at org.springframework.security.web.FilterChainProxy$VirtualFilterChain.doFilter(FilterChainProxy.java:346)
	at org.springframework.security.web.authentication.logout.LogoutFilter.doFilter(LogoutFilter.java:103)
	at org.springframework.security.web.authentication.logout.LogoutFilter.doFilter(LogoutFilter.java:89)
	at org.springframework.security.web.FilterChainProxy$VirtualFilterChain.doFilter(FilterChainProxy.java:346)
	at org.springframework.web.filter.CorsFilter.doFilterInternal(CorsFilter.java:91)
	at org.springframework.web.filter.OncePerRequestFilter.doFilter(OncePerRequestFilter.java:117)
	at org.springframework.security.web.FilterChainProxy$VirtualFilterChain.doFilter(FilterChainProxy.java:346)
	at org.springframework.security.web.header.HeaderWriterFilter.doHeadersAfter(HeaderWriterFilter.java:90)
	at org.springframework.security.web.header.HeaderWriterFilter.doFilterInternal(HeaderWriterFilter.java:75)
	at org.springframework.web.filter.OncePerRequestFilter.doFilter(OncePerRequestFilter.java:117)
	at org.springframework.security.web.FilterChainProxy$VirtualFilterChain.doFilter(FilterChainProxy.java:346)
	at org.springframework.security.web.context.SecurityContextPersistenceFilter.doFilter(SecurityContextPersistenceFilter.java:112)
	at org.springframework.security.web.context.SecurityContextPersistenceFilter.doFilter(SecurityContextPersistenceFilter.java:82)
	at org.springframework.security.web.FilterChainProxy$VirtualFilterChain.doFilter(FilterChainProxy.java:346)
	at org.springframework.security.web.context.request.async.WebAsyncManagerIntegrationFilter.doFilterInternal(WebAsyncManagerIntegrationFilter.java:55)
	at org.springframework.web.filter.OncePerRequestFilter.doFilter(OncePerRequestFilter.java:117)
	at org.springframework.security.web.FilterChainProxy$VirtualFilterChain.doFilter(FilterChainProxy.java:346)
	at org.springframework.security.web.session.DisableEncodeUrlFilter.doFilterInternal(DisableEncodeUrlFilter.java:42)
	at org.springframework.web.filter.OncePerRequestFilter.doFilter(OncePerRequestFilter.java:117)
	at org.springframework.security.web.FilterChainProxy$VirtualFilterChain.doFilter(FilterChainProxy.java:346)
	at org.springframework.security.web.FilterChainProxy.doFilterInternal(FilterChainProxy.java:221)
	at org.springframework.security.web.FilterChainProxy.doFilter(FilterChainProxy.java:186)
	at org.springframework.web.filter.DelegatingFilterProxy.invokeDelegate(DelegatingFilterProxy.java:354)
	at org.springframework.web.filter.DelegatingFilterProxy.doFilter(DelegatingFilterProxy.java:267)
	at org.apache.catalina.core.ApplicationFilterChain.internalDoFilter(ApplicationFilterChain.java:178)
	at org.apache.catalina.core.ApplicationFilterChain.doFilter(ApplicationFilterChain.java:153)
	at org.springframework.web.filter.RequestContextFilter.doFilterInternal(RequestContextFilter.java:100)
	at org.springframework.web.filter.OncePerRequestFilter.doFilter(OncePerRequestFilter.java:117)
	at org.apache.catalina.core.ApplicationFilterChain.internalDoFilter(ApplicationFilterChain.java:178)
	at org.apache.catalina.core.ApplicationFilterChain.doFilter(ApplicationFilterChain.java:153)
	at org.springframework.web.filter.FormContentFilter.doFilterInternal(FormContentFilter.java:93)
	at org.springframework.web.filter.OncePerRequestFilter.doFilter(OncePerRequestFilter.java:117)
	at org.apache.catalina.core.ApplicationFilterChain.internalDoFilter(ApplicationFilterChain.java:178)
	at org.apache.catalina.core.ApplicationFilterChain.doFilter(ApplicationFilterChain.java:153)
	at org.springframework.boot.actuate.metrics.web.servlet.WebMvcMetricsFilter.doFilterInternal(WebMvcMetricsFilter.java:96)
	at org.springframework.web.filter.OncePerRequestFilter.doFilter(OncePerRequestFilter.java:117)
	at org.apache.catalina.core.ApplicationFilterChain.internalDoFilter(ApplicationFilterChain.java:178)
	at org.apache.catalina.core.ApplicationFilterChain.doFilter(ApplicationFilterChain.java:153)
	at org.springframework.web.filter.CharacterEncodingFilter.doFilterInternal(CharacterEncodingFilter.java:201)
	at org.springframework.web.filter.OncePerRequestFilter.doFilter(OncePerRequestFilter.java:117)
	at org.apache.catalina.core.ApplicationFilterChain.internalDoFilter(ApplicationFilterChain.java:178)
	at org.apache.catalina.core.ApplicationFilterChain.doFilter(ApplicationFilterChain.java:153)
	at org.apache.catalina.core.StandardWrapperValve.invoke(StandardWrapperValve.java:168)
	at org.apache.catalina.core.StandardContextValve.invoke(StandardContextValve.java:90)
	at org.apache.catalina.authenticator.AuthenticatorBase.invoke(AuthenticatorBase.java:481)
	at org.apache.catalina.core.StandardHostValve.invoke(StandardHostValve.java:130)
	at org.apache.catalina.valves.ErrorReportValve.invoke(ErrorReportValve.java:93)
	at org.apache.catalina.core.StandardEngineValve.invoke(StandardEngineValve.java:74)
	at org.apache.catalina.connector.CoyoteAdapter.service(CoyoteAdapter.java:342)
	at org.apache.coyote.http11.Http11Processor.service(Http11Processor.java:390)
	at org.apache.coyote.AbstractProcessorLight.process(AbstractProcessorLight.java:63)
	at org.apache.coyote.AbstractProtocol$ConnectionHandler.process(AbstractProtocol.java:928)
	at org.apache.tomcat.util.net.NioEndpoint$SocketProcessor.doRun(NioEndpoint.java:1794)
	at org.apache.tomcat.util.net.SocketProcessorBase.run(SocketProcessorBase.java:52)
	at org.apache.tomcat.util.threads.ThreadPoolExecutor.runWorker(ThreadPoolExecutor.java:1191)
	at org.apache.tomcat.util.threads.ThreadPoolExecutor$Worker.run(ThreadPoolExecutor.java:659)
	at org.apache.tomcat.util.threads.TaskThread$WrappingRunnable.run(TaskThread.java:61)
	at java.base/java.lang.Thread.run(Thread.java:840)
2025-01-24 09:26:23 [http-nio-8080-exec-5] WARN  o.s.w.s.m.m.a.ExceptionHandlerExceptionResolver - Resolved [org.springframework.web.HttpRequestMethodNotSupportedException: Request method 'GET' not supported]
2025-01-24 09:29:47 [http-nio-8080-exec-9] WARN  o.s.w.s.m.m.a.ExceptionHandlerExceptionResolver - Resolved [org.springframework.web.HttpRequestMethodNotSupportedException: Request method 'GET' not supported]
2025-01-24 09:33:06 [http-nio-8080-exec-3] DEBUG o.s.d.m.r.query.MongoQueryCreator - Created query Query: { "name" : "ADMIN"}, Fields: {}, Sort: {}
2025-01-24 09:33:06 [http-nio-8080-exec-3] DEBUG o.s.data.mongodb.core.MongoTemplate - find using query: { "name" : "ADMIN"} fields: Document{{}} for class: class com.MusicManager.model.Role in collection: roles
2025-01-24 09:33:06 [http-nio-8080-exec-3] DEBUG o.s.data.mongodb.core.MongoTemplate - Inserting Document containing fields: [login, password, active, roles, _class] in collection: users
2025-01-24 09:41:44 [background-preinit] INFO  o.h.validator.internal.util.Version - HV000001: Hibernate Validator 6.2.5.Final
2025-01-24 09:41:44 [restartedMain] INFO  c.M.MusicManagerApplication - Starting MusicManagerApplication using Java 17.0.12 on LAPTOP-ICGVSVEA with PID 21612 (C:\Users\ycode\Streamify\back-end\target\classes started by ycode in C:\Users\ycode\Streamify\back-end)
2025-01-24 09:41:44 [restartedMain] DEBUG c.M.MusicManagerApplication - Running with Spring Boot v2.7.18, Spring v5.3.31
2025-01-24 09:41:44 [restartedMain] INFO  c.M.MusicManagerApplication - The following 1 profile is active: "prod"
2025-01-24 09:41:44 [restartedMain] INFO  o.s.b.d.e.DevToolsPropertyDefaultsPostProcessor - Devtools property defaults active! Set 'spring.devtools.add-properties' to 'false' to disable
2025-01-24 09:41:44 [restartedMain] INFO  o.s.b.d.e.DevToolsPropertyDefaultsPostProcessor - For additional web related logging consider setting the 'logging.level.web' property to 'DEBUG'
2025-01-24 09:41:45 [restartedMain] INFO  o.s.d.r.c.RepositoryConfigurationDelegate - Bootstrapping Spring Data MongoDB repositories in DEFAULT mode.
2025-01-24 09:41:45 [restartedMain] INFO  o.s.d.r.c.RepositoryConfigurationDelegate - Finished Spring Data repository scanning in 68 ms. Found 4 MongoDB repository interfaces.
2025-01-24 09:41:46 [restartedMain] INFO  o.s.b.w.e.tomcat.TomcatWebServer - Tomcat initialized with port(s): 8080 (http)
2025-01-24 09:41:46 [restartedMain] INFO  o.a.coyote.http11.Http11NioProtocol - Initializing ProtocolHandler ["http-nio-8080"]
2025-01-24 09:41:46 [restartedMain] INFO  o.a.catalina.core.StandardService - Starting service [Tomcat]
2025-01-24 09:41:46 [restartedMain] INFO  o.a.catalina.core.StandardEngine - Starting Servlet engine: [Apache Tomcat/9.0.83]
2025-01-24 09:41:46 [restartedMain] INFO  o.a.c.c.C.[Tomcat].[localhost].[/] - Initializing Spring embedded WebApplicationContext
2025-01-24 09:41:46 [restartedMain] INFO  o.s.b.w.s.c.ServletWebServerApplicationContext - Root WebApplicationContext: initialization completed in 1517 ms
2025-01-24 09:41:46 [restartedMain] INFO  org.mongodb.driver.client - MongoClient with metadata {"driver": {"name": "mongo-java-driver|sync|spring-boot", "version": "4.6.1"}, "os": {"type": "Windows", "name": "Windows 11", "architecture": "amd64", "version": "10.0"}, "platform": "Java/Eclipse Adoptium/17.0.12+7"} created with settings MongoClientSettings{readPreference=primary, writeConcern=WriteConcern{w=null, wTimeout=null ms, journal=null}, retryWrites=true, retryReads=true, readConcern=ReadConcern{level=null}, credential=null, streamFactoryFactory=null, commandListeners=[io.micrometer.core.instrument.binder.mongodb.MongoMetricsCommandListener@340d82fa], codecRegistry=ProvidersCodecRegistry{codecProviders=[ValueCodecProvider{}, BsonValueCodecProvider{}, DBRefCodecProvider{}, DBObjectCodecProvider{}, DocumentCodecProvider{}, IterableCodecProvider{}, MapCodecProvider{}, GeoJsonCodecProvider{}, GridFSFileCodecProvider{}, Jsr310CodecProvider{}, JsonObjectCodecProvider{}, BsonCodecProvider{}, EnumCodecProvider{}, com.mongodb.Jep395RecordCodecProvider@68193ef4]}, clusterSettings={hosts=[localhost:27017], srvServiceName=mongodb, mode=SINGLE, requiredClusterType=UNKNOWN, requiredReplicaSetName='null', serverSelector='null', clusterListeners='[]', serverSelectionTimeout='30000 ms', localThreshold='30000 ms'}, socketSettings=SocketSettings{connectTimeoutMS=10000, readTimeoutMS=0, receiveBufferSize=0, sendBufferSize=0}, heartbeatSocketSettings=SocketSettings{connectTimeoutMS=10000, readTimeoutMS=10000, receiveBufferSize=0, sendBufferSize=0}, connectionPoolSettings=ConnectionPoolSettings{maxSize=100, minSize=0, maxWaitTimeMS=120000, maxConnectionLifeTimeMS=0, maxConnectionIdleTimeMS=0, maintenanceInitialDelayMS=0, maintenanceFrequencyMS=60000, connectionPoolListeners=[io.micrometer.core.instrument.binder.mongodb.MongoMetricsConnectionPoolListener@4932ebe3], maxConnecting=2}, serverSettings=ServerSettings{heartbeatFrequencyMS=10000, minHeartbeatFrequencyMS=500, serverListeners='[]', serverMonitorListeners='[]'}, sslSettings=SslSettings{enabled=false, invalidHostNameAllowed=false, context=null}, applicationName='null', compressorList=[], uuidRepresentation=JAVA_LEGACY, serverApi=null, autoEncryptionSettings=null, contextProvider=null}
2025-01-24 09:41:46 [cluster-ClusterId{value='6793524a145c653a14de8b97', description='null'}-localhost:27017] INFO  org.mongodb.driver.connection - Opened connection [connectionId{localValue:2, serverValue:66}] to localhost:27017
2025-01-24 09:41:46 [cluster-ClusterId{value='6793524a145c653a14de8b97', description='null'}-localhost:27017] INFO  org.mongodb.driver.cluster - Monitor thread successfully connected to server with description ServerDescription{address=localhost:27017, type=STANDALONE, state=CONNECTED, ok=true, minWireVersion=0, maxWireVersion=21, maxDocumentSize=16777216, logicalSessionTimeoutMinutes=30, roundTripTimeNanos=18310600}
2025-01-24 09:41:46 [cluster-rtt-ClusterId{value='6793524a145c653a14de8b97', description='null'}-localhost:27017] INFO  org.mongodb.driver.connection - Opened connection [connectionId{localValue:1, serverValue:67}] to localhost:27017
2025-01-24 09:41:46 [restartedMain] DEBUG o.s.d.m.c.i.MongoPersistentEntityIndexCreator - Analyzing class class com.MusicManager.model.Album for index information.
2025-01-24 09:41:46 [restartedMain] DEBUG o.s.d.m.c.i.MongoPersistentEntityIndexCreator - Analyzing class class com.MusicManager.model.Chanson for index information.
2025-01-24 09:41:46 [restartedMain] DEBUG o.s.d.m.c.i.MongoPersistentEntityIndexCreator - Analyzing class class com.MusicManager.model.User for index information.
2025-01-24 09:41:46 [restartedMain] DEBUG o.s.d.m.c.i.MongoPersistentEntityIndexCreator - Analyzing class class com.MusicManager.model.Role for index information.
2025-01-24 09:41:46 [restartedMain] INFO  org.mongodb.driver.connection - Opened connection [connectionId{localValue:3, serverValue:68}] to localhost:27017
2025-01-24 09:41:46 [restartedMain] DEBUG c.M.security.JwtAuthenticationFilter - Filter 'jwtAuthenticationFilter' configured for use
2025-01-24 09:41:47 [restartedMain] INFO  o.s.b.d.a.OptionalLiveReloadServer - LiveReload server is running on port 35729
2025-01-24 09:41:47 [restartedMain] DEBUG o.s.data.mongodb.core.MongoTemplate - Executing count: {} in collection: roles
2025-01-24 09:41:47 [restartedMain] INFO  o.s.b.a.e.web.EndpointLinksResolver - Exposing 1 endpoint(s) beneath base path '/actuator'
2025-01-24 09:41:47 [restartedMain] INFO  o.s.s.web.DefaultSecurityFilterChain - Will secure any request with [org.springframework.security.web.session.DisableEncodeUrlFilter@37ccbf57, org.springframework.security.web.context.request.async.WebAsyncManagerIntegrationFilter@5236880c, org.springframework.security.web.context.SecurityContextPersistenceFilter@1867cf5e, org.springframework.security.web.header.HeaderWriterFilter@42598e8c, org.springframework.web.filter.CorsFilter@23848303, org.springframework.security.web.authentication.logout.LogoutFilter@7667bce9, com.MusicManager.security.JwtAuthenticationFilter@59e9c5c5, org.springframework.security.web.savedrequest.RequestCacheAwareFilter@6183cd8, org.springframework.security.web.servletapi.SecurityContextHolderAwareRequestFilter@4526a1f2, org.springframework.security.web.authentication.AnonymousAuthenticationFilter@ed1ba26, org.springframework.security.web.session.SessionManagementFilter@588f40be, org.springframework.security.web.access.ExceptionTranslationFilter@3d06f1bb, org.springframework.security.web.access.intercept.FilterSecurityInterceptor@242a19e8]
2025-01-24 09:41:47 [restartedMain] INFO  o.a.coyote.http11.Http11NioProtocol - Starting ProtocolHandler ["http-nio-8080"]
2025-01-24 09:41:47 [restartedMain] INFO  o.s.b.w.e.tomcat.TomcatWebServer - Tomcat started on port(s): 8080 (http) with context path ''
2025-01-24 09:41:47 [restartedMain] INFO  c.M.MusicManagerApplication - Started MusicManagerApplication in 3.483 seconds (JVM running for 4.301)
2025-01-24 09:41:47 [RMI TCP Connection(2)-192.168.8.243] INFO  o.a.c.c.C.[Tomcat].[localhost].[/] - Initializing Spring DispatcherServlet 'dispatcherServlet'
2025-01-24 09:41:47 [RMI TCP Connection(2)-192.168.8.243] INFO  o.s.web.servlet.DispatcherServlet - Initializing Servlet 'dispatcherServlet'
2025-01-24 09:41:47 [RMI TCP Connection(2)-192.168.8.243] INFO  o.s.web.servlet.DispatcherServlet - Completed initialization in 2 ms
2025-01-24 09:45:55 [background-preinit] INFO  o.h.validator.internal.util.Version - HV000001: Hibernate Validator 6.2.5.Final
2025-01-24 09:45:55 [restartedMain] INFO  c.M.MusicManagerApplication - Starting MusicManagerApplication using Java 17.0.12 on LAPTOP-ICGVSVEA with PID 23820 (C:\Users\ycode\Streamify\back-end\target\classes started by ycode in C:\Users\ycode\Streamify\back-end)
2025-01-24 09:45:55 [restartedMain] DEBUG c.M.MusicManagerApplication - Running with Spring Boot v2.7.18, Spring v5.3.31
2025-01-24 09:45:55 [restartedMain] INFO  c.M.MusicManagerApplication - The following 1 profile is active: "prod"
2025-01-24 09:45:55 [restartedMain] INFO  o.s.b.d.e.DevToolsPropertyDefaultsPostProcessor - Devtools property defaults active! Set 'spring.devtools.add-properties' to 'false' to disable
2025-01-24 09:45:55 [restartedMain] INFO  o.s.b.d.e.DevToolsPropertyDefaultsPostProcessor - For additional web related logging consider setting the 'logging.level.web' property to 'DEBUG'
2025-01-24 09:45:57 [restartedMain] INFO  o.s.d.r.c.RepositoryConfigurationDelegate - Bootstrapping Spring Data MongoDB repositories in DEFAULT mode.
2025-01-24 09:45:57 [restartedMain] INFO  o.s.d.r.c.RepositoryConfigurationDelegate - Finished Spring Data repository scanning in 65 ms. Found 4 MongoDB repository interfaces.
2025-01-24 09:45:57 [restartedMain] INFO  o.s.b.w.e.tomcat.TomcatWebServer - Tomcat initialized with port(s): 8080 (http)
2025-01-24 09:45:57 [restartedMain] INFO  o.a.coyote.http11.Http11NioProtocol - Initializing ProtocolHandler ["http-nio-8080"]
2025-01-24 09:45:57 [restartedMain] INFO  o.a.catalina.core.StandardService - Starting service [Tomcat]
2025-01-24 09:45:57 [restartedMain] INFO  o.a.catalina.core.StandardEngine - Starting Servlet engine: [Apache Tomcat/9.0.83]
2025-01-24 09:45:57 [restartedMain] INFO  o.a.c.c.C.[Tomcat].[localhost].[/] - Initializing Spring embedded WebApplicationContext
2025-01-24 09:45:57 [restartedMain] INFO  o.s.b.w.s.c.ServletWebServerApplicationContext - Root WebApplicationContext: initialization completed in 1753 ms
2025-01-24 09:45:57 [restartedMain] INFO  org.mongodb.driver.client - MongoClient with metadata {"driver": {"name": "mongo-java-driver|sync|spring-boot", "version": "4.6.1"}, "os": {"type": "Windows", "name": "Windows 11", "architecture": "amd64", "version": "10.0"}, "platform": "Java/Eclipse Adoptium/17.0.12+7"} created with settings MongoClientSettings{readPreference=primary, writeConcern=WriteConcern{w=null, wTimeout=null ms, journal=null}, retryWrites=true, retryReads=true, readConcern=ReadConcern{level=null}, credential=null, streamFactoryFactory=null, commandListeners=[io.micrometer.core.instrument.binder.mongodb.MongoMetricsCommandListener@75537143], codecRegistry=ProvidersCodecRegistry{codecProviders=[ValueCodecProvider{}, BsonValueCodecProvider{}, DBRefCodecProvider{}, DBObjectCodecProvider{}, DocumentCodecProvider{}, IterableCodecProvider{}, MapCodecProvider{}, GeoJsonCodecProvider{}, GridFSFileCodecProvider{}, Jsr310CodecProvider{}, JsonObjectCodecProvider{}, BsonCodecProvider{}, EnumCodecProvider{}, com.mongodb.Jep395RecordCodecProvider@69c850f0]}, clusterSettings={hosts=[localhost:27017], srvServiceName=mongodb, mode=SINGLE, requiredClusterType=UNKNOWN, requiredReplicaSetName='null', serverSelector='null', clusterListeners='[]', serverSelectionTimeout='30000 ms', localThreshold='30000 ms'}, socketSettings=SocketSettings{connectTimeoutMS=10000, readTimeoutMS=0, receiveBufferSize=0, sendBufferSize=0}, heartbeatSocketSettings=SocketSettings{connectTimeoutMS=10000, readTimeoutMS=10000, receiveBufferSize=0, sendBufferSize=0}, connectionPoolSettings=ConnectionPoolSettings{maxSize=100, minSize=0, maxWaitTimeMS=120000, maxConnectionLifeTimeMS=0, maxConnectionIdleTimeMS=0, maintenanceInitialDelayMS=0, maintenanceFrequencyMS=60000, connectionPoolListeners=[io.micrometer.core.instrument.binder.mongodb.MongoMetricsConnectionPoolListener@44515742], maxConnecting=2}, serverSettings=ServerSettings{heartbeatFrequencyMS=10000, minHeartbeatFrequencyMS=500, serverListeners='[]', serverMonitorListeners='[]'}, sslSettings=SslSettings{enabled=false, invalidHostNameAllowed=false, context=null}, applicationName='null', compressorList=[], uuidRepresentation=JAVA_LEGACY, serverApi=null, autoEncryptionSettings=null, contextProvider=null}
2025-01-24 09:45:57 [cluster-rtt-ClusterId{value='6793534518c30e2b01092331', description='null'}-localhost:27017] INFO  org.mongodb.driver.connection - Opened connection [connectionId{localValue:2, serverValue:70}] to localhost:27017
2025-01-24 09:45:57 [cluster-ClusterId{value='6793534518c30e2b01092331', description='null'}-localhost:27017] INFO  org.mongodb.driver.connection - Opened connection [connectionId{localValue:1, serverValue:69}] to localhost:27017
2025-01-24 09:45:57 [cluster-ClusterId{value='6793534518c30e2b01092331', description='null'}-localhost:27017] INFO  org.mongodb.driver.cluster - Monitor thread successfully connected to server with description ServerDescription{address=localhost:27017, type=STANDALONE, state=CONNECTED, ok=true, minWireVersion=0, maxWireVersion=21, maxDocumentSize=16777216, logicalSessionTimeoutMinutes=30, roundTripTimeNanos=17368999}
2025-01-24 09:45:58 [restartedMain] DEBUG o.s.d.m.c.i.MongoPersistentEntityIndexCreator - Analyzing class class com.MusicManager.model.Chanson for index information.
2025-01-24 09:45:58 [restartedMain] DEBUG o.s.d.m.c.i.MongoPersistentEntityIndexCreator - Analyzing class class com.MusicManager.model.Album for index information.
2025-01-24 09:45:58 [restartedMain] DEBUG o.s.d.m.c.i.MongoPersistentEntityIndexCreator - Analyzing class class com.MusicManager.model.User for index information.
2025-01-24 09:45:58 [restartedMain] DEBUG o.s.d.m.c.i.MongoPersistentEntityIndexCreator - Analyzing class class com.MusicManager.model.Role for index information.
2025-01-24 09:45:58 [restartedMain] INFO  org.mongodb.driver.connection - Opened connection [connectionId{localValue:3, serverValue:71}] to localhost:27017
2025-01-24 09:45:58 [restartedMain] DEBUG c.M.security.JwtAuthenticationFilter - Filter 'jwtAuthenticationFilter' configured for use
2025-01-24 09:45:58 [restartedMain] INFO  o.s.b.d.a.OptionalLiveReloadServer - LiveReload server is running on port 35729
2025-01-24 09:45:58 [restartedMain] DEBUG o.s.data.mongodb.core.MongoTemplate - Executing count: {} in collection: roles
2025-01-24 09:45:58 [restartedMain] INFO  o.s.b.a.e.web.EndpointLinksResolver - Exposing 1 endpoint(s) beneath base path '/actuator'
2025-01-24 09:45:58 [restartedMain] INFO  o.s.s.web.DefaultSecurityFilterChain - Will secure any request with [org.springframework.security.web.session.DisableEncodeUrlFilter@37b52a9f, org.springframework.security.web.context.request.async.WebAsyncManagerIntegrationFilter@62d0f4fe, org.springframework.security.web.context.SecurityContextPersistenceFilter@1c9578e3, org.springframework.security.web.header.HeaderWriterFilter@4cc9764f, org.springframework.web.filter.CorsFilter@36212236, org.springframework.security.web.authentication.logout.LogoutFilter@4f368153, com.MusicManager.security.JwtAuthenticationFilter@61e4bc7e, org.springframework.security.web.savedrequest.RequestCacheAwareFilter@60e775d8, org.springframework.security.web.servletapi.SecurityContextHolderAwareRequestFilter@28c4e86, org.springframework.security.web.authentication.AnonymousAuthenticationFilter@6bdcd9f7, org.springframework.security.web.session.SessionManagementFilter@23c7003d, org.springframework.security.web.access.ExceptionTranslationFilter@3179c426, org.springframework.security.web.access.intercept.FilterSecurityInterceptor@36f5b801]
2025-01-24 09:45:59 [restartedMain] INFO  o.a.coyote.http11.Http11NioProtocol - Starting ProtocolHandler ["http-nio-8080"]
2025-01-24 09:45:59 [restartedMain] INFO  o.s.b.w.e.tomcat.TomcatWebServer - Tomcat started on port(s): 8080 (http) with context path ''
2025-01-24 09:45:59 [restartedMain] INFO  c.M.MusicManagerApplication - Started MusicManagerApplication in 3.682 seconds (JVM running for 4.308)
2025-01-24 09:45:59 [RMI TCP Connection(3)-192.168.8.243] INFO  o.a.c.c.C.[Tomcat].[localhost].[/] - Initializing Spring DispatcherServlet 'dispatcherServlet'
2025-01-24 09:45:59 [RMI TCP Connection(3)-192.168.8.243] INFO  o.s.web.servlet.DispatcherServlet - Initializing Servlet 'dispatcherServlet'
2025-01-24 09:45:59 [RMI TCP Connection(3)-192.168.8.243] INFO  o.s.web.servlet.DispatcherServlet - Completed initialization in 1 ms
2025-01-24 10:09:56 [background-preinit] INFO  o.h.validator.internal.util.Version - HV000001: Hibernate Validator 6.2.5.Final
2025-01-24 10:09:56 [restartedMain] INFO  c.M.MusicManagerApplication - Starting MusicManagerApplication using Java 17.0.12 on LAPTOP-ICGVSVEA with PID 5960 (C:\Users\ycode\Streamify\back-end\target\classes started by ycode in C:\Users\ycode\Streamify\back-end)
2025-01-24 10:09:56 [restartedMain] DEBUG c.M.MusicManagerApplication - Running with Spring Boot v2.7.18, Spring v5.3.31
2025-01-24 10:09:56 [restartedMain] INFO  c.M.MusicManagerApplication - The following 1 profile is active: "prod"
2025-01-24 10:09:56 [restartedMain] INFO  o.s.b.d.e.DevToolsPropertyDefaultsPostProcessor - Devtools property defaults active! Set 'spring.devtools.add-properties' to 'false' to disable
2025-01-24 10:09:56 [restartedMain] INFO  o.s.b.d.e.DevToolsPropertyDefaultsPostProcessor - For additional web related logging consider setting the 'logging.level.web' property to 'DEBUG'
2025-01-24 10:09:58 [restartedMain] INFO  o.s.d.r.c.RepositoryConfigurationDelegate - Bootstrapping Spring Data MongoDB repositories in DEFAULT mode.
2025-01-24 10:09:58 [restartedMain] INFO  o.s.d.r.c.RepositoryConfigurationDelegate - Finished Spring Data repository scanning in 102 ms. Found 4 MongoDB repository interfaces.
2025-01-24 10:09:59 [restartedMain] INFO  o.s.b.w.e.tomcat.TomcatWebServer - Tomcat initialized with port(s): 8080 (http)
2025-01-24 10:09:59 [restartedMain] INFO  o.a.coyote.http11.Http11NioProtocol - Initializing ProtocolHandler ["http-nio-8080"]
2025-01-24 10:09:59 [restartedMain] INFO  o.a.catalina.core.StandardService - Starting service [Tomcat]
2025-01-24 10:09:59 [restartedMain] INFO  o.a.catalina.core.StandardEngine - Starting Servlet engine: [Apache Tomcat/9.0.83]
2025-01-24 10:09:59 [restartedMain] INFO  o.a.c.c.C.[Tomcat].[localhost].[/] - Initializing Spring embedded WebApplicationContext
2025-01-24 10:09:59 [restartedMain] INFO  o.s.b.w.s.c.ServletWebServerApplicationContext - Root WebApplicationContext: initialization completed in 3019 ms
2025-01-24 10:10:00 [restartedMain] INFO  org.mongodb.driver.client - MongoClient with metadata {"driver": {"name": "mongo-java-driver|sync|spring-boot", "version": "4.6.1"}, "os": {"type": "Windows", "name": "Windows 11", "architecture": "amd64", "version": "10.0"}, "platform": "Java/Eclipse Adoptium/17.0.12+7"} created with settings MongoClientSettings{readPreference=primary, writeConcern=WriteConcern{w=null, wTimeout=null ms, journal=null}, retryWrites=true, retryReads=true, readConcern=ReadConcern{level=null}, credential=null, streamFactoryFactory=null, commandListeners=[io.micrometer.core.instrument.binder.mongodb.MongoMetricsCommandListener@25fa4e0c], codecRegistry=ProvidersCodecRegistry{codecProviders=[ValueCodecProvider{}, BsonValueCodecProvider{}, DBRefCodecProvider{}, DBObjectCodecProvider{}, DocumentCodecProvider{}, IterableCodecProvider{}, MapCodecProvider{}, GeoJsonCodecProvider{}, GridFSFileCodecProvider{}, Jsr310CodecProvider{}, JsonObjectCodecProvider{}, BsonCodecProvider{}, EnumCodecProvider{}, com.mongodb.Jep395RecordCodecProvider@1d8ced03]}, clusterSettings={hosts=[localhost:27017], srvServiceName=mongodb, mode=SINGLE, requiredClusterType=UNKNOWN, requiredReplicaSetName='null', serverSelector='null', clusterListeners='[]', serverSelectionTimeout='30000 ms', localThreshold='30000 ms'}, socketSettings=SocketSettings{connectTimeoutMS=10000, readTimeoutMS=0, receiveBufferSize=0, sendBufferSize=0}, heartbeatSocketSettings=SocketSettings{connectTimeoutMS=10000, readTimeoutMS=10000, receiveBufferSize=0, sendBufferSize=0}, connectionPoolSettings=ConnectionPoolSettings{maxSize=100, minSize=0, maxWaitTimeMS=120000, maxConnectionLifeTimeMS=0, maxConnectionIdleTimeMS=0, maintenanceInitialDelayMS=0, maintenanceFrequencyMS=60000, connectionPoolListeners=[io.micrometer.core.instrument.binder.mongodb.MongoMetricsConnectionPoolListener@3e03522], maxConnecting=2}, serverSettings=ServerSettings{heartbeatFrequencyMS=10000, minHeartbeatFrequencyMS=500, serverListeners='[]', serverMonitorListeners='[]'}, sslSettings=SslSettings{enabled=false, invalidHostNameAllowed=false, context=null}, applicationName='null', compressorList=[], uuidRepresentation=JAVA_LEGACY, serverApi=null, autoEncryptionSettings=null, contextProvider=null}
2025-01-24 10:10:00 [cluster-ClusterId{value='679358e8ef5ebe676c69448f', description='null'}-localhost:27017] INFO  org.mongodb.driver.connection - Opened connection [connectionId{localValue:1, serverValue:2}] to localhost:27017
2025-01-24 10:10:00 [cluster-ClusterId{value='679358e8ef5ebe676c69448f', description='null'}-localhost:27017] INFO  org.mongodb.driver.cluster - Monitor thread successfully connected to server with description ServerDescription{address=localhost:27017, type=STANDALONE, state=CONNECTED, ok=true, minWireVersion=0, maxWireVersion=21, maxDocumentSize=16777216, logicalSessionTimeoutMinutes=30, roundTripTimeNanos=28549400}
2025-01-24 10:10:00 [cluster-rtt-ClusterId{value='679358e8ef5ebe676c69448f', description='null'}-localhost:27017] INFO  org.mongodb.driver.connection - Opened connection [connectionId{localValue:2, serverValue:1}] to localhost:27017
2025-01-24 10:10:00 [restartedMain] DEBUG o.s.d.m.c.i.MongoPersistentEntityIndexCreator - Analyzing class class com.MusicManager.model.Album for index information.
2025-01-24 10:10:00 [restartedMain] DEBUG o.s.d.m.c.i.MongoPersistentEntityIndexCreator - Analyzing class class com.MusicManager.model.User for index information.
2025-01-24 10:10:00 [restartedMain] DEBUG o.s.d.m.c.i.MongoPersistentEntityIndexCreator - Analyzing class class com.MusicManager.model.Chanson for index information.
2025-01-24 10:10:00 [restartedMain] DEBUG o.s.d.m.c.i.MongoPersistentEntityIndexCreator - Analyzing class class com.MusicManager.model.Role for index information.
2025-01-24 10:10:00 [restartedMain] INFO  org.mongodb.driver.connection - Opened connection [connectionId{localValue:3, serverValue:3}] to localhost:27017
2025-01-24 10:10:01 [restartedMain] DEBUG c.M.security.JwtAuthenticationFilter - Filter 'jwtAuthenticationFilter' configured for use
2025-01-24 10:10:01 [restartedMain] INFO  o.s.b.d.a.OptionalLiveReloadServer - LiveReload server is running on port 35729
2025-01-24 10:10:01 [restartedMain] DEBUG o.s.data.mongodb.core.MongoTemplate - Executing count: {} in collection: roles
2025-01-24 10:10:02 [restartedMain] INFO  o.s.b.a.e.web.EndpointLinksResolver - Exposing 1 endpoint(s) beneath base path '/actuator'
2025-01-24 10:10:02 [restartedMain] INFO  o.s.s.web.DefaultSecurityFilterChain - Will secure any request with [org.springframework.security.web.session.DisableEncodeUrlFilter@665ccb99, org.springframework.security.web.context.request.async.WebAsyncManagerIntegrationFilter@51b8c9ed, org.springframework.security.web.context.SecurityContextPersistenceFilter@6816b48, org.springframework.security.web.header.HeaderWriterFilter@3ef42532, org.springframework.web.filter.CorsFilter@32ef791d, org.springframework.security.web.authentication.logout.LogoutFilter@2d44faab, com.MusicManager.security.JwtAuthenticationFilter@2f60e82e, org.springframework.security.web.savedrequest.RequestCacheAwareFilter@440b93b3, org.springframework.security.web.servletapi.SecurityContextHolderAwareRequestFilter@4cc9764f, org.springframework.security.web.authentication.AnonymousAuthenticationFilter@27a638f8, org.springframework.security.web.session.SessionManagementFilter@5b4d804e, org.springframework.security.web.access.ExceptionTranslationFilter@34709291, org.springframework.security.web.access.intercept.FilterSecurityInterceptor@3f9d675b]
2025-01-24 10:10:02 [restartedMain] INFO  o.a.coyote.http11.Http11NioProtocol - Starting ProtocolHandler ["http-nio-8080"]
2025-01-24 10:10:02 [restartedMain] INFO  o.s.b.w.e.tomcat.TomcatWebServer - Tomcat started on port(s): 8080 (http) with context path ''
2025-01-24 10:10:02 [restartedMain] INFO  c.M.MusicManagerApplication - Started MusicManagerApplication in 6.731 seconds (JVM running for 7.812)
2025-01-24 10:10:03 [RMI TCP Connection(4)-192.168.8.243] INFO  o.a.c.c.C.[Tomcat].[localhost].[/] - Initializing Spring DispatcherServlet 'dispatcherServlet'
2025-01-24 10:10:03 [RMI TCP Connection(4)-192.168.8.243] INFO  o.s.web.servlet.DispatcherServlet - Initializing Servlet 'dispatcherServlet'
2025-01-24 10:10:03 [RMI TCP Connection(4)-192.168.8.243] INFO  o.s.web.servlet.DispatcherServlet - Completed initialization in 2 ms
2025-01-24 10:11:01 [File Watcher] INFO  o.s.b.d.a.LocalDevToolsAutoConfiguration$RestartingClassPathChangeChangedEventListener - Restarting due to 60 class path changes (0 additions, 60 deletions, 0 modifications)
2025-01-24 10:11:01 [Thread-4] INFO  o.a.coyote.http11.Http11NioProtocol - Pausing ProtocolHandler ["http-nio-8080"]
2025-01-24 10:11:01 [Thread-4] INFO  o.a.catalina.core.StandardService - Stopping service [Tomcat]
2025-01-24 10:11:01 [Thread-4] INFO  o.a.c.c.C.[Tomcat].[localhost].[/] - Destroying Spring FrameworkServlet 'dispatcherServlet'
2025-01-24 10:11:01 [Thread-4] WARN  o.a.c.loader.WebappClassLoaderBase - The web application [ROOT] appears to have started a thread named [BufferPoolPruner-1-thread-1] but has failed to stop it. This is very likely to create a memory leak. Stack trace of thread:
 java.base@17.0.12/jdk.internal.misc.Unsafe.park(Native Method)
 java.base@17.0.12/java.util.concurrent.locks.LockSupport.parkNanos(LockSupport.java:252)
 java.base@17.0.12/java.util.concurrent.locks.AbstractQueuedSynchronizer$ConditionObject.awaitNanos(AbstractQueuedSynchronizer.java:1674)
 java.base@17.0.12/java.util.concurrent.ScheduledThreadPoolExecutor$DelayedWorkQueue.take(ScheduledThreadPoolExecutor.java:1182)
 java.base@17.0.12/java.util.concurrent.ScheduledThreadPoolExecutor$DelayedWorkQueue.take(ScheduledThreadPoolExecutor.java:899)
 java.base@17.0.12/java.util.concurrent.ThreadPoolExecutor.getTask(ThreadPoolExecutor.java:1062)
 java.base@17.0.12/java.util.concurrent.ThreadPoolExecutor.runWorker(ThreadPoolExecutor.java:1122)
 java.base@17.0.12/java.util.concurrent.ThreadPoolExecutor$Worker.run(ThreadPoolExecutor.java:635)
 java.base@17.0.12/java.lang.Thread.run(Thread.java:840)
2025-01-24 10:11:01 [Thread-4] WARN  o.a.c.loader.WebappClassLoaderBase - The web application [ROOT] appears to have started a thread named [cluster-ClusterId{value='679358e8ef5ebe676c69448f', description='null'}-localhost:27017] but has failed to stop it. This is very likely to create a memory leak. Stack trace of thread:
 java.base@17.0.12/sun.nio.ch.Net.poll(Native Method)
 java.base@17.0.12/sun.nio.ch.NioSocketImpl.park(NioSocketImpl.java:186)
 java.base@17.0.12/sun.nio.ch.NioSocketImpl.timedRead(NioSocketImpl.java:290)
 java.base@17.0.12/sun.nio.ch.NioSocketImpl.implRead(NioSocketImpl.java:314)
 java.base@17.0.12/sun.nio.ch.NioSocketImpl.read(NioSocketImpl.java:355)
 java.base@17.0.12/sun.nio.ch.NioSocketImpl$1.read(NioSocketImpl.java:808)
 java.base@17.0.12/java.net.Socket$SocketInputStream.read(Socket.java:966)
 app//com.mongodb.internal.connection.SocketStream.read(SocketStream.java:110)
 app//com.mongodb.internal.connection.SocketStream.read(SocketStream.java:135)
 app//com.mongodb.internal.connection.InternalStreamConnection.receiveResponseBuffers(InternalStreamConnection.java:713)
 app//com.mongodb.internal.connection.InternalStreamConnection.receiveMessageWithAdditionalTimeout(InternalStreamConnection.java:571)
 app//com.mongodb.internal.connection.InternalStreamConnection.receiveCommandMessageResponse(InternalStreamConnection.java:410)
 app//com.mongodb.internal.connection.InternalStreamConnection.receive(InternalStreamConnection.java:369)
 app//com.mongodb.internal.connection.DefaultServerMonitor$ServerMonitorRunnable.lookupServerDescription(DefaultServerMonitor.java:221)
 app//com.mongodb.internal.connection.DefaultServerMonitor$ServerMonitorRunnable.run(DefaultServerMonitor.java:157)
 java.base@17.0.12/java.lang.Thread.run(Thread.java:840)
2025-01-24 10:11:01 [Thread-4] WARN  o.a.c.loader.WebappClassLoaderBase - The web application [ROOT] appears to have started a thread named [cluster-rtt-ClusterId{value='679358e8ef5ebe676c69448f', description='null'}-localhost:27017] but has failed to stop it. This is very likely to create a memory leak. Stack trace of thread:
 java.base@17.0.12/java.lang.Thread.sleep(Native Method)
 app//com.mongodb.internal.connection.DefaultServerMonitor.waitForNext(DefaultServerMonitor.java:443)
 app//com.mongodb.internal.connection.DefaultServerMonitor.access$1500(DefaultServerMonitor.java:64)
 app//com.mongodb.internal.connection.DefaultServerMonitor$RoundTripTimeRunnable.run(DefaultServerMonitor.java:415)
 java.base@17.0.12/java.lang.Thread.run(Thread.java:840)
2025-01-24 10:11:01 [Thread-4] WARN  o.a.c.loader.WebappClassLoaderBase - The web application [ROOT] appears to have started a thread named [MaintenanceTimer-2-thread-1] but has failed to stop it. This is very likely to create a memory leak. Stack trace of thread:
 java.base@17.0.12/jdk.internal.misc.Unsafe.park(Native Method)
 java.base@17.0.12/java.util.concurrent.locks.LockSupport.parkNanos(LockSupport.java:252)
 java.base@17.0.12/java.util.concurrent.locks.AbstractQueuedSynchronizer$ConditionObject.awaitNanos(AbstractQueuedSynchronizer.java:1674)
 java.base@17.0.12/java.util.concurrent.ScheduledThreadPoolExecutor$DelayedWorkQueue.take(ScheduledThreadPoolExecutor.java:1182)
 java.base@17.0.12/java.util.concurrent.ScheduledThreadPoolExecutor$DelayedWorkQueue.take(ScheduledThreadPoolExecutor.java:899)
 java.base@17.0.12/java.util.concurrent.ThreadPoolExecutor.getTask(ThreadPoolExecutor.java:1062)
 java.base@17.0.12/java.util.concurrent.ThreadPoolExecutor.runWorker(ThreadPoolExecutor.java:1122)
 java.base@17.0.12/java.util.concurrent.ThreadPoolExecutor$Worker.run(ThreadPoolExecutor.java:635)
 java.base@17.0.12/java.lang.Thread.run(Thread.java:840)
2025-01-24 10:11:01 [Thread-4] INFO  o.a.coyote.http11.Http11NioProtocol - Stopping ProtocolHandler ["http-nio-8080"]
2025-01-24 10:11:01 [Thread-4] INFO  o.a.coyote.http11.Http11NioProtocol - Destroying ProtocolHandler ["http-nio-8080"]
2025-01-24 10:11:23 [restartedMain] INFO  c.M.MusicManagerApplication - Starting MusicManagerApplication using Java 17.0.12 on LAPTOP-ICGVSVEA with PID 5960 (C:\Users\ycode\Streamify\back-end\target\classes started by ycode in C:\Users\ycode\Streamify\back-end)
2025-01-24 10:11:23 [restartedMain] DEBUG c.M.MusicManagerApplication - Running with Spring Boot v2.7.18, Spring v5.3.31
2025-01-24 10:11:23 [restartedMain] INFO  c.M.MusicManagerApplication - The following 1 profile is active: "prod"
2025-01-24 10:11:23 [restartedMain] INFO  o.s.d.r.c.RepositoryConfigurationDelegate - Bootstrapping Spring Data MongoDB repositories in DEFAULT mode.
2025-01-24 10:11:23 [restartedMain] INFO  o.s.d.r.c.RepositoryConfigurationDelegate - Finished Spring Data repository scanning in 57 ms. Found 4 MongoDB repository interfaces.
2025-01-24 10:11:23 [restartedMain] INFO  o.s.b.w.e.tomcat.TomcatWebServer - Tomcat initialized with port(s): 8080 (http)
2025-01-24 10:11:24 [restartedMain] INFO  o.a.catalina.core.StandardService - Starting service [Tomcat]
2025-01-24 10:11:24 [restartedMain] INFO  o.a.catalina.core.StandardEngine - Starting Servlet engine: [Apache Tomcat/9.0.83]
2025-01-24 10:11:24 [restartedMain] INFO  o.a.c.c.C.[Tomcat-1].[localhost].[/] - Initializing Spring embedded WebApplicationContext
2025-01-24 10:11:24 [restartedMain] INFO  o.s.b.w.s.c.ServletWebServerApplicationContext - Root WebApplicationContext: initialization completed in 975 ms
2025-01-24 10:11:24 [restartedMain] INFO  org.mongodb.driver.client - MongoClient with metadata {"driver": {"name": "mongo-java-driver|sync|spring-boot", "version": "4.6.1"}, "os": {"type": "Windows", "name": "Windows 11", "architecture": "amd64", "version": "10.0"}, "platform": "Java/Eclipse Adoptium/17.0.12+7"} created with settings MongoClientSettings{readPreference=primary, writeConcern=WriteConcern{w=null, wTimeout=null ms, journal=null}, retryWrites=true, retryReads=true, readConcern=ReadConcern{level=null}, credential=null, streamFactoryFactory=null, commandListeners=[io.micrometer.core.instrument.binder.mongodb.MongoMetricsCommandListener@24ba7588], codecRegistry=ProvidersCodecRegistry{codecProviders=[ValueCodecProvider{}, BsonValueCodecProvider{}, DBRefCodecProvider{}, DBObjectCodecProvider{}, DocumentCodecProvider{}, IterableCodecProvider{}, MapCodecProvider{}, GeoJsonCodecProvider{}, GridFSFileCodecProvider{}, Jsr310CodecProvider{}, JsonObjectCodecProvider{}, BsonCodecProvider{}, EnumCodecProvider{}, com.mongodb.Jep395RecordCodecProvider@1d8ced03]}, clusterSettings={hosts=[localhost:27017], srvServiceName=mongodb, mode=SINGLE, requiredClusterType=UNKNOWN, requiredReplicaSetName='null', serverSelector='null', clusterListeners='[]', serverSelectionTimeout='30000 ms', localThreshold='30000 ms'}, socketSettings=SocketSettings{connectTimeoutMS=10000, readTimeoutMS=0, receiveBufferSize=0, sendBufferSize=0}, heartbeatSocketSettings=SocketSettings{connectTimeoutMS=10000, readTimeoutMS=10000, receiveBufferSize=0, sendBufferSize=0}, connectionPoolSettings=ConnectionPoolSettings{maxSize=100, minSize=0, maxWaitTimeMS=120000, maxConnectionLifeTimeMS=0, maxConnectionIdleTimeMS=0, maintenanceInitialDelayMS=0, maintenanceFrequencyMS=60000, connectionPoolListeners=[io.micrometer.core.instrument.binder.mongodb.MongoMetricsConnectionPoolListener@37d3dc5], maxConnecting=2}, serverSettings=ServerSettings{heartbeatFrequencyMS=10000, minHeartbeatFrequencyMS=500, serverListeners='[]', serverMonitorListeners='[]'}, sslSettings=SslSettings{enabled=false, invalidHostNameAllowed=false, context=null}, applicationName='null', compressorList=[], uuidRepresentation=JAVA_LEGACY, serverApi=null, autoEncryptionSettings=null, contextProvider=null}
2025-01-24 10:11:24 [cluster-ClusterId{value='6793593cef5ebe676c694492', description='null'}-localhost:27017] INFO  org.mongodb.driver.connection - Opened connection [connectionId{localValue:9, serverValue:9}] to localhost:27017
2025-01-24 10:11:24 [cluster-ClusterId{value='6793593cef5ebe676c694492', description='null'}-localhost:27017] INFO  org.mongodb.driver.cluster - Monitor thread successfully connected to server with description ServerDescription{address=localhost:27017, type=STANDALONE, state=CONNECTED, ok=true, minWireVersion=0, maxWireVersion=21, maxDocumentSize=16777216, logicalSessionTimeoutMinutes=30, roundTripTimeNanos=9465600}
2025-01-24 10:11:24 [cluster-rtt-ClusterId{value='6793593cef5ebe676c694492', description='null'}-localhost:27017] INFO  org.mongodb.driver.connection - Opened connection [connectionId{localValue:10, serverValue:10}] to localhost:27017
2025-01-24 10:11:24 [restartedMain] DEBUG o.s.d.m.c.i.MongoPersistentEntityIndexCreator - Analyzing class class com.MusicManager.model.Chanson for index information.
2025-01-24 10:11:24 [restartedMain] DEBUG o.s.d.m.c.i.MongoPersistentEntityIndexCreator - Analyzing class class com.MusicManager.model.Role for index information.
2025-01-24 10:11:24 [restartedMain] INFO  org.mongodb.driver.connection - Opened connection [connectionId{localValue:11, serverValue:11}] to localhost:27017
2025-01-24 10:11:24 [restartedMain] DEBUG o.s.d.m.c.i.MongoPersistentEntityIndexCreator - Analyzing class class com.MusicManager.model.Album for index information.
2025-01-24 10:11:24 [restartedMain] DEBUG o.s.d.m.c.i.MongoPersistentEntityIndexCreator - Analyzing class class com.MusicManager.model.User for index information.
2025-01-24 10:11:24 [restartedMain] DEBUG c.M.security.JwtAuthenticationFilter - Filter 'jwtAuthenticationFilter' configured for use
2025-01-24 10:11:24 [restartedMain] INFO  o.s.b.d.a.OptionalLiveReloadServer - LiveReload server is running on port 35729
2025-01-24 10:11:24 [restartedMain] DEBUG o.s.data.mongodb.core.MongoTemplate - Executing count: {} in collection: roles
2025-01-24 10:11:24 [restartedMain] INFO  o.s.b.a.e.web.EndpointLinksResolver - Exposing 1 endpoint(s) beneath base path '/actuator'
2025-01-24 10:11:24 [restartedMain] INFO  o.s.s.web.DefaultSecurityFilterChain - Will secure any request with [org.springframework.security.web.session.DisableEncodeUrlFilter@16477642, org.springframework.security.web.context.request.async.WebAsyncManagerIntegrationFilter@61b41f05, org.springframework.security.web.context.SecurityContextPersistenceFilter@6767a19b, org.springframework.security.web.header.HeaderWriterFilter@7b2326fd, org.springframework.web.filter.CorsFilter@56dc4e62, org.springframework.security.web.authentication.logout.LogoutFilter@5d18c5b6, com.MusicManager.security.JwtAuthenticationFilter@6d29e354, org.springframework.security.web.savedrequest.RequestCacheAwareFilter@450eb20, org.springframework.security.web.servletapi.SecurityContextHolderAwareRequestFilter@66a62199, org.springframework.security.web.authentication.AnonymousAuthenticationFilter@3e38b124, org.springframework.security.web.session.SessionManagementFilter@2bc944e8, org.springframework.security.web.access.ExceptionTranslationFilter@5606aa55, org.springframework.security.web.access.intercept.FilterSecurityInterceptor@56c7d964]
2025-01-24 10:11:25 [restartedMain] INFO  o.s.b.w.e.tomcat.TomcatWebServer - Tomcat started on port(s): 8080 (http) with context path ''
2025-01-24 10:11:25 [restartedMain] INFO  c.M.MusicManagerApplication - Started MusicManagerApplication in 2.059 seconds (JVM running for 90.056)
2025-01-24 10:11:25 [restartedMain] INFO  o.s.b.d.a.ConditionEvaluationDeltaLoggingListener - Condition evaluation unchanged
2025-01-24 10:11:36 [http-nio-8080-exec-1] INFO  o.a.c.c.C.[Tomcat-1].[localhost].[/] - Initializing Spring DispatcherServlet 'dispatcherServlet'
2025-01-24 10:11:36 [http-nio-8080-exec-1] INFO  o.s.web.servlet.DispatcherServlet - Initializing Servlet 'dispatcherServlet'
2025-01-24 10:11:36 [http-nio-8080-exec-1] INFO  o.s.web.servlet.DispatcherServlet - Completed initialization in 2 ms
2025-01-24 10:11:36 [http-nio-8080-exec-4] DEBUG o.s.d.m.r.query.MongoQueryCreator - Created query Query: { "name" : "ADMIN"}, Fields: {}, Sort: {}
2025-01-24 10:11:36 [http-nio-8080-exec-4] DEBUG o.s.data.mongodb.core.MongoTemplate - find using query: { "name" : "ADMIN"} fields: Document{{}} for class: class com.MusicManager.model.Role in collection: roles
2025-01-24 10:11:36 [http-nio-8080-exec-4] DEBUG o.s.data.mongodb.core.MongoTemplate - Inserting Document containing fields: [login, password, active, roles, _class] in collection: users
2025-01-24 10:12:19 [http-nio-8080-exec-8] DEBUG o.s.d.m.r.query.MongoQueryCreator - Created query Query: { "login" : "Sit veniam harum v"}, Fields: {}, Sort: {}
2025-01-24 10:12:19 [http-nio-8080-exec-8] DEBUG o.s.data.mongodb.core.MongoTemplate - find using query: { "login" : "Sit veniam harum v"} fields: Document{{}} for class: class com.MusicManager.model.User in collection: users
2025-01-24 10:12:19 [http-nio-8080-exec-8] DEBUG o.s.d.m.r.query.MongoQueryCreator - Created query Query: { "name" : "CLIENT"}, Fields: {}, Sort: {}
2025-01-24 10:12:19 [http-nio-8080-exec-8] DEBUG o.s.data.mongodb.core.MongoTemplate - find using query: { "name" : "CLIENT"} fields: Document{{}} for class: class com.MusicManager.model.Role in collection: roles
2025-01-24 10:12:19 [http-nio-8080-exec-8] WARN  o.s.w.s.m.m.a.ExceptionHandlerExceptionResolver - Resolved [java.lang.RuntimeException: Rôle non trouvé]
2025-01-24 10:12:20 [http-nio-8080-exec-9] DEBUG o.s.d.m.r.query.MongoQueryCreator - Created query Query: { "login" : "Sit veniam harum v"}, Fields: {}, Sort: {}
2025-01-24 10:12:20 [http-nio-8080-exec-9] DEBUG o.s.data.mongodb.core.MongoTemplate - find using query: { "login" : "Sit veniam harum v"} fields: Document{{}} for class: class com.MusicManager.model.User in collection: users
2025-01-24 10:12:20 [http-nio-8080-exec-9] DEBUG o.s.d.m.r.query.MongoQueryCreator - Created query Query: { "name" : "CLIENT"}, Fields: {}, Sort: {}
2025-01-24 10:12:20 [http-nio-8080-exec-9] DEBUG o.s.data.mongodb.core.MongoTemplate - find using query: { "name" : "CLIENT"} fields: Document{{}} for class: class com.MusicManager.model.Role in collection: roles
2025-01-24 10:12:20 [http-nio-8080-exec-9] WARN  o.s.w.s.m.m.a.ExceptionHandlerExceptionResolver - Resolved [java.lang.RuntimeException: Rôle non trouvé]
2025-01-24 21:00:08 [cluster-ClusterId{value='6793593cef5ebe676c694492', description='null'}-localhost:27017] INFO  org.mongodb.driver.cluster - Exception in monitor thread while connecting to server localhost:27017
com.mongodb.MongoSocketReadTimeoutException: Timeout while receiving message
	at com.mongodb.internal.connection.InternalStreamConnection.translateReadException(InternalStreamConnection.java:696)
	at com.mongodb.internal.connection.InternalStreamConnection.receiveMessageWithAdditionalTimeout(InternalStreamConnection.java:574)
	at com.mongodb.internal.connection.InternalStreamConnection.receiveCommandMessageResponse(InternalStreamConnection.java:410)
	at com.mongodb.internal.connection.InternalStreamConnection.receive(InternalStreamConnection.java:369)
	at com.mongodb.internal.connection.DefaultServerMonitor$ServerMonitorRunnable.lookupServerDescription(DefaultServerMonitor.java:221)
	at com.mongodb.internal.connection.DefaultServerMonitor$ServerMonitorRunnable.run(DefaultServerMonitor.java:157)
	at java.base/java.lang.Thread.run(Thread.java:840)
Caused by: java.net.SocketTimeoutException: Read timed out
	at java.base/sun.nio.ch.NioSocketImpl.timedRead(NioSocketImpl.java:288)
	at java.base/sun.nio.ch.NioSocketImpl.implRead(NioSocketImpl.java:314)
	at java.base/sun.nio.ch.NioSocketImpl.read(NioSocketImpl.java:355)
	at java.base/sun.nio.ch.NioSocketImpl$1.read(NioSocketImpl.java:808)
	at java.base/java.net.Socket$SocketInputStream.read(Socket.java:966)
	at com.mongodb.internal.connection.SocketStream.read(SocketStream.java:110)
	at com.mongodb.internal.connection.SocketStream.read(SocketStream.java:135)
	at com.mongodb.internal.connection.InternalStreamConnection.receiveResponseBuffers(InternalStreamConnection.java:713)
	at com.mongodb.internal.connection.InternalStreamConnection.receiveMessageWithAdditionalTimeout(InternalStreamConnection.java:571)
	... 5 common frames omitted
2025-01-24 21:00:08 [cluster-ClusterId{value='6793593cef5ebe676c694492', description='null'}-localhost:27017] INFO  org.mongodb.driver.connection - Opened connection [connectionId{localValue:12, serverValue:26}] to localhost:27017
2025-01-24 21:00:08 [cluster-ClusterId{value='6793593cef5ebe676c694492', description='null'}-localhost:27017] INFO  org.mongodb.driver.cluster - Monitor thread successfully connected to server with description ServerDescription{address=localhost:27017, type=STANDALONE, state=CONNECTED, ok=true, minWireVersion=0, maxWireVersion=21, maxDocumentSize=16777216, logicalSessionTimeoutMinutes=30, roundTripTimeNanos=9442800}
