2025-02-12 20:34:55 [background-preinit] INFO  o.h.validator.internal.util.Version - HV000001: Hibernate Validator 6.2.5.Final
2025-02-12 20:34:55 [restartedMain] INFO  c.M.MusicManagerApplication - Starting MusicManagerApplication using Java 17.0.12 on LAPTOP-ICGVSVEA with PID 23312 (C:\Users\ycode\Streamify\back-end\target\classes started by ycode in C:\Users\ycode\Streamify\back-end)
2025-02-12 20:34:55 [restartedMain] DEBUG c.M.MusicManagerApplication - Running with Spring Boot v2.7.18, Spring v5.3.31
2025-02-12 20:34:55 [restartedMain] INFO  c.M.MusicManagerApplication - The following 1 profile is active: "prod"
2025-02-12 20:34:55 [restartedMain] INFO  o.s.b.d.e.DevToolsPropertyDefaultsPostProcessor - Devtools property defaults active! Set 'spring.devtools.add-properties' to 'false' to disable
2025-02-12 20:34:55 [restartedMain] INFO  o.s.b.d.e.DevToolsPropertyDefaultsPostProcessor - For additional web related logging consider setting the 'logging.level.web' property to 'DEBUG'
2025-02-12 20:34:56 [restartedMain] INFO  o.s.d.r.c.RepositoryConfigurationDelegate - Bootstrapping Spring Data MongoDB repositories in DEFAULT mode.
2025-02-12 20:34:56 [restartedMain] INFO  o.s.d.r.c.RepositoryConfigurationDelegate - Finished Spring Data repository scanning in 113 ms. Found 4 MongoDB repository interfaces.
2025-02-12 20:34:57 [restartedMain] INFO  o.s.b.w.e.tomcat.TomcatWebServer - Tomcat initialized with port(s): 8080 (http)
2025-02-12 20:34:57 [restartedMain] INFO  o.a.coyote.http11.Http11NioProtocol - Initializing ProtocolHandler ["http-nio-8080"]
2025-02-12 20:34:57 [restartedMain] INFO  o.a.catalina.core.StandardService - Starting service [Tomcat]
2025-02-12 20:34:57 [restartedMain] INFO  o.a.catalina.core.StandardEngine - Starting Servlet engine: [Apache Tomcat/9.0.83]
2025-02-12 20:34:57 [restartedMain] INFO  o.a.c.c.C.[Tomcat].[localhost].[/] - Initializing Spring embedded WebApplicationContext
2025-02-12 20:34:57 [restartedMain] INFO  o.s.b.w.s.c.ServletWebServerApplicationContext - Root WebApplicationContext: initialization completed in 2445 ms
2025-02-12 20:34:58 [restartedMain] INFO  org.mongodb.driver.client - MongoClient with metadata {"driver": {"name": "mongo-java-driver|sync|spring-boot", "version": "4.6.1"}, "os": {"type": "Windows", "name": "Windows 11", "architecture": "amd64", "version": "10.0"}, "platform": "Java/Eclipse Adoptium/17.0.12+7"} created with settings MongoClientSettings{readPreference=primary, writeConcern=WriteConcern{w=null, wTimeout=null ms, journal=null}, retryWrites=true, retryReads=true, readConcern=ReadConcern{level=null}, credential=null, streamFactoryFactory=null, commandListeners=[io.micrometer.core.instrument.binder.mongodb.MongoMetricsCommandListener@32c2b9a2], codecRegistry=ProvidersCodecRegistry{codecProviders=[ValueCodecProvider{}, BsonValueCodecProvider{}, DBRefCodecProvider{}, DBObjectCodecProvider{}, DocumentCodecProvider{}, IterableCodecProvider{}, MapCodecProvider{}, GeoJsonCodecProvider{}, GridFSFileCodecProvider{}, Jsr310CodecProvider{}, JsonObjectCodecProvider{}, BsonCodecProvider{}, EnumCodecProvider{}, com.mongodb.Jep395RecordCodecProvider@23940c1d]}, clusterSettings={hosts=[localhost:27017], srvServiceName=mongodb, mode=SINGLE, requiredClusterType=UNKNOWN, requiredReplicaSetName='null', serverSelector='null', clusterListeners='[]', serverSelectionTimeout='30000 ms', localThreshold='30000 ms'}, socketSettings=SocketSettings{connectTimeoutMS=10000, readTimeoutMS=0, receiveBufferSize=0, sendBufferSize=0}, heartbeatSocketSettings=SocketSettings{connectTimeoutMS=10000, readTimeoutMS=10000, receiveBufferSize=0, sendBufferSize=0}, connectionPoolSettings=ConnectionPoolSettings{maxSize=100, minSize=0, maxWaitTimeMS=120000, maxConnectionLifeTimeMS=0, maxConnectionIdleTimeMS=0, maintenanceInitialDelayMS=0, maintenanceFrequencyMS=60000, connectionPoolListeners=[io.micrometer.core.instrument.binder.mongodb.MongoMetricsConnectionPoolListener@7ba993c6], maxConnecting=2}, serverSettings=ServerSettings{heartbeatFrequencyMS=10000, minHeartbeatFrequencyMS=500, serverListeners='[]', serverMonitorListeners='[]'}, sslSettings=SslSettings{enabled=false, invalidHostNameAllowed=false, context=null}, applicationName='null', compressorList=[], uuidRepresentation=JAVA_LEGACY, serverApi=null, autoEncryptionSettings=null, contextProvider=null}
2025-02-12 20:34:58 [cluster-rtt-ClusterId{value='67acf7e1bc00903f950cf46c', description='null'}-localhost:27017] INFO  org.mongodb.driver.connection - Opened connection [connectionId{localValue:2, serverValue:8}] to localhost:27017
2025-02-12 20:34:58 [cluster-ClusterId{value='67acf7e1bc00903f950cf46c', description='null'}-localhost:27017] INFO  org.mongodb.driver.connection - Opened connection [connectionId{localValue:1, serverValue:7}] to localhost:27017
2025-02-12 20:34:58 [cluster-ClusterId{value='67acf7e1bc00903f950cf46c', description='null'}-localhost:27017] INFO  org.mongodb.driver.cluster - Monitor thread successfully connected to server with description ServerDescription{address=localhost:27017, type=STANDALONE, state=CONNECTED, ok=true, minWireVersion=0, maxWireVersion=21, maxDocumentSize=16777216, logicalSessionTimeoutMinutes=30, roundTripTimeNanos=28553900}
2025-02-12 20:34:58 [restartedMain] DEBUG o.s.d.m.c.i.MongoPersistentEntityIndexCreator - Analyzing class class com.MusicManager.model.Chanson for index information.
2025-02-12 20:34:58 [restartedMain] DEBUG o.s.d.m.c.i.MongoPersistentEntityIndexCreator - Analyzing class class com.MusicManager.model.Role for index information.
2025-02-12 20:34:58 [restartedMain] INFO  org.mongodb.driver.connection - Opened connection [connectionId{localValue:3, serverValue:9}] to localhost:27017
2025-02-12 20:34:58 [restartedMain] DEBUG o.s.d.m.c.i.MongoPersistentEntityIndexCreator - Analyzing class class com.MusicManager.model.Album for index information.
2025-02-12 20:34:58 [restartedMain] DEBUG o.s.d.m.c.i.MongoPersistentEntityIndexCreator - Analyzing class class com.MusicManager.model.User for index information.
2025-02-12 20:34:58 [restartedMain] DEBUG c.M.security.JwtAuthenticationFilter - Filter 'jwtAuthenticationFilter' configured for use
2025-02-12 20:34:58 [restartedMain] INFO  o.s.b.d.a.OptionalLiveReloadServer - LiveReload server is running on port 35729
2025-02-12 20:34:58 [restartedMain] DEBUG o.s.data.mongodb.core.MongoTemplate - Executing count: {} in collection: roles
2025-02-12 20:34:59 [restartedMain] INFO  o.s.b.a.e.web.EndpointLinksResolver - Exposing 1 endpoint(s) beneath base path '/actuator'
2025-02-12 20:34:59 [restartedMain] INFO  o.s.s.web.DefaultSecurityFilterChain - Will secure any request with [org.springframework.security.web.session.DisableEncodeUrlFilter@116e8f47, org.springframework.security.web.context.request.async.WebAsyncManagerIntegrationFilter@7331c882, org.springframework.security.web.context.SecurityContextPersistenceFilter@4d2f6206, org.springframework.security.web.header.HeaderWriterFilter@7d1f8478, org.springframework.web.filter.CorsFilter@5214590b, org.springframework.security.web.authentication.logout.LogoutFilter@5034b66c, com.MusicManager.security.JwtAuthenticationFilter@32351990, org.springframework.security.web.savedrequest.RequestCacheAwareFilter@122da919, org.springframework.security.web.servletapi.SecurityContextHolderAwareRequestFilter@22aa7bbb, org.springframework.security.web.authentication.AnonymousAuthenticationFilter@5309819a, org.springframework.security.web.session.SessionManagementFilter@6b7547d0, org.springframework.security.web.access.ExceptionTranslationFilter@7bc7104a, org.springframework.security.web.access.intercept.FilterSecurityInterceptor@151c4ee7]
2025-02-12 20:34:59 [restartedMain] INFO  o.a.coyote.http11.Http11NioProtocol - Starting ProtocolHandler ["http-nio-8080"]
2025-02-12 20:34:59 [restartedMain] INFO  o.s.b.w.e.tomcat.TomcatWebServer - Tomcat started on port(s): 8080 (http) with context path ''
2025-02-12 20:35:00 [restartedMain] INFO  c.M.MusicManagerApplication - Started MusicManagerApplication in 5.602 seconds (JVM running for 6.641)
2025-02-12 20:35:00 [RMI TCP Connection(6)-192.168.0.102] INFO  o.a.c.c.C.[Tomcat].[localhost].[/] - Initializing Spring DispatcherServlet 'dispatcherServlet'
2025-02-12 20:35:00 [RMI TCP Connection(6)-192.168.0.102] INFO  o.s.web.servlet.DispatcherServlet - Initializing Servlet 'dispatcherServlet'
2025-02-12 20:35:00 [RMI TCP Connection(6)-192.168.0.102] INFO  o.s.web.servlet.DispatcherServlet - Completed initialization in 2 ms
2025-02-12 20:48:31 [http-nio-8080-exec-5] ERROR o.a.c.c.C.[.[.[.[dispatcherServlet] - Servlet.service() for servlet [dispatcherServlet] in context with path [] threw exception
io.jsonwebtoken.ExpiredJwtException: JWT expired at 2025-01-24T09:35:36Z. Current time: 2025-02-12T19:48:31Z, a difference of 1678375831 milliseconds.  Allowed clock skew: 0 milliseconds.
	at io.jsonwebtoken.impl.DefaultJwtParser.parse(DefaultJwtParser.java:427)
	at io.jsonwebtoken.impl.DefaultJwtParser.parse(DefaultJwtParser.java:529)
	at io.jsonwebtoken.impl.DefaultJwtParser.parseClaimsJws(DefaultJwtParser.java:589)
	at io.jsonwebtoken.impl.ImmutableJwtParser.parseClaimsJws(ImmutableJwtParser.java:173)
	at com.MusicManager.security.JwtService.extractAllClaims(JwtService.java:63)
	at com.MusicManager.security.JwtService.extractClaim(JwtService.java:26)
	at com.MusicManager.security.JwtService.extractUsername(JwtService.java:22)
	at com.MusicManager.security.JwtAuthenticationFilter.doFilterInternal(JwtAuthenticationFilter.java:41)
	at org.springframework.web.filter.OncePerRequestFilter.doFilter(OncePerRequestFilter.java:117)
	at org.springframework.security.web.FilterChainProxy$VirtualFilterChain.doFilter(FilterChainProxy.java:346)
	at org.springframework.security.web.authentication.logout.LogoutFilter.doFilter(LogoutFilter.java:103)
	at org.springframework.security.web.authentication.logout.LogoutFilter.doFilter(LogoutFilter.java:89)
	at org.springframework.security.web.FilterChainProxy$VirtualFilterChain.doFilter(FilterChainProxy.java:346)
	at org.springframework.web.filter.CorsFilter.doFilterInternal(CorsFilter.java:91)
	at org.springframework.web.filter.OncePerRequestFilter.doFilter(OncePerRequestFilter.java:117)
	at org.springframework.security.web.FilterChainProxy$VirtualFilterChain.doFilter(FilterChainProxy.java:346)
	at org.springframework.security.web.header.HeaderWriterFilter.doHeadersAfter(HeaderWriterFilter.java:90)
	at org.springframework.security.web.header.HeaderWriterFilter.doFilterInternal(HeaderWriterFilter.java:75)
	at org.springframework.web.filter.OncePerRequestFilter.doFilter(OncePerRequestFilter.java:117)
	at org.springframework.security.web.FilterChainProxy$VirtualFilterChain.doFilter(FilterChainProxy.java:346)
	at org.springframework.security.web.context.SecurityContextPersistenceFilter.doFilter(SecurityContextPersistenceFilter.java:112)
	at org.springframework.security.web.context.SecurityContextPersistenceFilter.doFilter(SecurityContextPersistenceFilter.java:82)
	at org.springframework.security.web.FilterChainProxy$VirtualFilterChain.doFilter(FilterChainProxy.java:346)
	at org.springframework.security.web.context.request.async.WebAsyncManagerIntegrationFilter.doFilterInternal(WebAsyncManagerIntegrationFilter.java:55)
	at org.springframework.web.filter.OncePerRequestFilter.doFilter(OncePerRequestFilter.java:117)
	at org.springframework.security.web.FilterChainProxy$VirtualFilterChain.doFilter(FilterChainProxy.java:346)
	at org.springframework.security.web.session.DisableEncodeUrlFilter.doFilterInternal(DisableEncodeUrlFilter.java:42)
	at org.springframework.web.filter.OncePerRequestFilter.doFilter(OncePerRequestFilter.java:117)
	at org.springframework.security.web.FilterChainProxy$VirtualFilterChain.doFilter(FilterChainProxy.java:346)
	at org.springframework.security.web.FilterChainProxy.doFilterInternal(FilterChainProxy.java:221)
	at org.springframework.security.web.FilterChainProxy.doFilter(FilterChainProxy.java:186)
	at org.springframework.web.filter.DelegatingFilterProxy.invokeDelegate(DelegatingFilterProxy.java:354)
	at org.springframework.web.filter.DelegatingFilterProxy.doFilter(DelegatingFilterProxy.java:267)
	at org.apache.catalina.core.ApplicationFilterChain.internalDoFilter(ApplicationFilterChain.java:178)
	at org.apache.catalina.core.ApplicationFilterChain.doFilter(ApplicationFilterChain.java:153)
	at org.springframework.web.filter.RequestContextFilter.doFilterInternal(RequestContextFilter.java:100)
	at org.springframework.web.filter.OncePerRequestFilter.doFilter(OncePerRequestFilter.java:117)
	at org.apache.catalina.core.ApplicationFilterChain.internalDoFilter(ApplicationFilterChain.java:178)
	at org.apache.catalina.core.ApplicationFilterChain.doFilter(ApplicationFilterChain.java:153)
	at org.springframework.web.filter.FormContentFilter.doFilterInternal(FormContentFilter.java:93)
	at org.springframework.web.filter.OncePerRequestFilter.doFilter(OncePerRequestFilter.java:117)
	at org.apache.catalina.core.ApplicationFilterChain.internalDoFilter(ApplicationFilterChain.java:178)
	at org.apache.catalina.core.ApplicationFilterChain.doFilter(ApplicationFilterChain.java:153)
	at org.springframework.boot.actuate.metrics.web.servlet.WebMvcMetricsFilter.doFilterInternal(WebMvcMetricsFilter.java:96)
	at org.springframework.web.filter.OncePerRequestFilter.doFilter(OncePerRequestFilter.java:117)
	at org.apache.catalina.core.ApplicationFilterChain.internalDoFilter(ApplicationFilterChain.java:178)
	at org.apache.catalina.core.ApplicationFilterChain.doFilter(ApplicationFilterChain.java:153)
	at org.springframework.web.filter.CharacterEncodingFilter.doFilterInternal(CharacterEncodingFilter.java:201)
	at org.springframework.web.filter.OncePerRequestFilter.doFilter(OncePerRequestFilter.java:117)
	at org.apache.catalina.core.ApplicationFilterChain.internalDoFilter(ApplicationFilterChain.java:178)
	at org.apache.catalina.core.ApplicationFilterChain.doFilter(ApplicationFilterChain.java:153)
	at org.apache.catalina.core.StandardWrapperValve.invoke(StandardWrapperValve.java:168)
	at org.apache.catalina.core.StandardContextValve.invoke(StandardContextValve.java:90)
	at org.apache.catalina.authenticator.AuthenticatorBase.invoke(AuthenticatorBase.java:481)
	at org.apache.catalina.core.StandardHostValve.invoke(StandardHostValve.java:130)
	at org.apache.catalina.valves.ErrorReportValve.invoke(ErrorReportValve.java:93)
	at org.apache.catalina.core.StandardEngineValve.invoke(StandardEngineValve.java:74)
	at org.apache.catalina.connector.CoyoteAdapter.service(CoyoteAdapter.java:342)
	at org.apache.coyote.http11.Http11Processor.service(Http11Processor.java:390)
	at org.apache.coyote.AbstractProcessorLight.process(AbstractProcessorLight.java:63)
	at org.apache.coyote.AbstractProtocol$ConnectionHandler.process(AbstractProtocol.java:928)
	at org.apache.tomcat.util.net.NioEndpoint$SocketProcessor.doRun(NioEndpoint.java:1794)
	at org.apache.tomcat.util.net.SocketProcessorBase.run(SocketProcessorBase.java:52)
	at org.apache.tomcat.util.threads.ThreadPoolExecutor.runWorker(ThreadPoolExecutor.java:1191)
	at org.apache.tomcat.util.threads.ThreadPoolExecutor$Worker.run(ThreadPoolExecutor.java:659)
	at org.apache.tomcat.util.threads.TaskThread$WrappingRunnable.run(TaskThread.java:61)
	at java.base/java.lang.Thread.run(Thread.java:840)
2025-02-12 20:50:00 [File Watcher] INFO  o.s.b.d.a.LocalDevToolsAutoConfiguration$RestartingClassPathChangeChangedEventListener - Restarting due to 4 class path changes (0 additions, 0 deletions, 4 modifications)
2025-02-12 20:50:00 [Thread-4] INFO  o.a.coyote.http11.Http11NioProtocol - Pausing ProtocolHandler ["http-nio-8080"]
2025-02-12 20:50:00 [Thread-4] INFO  o.a.catalina.core.StandardService - Stopping service [Tomcat]
2025-02-12 20:50:00 [Thread-4] INFO  o.a.c.c.C.[Tomcat].[localhost].[/] - Destroying Spring FrameworkServlet 'dispatcherServlet'
2025-02-12 20:50:00 [Thread-4] WARN  o.a.c.loader.WebappClassLoaderBase - The web application [ROOT] appears to have started a thread named [BufferPoolPruner-1-thread-1] but has failed to stop it. This is very likely to create a memory leak. Stack trace of thread:
 java.base@17.0.12/jdk.internal.misc.Unsafe.park(Native Method)
 java.base@17.0.12/java.util.concurrent.locks.LockSupport.parkNanos(LockSupport.java:252)
 java.base@17.0.12/java.util.concurrent.locks.AbstractQueuedSynchronizer$ConditionObject.awaitNanos(AbstractQueuedSynchronizer.java:1674)
 java.base@17.0.12/java.util.concurrent.ScheduledThreadPoolExecutor$DelayedWorkQueue.take(ScheduledThreadPoolExecutor.java:1182)
 java.base@17.0.12/java.util.concurrent.ScheduledThreadPoolExecutor$DelayedWorkQueue.take(ScheduledThreadPoolExecutor.java:899)
 java.base@17.0.12/java.util.concurrent.ThreadPoolExecutor.getTask(ThreadPoolExecutor.java:1062)
 java.base@17.0.12/java.util.concurrent.ThreadPoolExecutor.runWorker(ThreadPoolExecutor.java:1122)
 java.base@17.0.12/java.util.concurrent.ThreadPoolExecutor$Worker.run(ThreadPoolExecutor.java:635)
 java.base@17.0.12/java.lang.Thread.run(Thread.java:840)
2025-02-12 20:50:00 [Thread-4] WARN  o.a.c.loader.WebappClassLoaderBase - The web application [ROOT] appears to have started a thread named [cluster-ClusterId{value='67acf7e1bc00903f950cf46c', description='null'}-localhost:27017] but has failed to stop it. This is very likely to create a memory leak. Stack trace of thread:
 java.base@17.0.12/sun.nio.ch.Net.poll(Native Method)
 java.base@17.0.12/sun.nio.ch.NioSocketImpl.park(NioSocketImpl.java:186)
 java.base@17.0.12/sun.nio.ch.NioSocketImpl.timedRead(NioSocketImpl.java:290)
 java.base@17.0.12/sun.nio.ch.NioSocketImpl.implRead(NioSocketImpl.java:314)
 java.base@17.0.12/sun.nio.ch.NioSocketImpl.read(NioSocketImpl.java:355)
 java.base@17.0.12/sun.nio.ch.NioSocketImpl$1.read(NioSocketImpl.java:808)
 java.base@17.0.12/java.net.Socket$SocketInputStream.read(Socket.java:966)
 app//com.mongodb.internal.connection.SocketStream.read(SocketStream.java:110)
 app//com.mongodb.internal.connection.SocketStream.read(SocketStream.java:135)
 app//com.mongodb.internal.connection.InternalStreamConnection.receiveResponseBuffers(InternalStreamConnection.java:713)
 app//com.mongodb.internal.connection.InternalStreamConnection.receiveMessageWithAdditionalTimeout(InternalStreamConnection.java:571)
 app//com.mongodb.internal.connection.InternalStreamConnection.receiveCommandMessageResponse(InternalStreamConnection.java:410)
 app//com.mongodb.internal.connection.InternalStreamConnection.receive(InternalStreamConnection.java:369)
 app//com.mongodb.internal.connection.DefaultServerMonitor$ServerMonitorRunnable.lookupServerDescription(DefaultServerMonitor.java:221)
 app//com.mongodb.internal.connection.DefaultServerMonitor$ServerMonitorRunnable.run(DefaultServerMonitor.java:157)
 java.base@17.0.12/java.lang.Thread.run(Thread.java:840)
2025-02-12 20:50:00 [Thread-4] WARN  o.a.c.loader.WebappClassLoaderBase - The web application [ROOT] appears to have started a thread named [cluster-rtt-ClusterId{value='67acf7e1bc00903f950cf46c', description='null'}-localhost:27017] but has failed to stop it. This is very likely to create a memory leak. Stack trace of thread:
 java.base@17.0.12/java.lang.Thread.sleep(Native Method)
 app//com.mongodb.internal.connection.DefaultServerMonitor.waitForNext(DefaultServerMonitor.java:443)
 app//com.mongodb.internal.connection.DefaultServerMonitor.access$1500(DefaultServerMonitor.java:64)
 app//com.mongodb.internal.connection.DefaultServerMonitor$RoundTripTimeRunnable.run(DefaultServerMonitor.java:415)
 java.base@17.0.12/java.lang.Thread.run(Thread.java:840)
2025-02-12 20:50:00 [Thread-4] WARN  o.a.c.loader.WebappClassLoaderBase - The web application [ROOT] appears to have started a thread named [MaintenanceTimer-2-thread-1] but has failed to stop it. This is very likely to create a memory leak. Stack trace of thread:
 java.base@17.0.12/jdk.internal.misc.Unsafe.park(Native Method)
 java.base@17.0.12/java.util.concurrent.locks.LockSupport.parkNanos(LockSupport.java:252)
 java.base@17.0.12/java.util.concurrent.locks.AbstractQueuedSynchronizer$ConditionObject.awaitNanos(AbstractQueuedSynchronizer.java:1674)
 java.base@17.0.12/java.util.concurrent.ScheduledThreadPoolExecutor$DelayedWorkQueue.take(ScheduledThreadPoolExecutor.java:1182)
 java.base@17.0.12/java.util.concurrent.ScheduledThreadPoolExecutor$DelayedWorkQueue.take(ScheduledThreadPoolExecutor.java:899)
 java.base@17.0.12/java.util.concurrent.ThreadPoolExecutor.getTask(ThreadPoolExecutor.java:1062)
 java.base@17.0.12/java.util.concurrent.ThreadPoolExecutor.runWorker(ThreadPoolExecutor.java:1122)
 java.base@17.0.12/java.util.concurrent.ThreadPoolExecutor$Worker.run(ThreadPoolExecutor.java:635)
 java.base@17.0.12/java.lang.Thread.run(Thread.java:840)
2025-02-12 20:50:00 [Thread-4] INFO  o.a.coyote.http11.Http11NioProtocol - Stopping ProtocolHandler ["http-nio-8080"]
2025-02-12 20:50:00 [Thread-4] INFO  o.a.coyote.http11.Http11NioProtocol - Destroying ProtocolHandler ["http-nio-8080"]
2025-02-12 20:50:00 [restartedMain] INFO  c.M.MusicManagerApplication - Starting MusicManagerApplication using Java 17.0.12 on LAPTOP-ICGVSVEA with PID 23312 (C:\Users\ycode\Streamify\back-end\target\classes started by ycode in C:\Users\ycode\Streamify\back-end)
2025-02-12 20:50:00 [restartedMain] DEBUG c.M.MusicManagerApplication - Running with Spring Boot v2.7.18, Spring v5.3.31
2025-02-12 20:50:00 [restartedMain] INFO  c.M.MusicManagerApplication - The following 1 profile is active: "prod"
2025-02-12 20:50:01 [restartedMain] INFO  o.s.d.r.c.RepositoryConfigurationDelegate - Bootstrapping Spring Data MongoDB repositories in DEFAULT mode.
2025-02-12 20:50:01 [restartedMain] INFO  o.s.d.r.c.RepositoryConfigurationDelegate - Finished Spring Data repository scanning in 47 ms. Found 4 MongoDB repository interfaces.
2025-02-12 20:50:01 [restartedMain] INFO  o.s.b.w.e.tomcat.TomcatWebServer - Tomcat initialized with port(s): 8080 (http)
2025-02-12 20:50:01 [restartedMain] INFO  o.a.coyote.http11.Http11NioProtocol - Initializing ProtocolHandler ["http-nio-8080"]
2025-02-12 20:50:01 [restartedMain] INFO  o.a.catalina.core.StandardService - Starting service [Tomcat]
2025-02-12 20:50:01 [restartedMain] INFO  o.a.catalina.core.StandardEngine - Starting Servlet engine: [Apache Tomcat/9.0.83]
2025-02-12 20:50:01 [restartedMain] INFO  o.a.c.c.C.[Tomcat].[localhost].[/] - Initializing Spring embedded WebApplicationContext
2025-02-12 20:50:01 [restartedMain] INFO  o.s.b.w.s.c.ServletWebServerApplicationContext - Root WebApplicationContext: initialization completed in 691 ms
2025-02-12 20:50:01 [restartedMain] INFO  org.mongodb.driver.client - MongoClient with metadata {"driver": {"name": "mongo-java-driver|sync|spring-boot", "version": "4.6.1"}, "os": {"type": "Windows", "name": "Windows 11", "architecture": "amd64", "version": "10.0"}, "platform": "Java/Eclipse Adoptium/17.0.12+7"} created with settings MongoClientSettings{readPreference=primary, writeConcern=WriteConcern{w=null, wTimeout=null ms, journal=null}, retryWrites=true, retryReads=true, readConcern=ReadConcern{level=null}, credential=null, streamFactoryFactory=null, commandListeners=[io.micrometer.core.instrument.binder.mongodb.MongoMetricsCommandListener@7428a1c0], codecRegistry=ProvidersCodecRegistry{codecProviders=[ValueCodecProvider{}, BsonValueCodecProvider{}, DBRefCodecProvider{}, DBObjectCodecProvider{}, DocumentCodecProvider{}, IterableCodecProvider{}, MapCodecProvider{}, GeoJsonCodecProvider{}, GridFSFileCodecProvider{}, Jsr310CodecProvider{}, JsonObjectCodecProvider{}, BsonCodecProvider{}, EnumCodecProvider{}, com.mongodb.Jep395RecordCodecProvider@23940c1d]}, clusterSettings={hosts=[localhost:27017], srvServiceName=mongodb, mode=SINGLE, requiredClusterType=UNKNOWN, requiredReplicaSetName='null', serverSelector='null', clusterListeners='[]', serverSelectionTimeout='30000 ms', localThreshold='30000 ms'}, socketSettings=SocketSettings{connectTimeoutMS=10000, readTimeoutMS=0, receiveBufferSize=0, sendBufferSize=0}, heartbeatSocketSettings=SocketSettings{connectTimeoutMS=10000, readTimeoutMS=10000, receiveBufferSize=0, sendBufferSize=0}, connectionPoolSettings=ConnectionPoolSettings{maxSize=100, minSize=0, maxWaitTimeMS=120000, maxConnectionLifeTimeMS=0, maxConnectionIdleTimeMS=0, maintenanceInitialDelayMS=0, maintenanceFrequencyMS=60000, connectionPoolListeners=[io.micrometer.core.instrument.binder.mongodb.MongoMetricsConnectionPoolListener@74ca0ea0], maxConnecting=2}, serverSettings=ServerSettings{heartbeatFrequencyMS=10000, minHeartbeatFrequencyMS=500, serverListeners='[]', serverMonitorListeners='[]'}, sslSettings=SslSettings{enabled=false, invalidHostNameAllowed=false, context=null}, applicationName='null', compressorList=[], uuidRepresentation=JAVA_LEGACY, serverApi=null, autoEncryptionSettings=null, contextProvider=null}
2025-02-12 20:50:01 [cluster-ClusterId{value='67acfb69bc00903f950cf46d', description='null'}-localhost:27017] INFO  org.mongodb.driver.connection - Opened connection [connectionId{localValue:4, serverValue:10}] to localhost:27017
2025-02-12 20:50:01 [cluster-ClusterId{value='67acfb69bc00903f950cf46d', description='null'}-localhost:27017] INFO  org.mongodb.driver.cluster - Monitor thread successfully connected to server with description ServerDescription{address=localhost:27017, type=STANDALONE, state=CONNECTED, ok=true, minWireVersion=0, maxWireVersion=21, maxDocumentSize=16777216, logicalSessionTimeoutMinutes=30, roundTripTimeNanos=1615200}
2025-02-12 20:50:01 [cluster-rtt-ClusterId{value='67acfb69bc00903f950cf46d', description='null'}-localhost:27017] INFO  org.mongodb.driver.connection - Opened connection [connectionId{localValue:5, serverValue:11}] to localhost:27017
2025-02-12 20:50:01 [restartedMain] DEBUG o.s.d.m.c.i.MongoPersistentEntityIndexCreator - Analyzing class class com.MusicManager.model.Album for index information.
2025-02-12 20:50:01 [restartedMain] DEBUG o.s.d.m.c.i.MongoPersistentEntityIndexCreator - Analyzing class class com.MusicManager.model.Role for index information.
2025-02-12 20:50:01 [restartedMain] INFO  org.mongodb.driver.connection - Opened connection [connectionId{localValue:6, serverValue:12}] to localhost:27017
2025-02-12 20:50:01 [restartedMain] DEBUG o.s.d.m.c.i.MongoPersistentEntityIndexCreator - Analyzing class class com.MusicManager.model.User for index information.
2025-02-12 20:50:01 [restartedMain] DEBUG o.s.d.m.c.i.MongoPersistentEntityIndexCreator - Analyzing class class com.MusicManager.model.Chanson for index information.
2025-02-12 20:50:01 [restartedMain] DEBUG c.M.security.JwtAuthenticationFilter - Filter 'jwtAuthenticationFilter' configured for use
2025-02-12 20:50:01 [restartedMain] INFO  o.s.b.d.a.OptionalLiveReloadServer - LiveReload server is running on port 35729
2025-02-12 20:50:01 [restartedMain] DEBUG o.s.data.mongodb.core.MongoTemplate - Executing count: {} in collection: roles
2025-02-12 20:50:01 [restartedMain] INFO  o.s.s.web.DefaultSecurityFilterChain - Will secure any request with [org.springframework.security.web.session.DisableEncodeUrlFilter@4eb95ed9, org.springframework.security.web.context.request.async.WebAsyncManagerIntegrationFilter@63438dd3, org.springframework.security.web.context.SecurityContextPersistenceFilter@65479d4f, org.springframework.security.web.header.HeaderWriterFilter@3be265d, org.springframework.web.filter.CorsFilter@3c911023, org.springframework.security.web.authentication.logout.LogoutFilter@5875de41, com.MusicManager.security.JwtAuthenticationFilter@3569ec3b, org.springframework.security.web.savedrequest.RequestCacheAwareFilter@e0ac3e8, org.springframework.security.web.servletapi.SecurityContextHolderAwareRequestFilter@7c7480ba, org.springframework.security.web.authentication.AnonymousAuthenticationFilter@68b73a19, org.springframework.security.web.session.SessionManagementFilter@6603717e, org.springframework.security.web.access.ExceptionTranslationFilter@6641bceb, org.springframework.security.web.access.intercept.AuthorizationFilter@3fcd77e7]
2025-02-12 20:50:01 [restartedMain] INFO  o.s.b.a.e.web.EndpointLinksResolver - Exposing 1 endpoint(s) beneath base path '/actuator'
2025-02-12 20:50:01 [restartedMain] INFO  o.a.coyote.http11.Http11NioProtocol - Starting ProtocolHandler ["http-nio-8080"]
2025-02-12 20:50:01 [restartedMain] INFO  o.s.b.w.e.tomcat.TomcatWebServer - Tomcat started on port(s): 8080 (http) with context path ''
2025-02-12 20:50:01 [restartedMain] INFO  c.M.MusicManagerApplication - Started MusicManagerApplication in 1.344 seconds (JVM running for 908.591)
2025-02-12 20:50:01 [restartedMain] INFO  o.s.b.d.a.ConditionEvaluationDeltaLoggingListener - Condition evaluation unchanged
2025-02-12 20:50:08 [File Watcher] INFO  o.s.b.d.a.LocalDevToolsAutoConfiguration$RestartingClassPathChangeChangedEventListener - Restarting due to 4 class path changes (0 additions, 0 deletions, 4 modifications)
2025-02-12 20:50:08 [Thread-7] INFO  o.a.coyote.http11.Http11NioProtocol - Pausing ProtocolHandler ["http-nio-8080"]
2025-02-12 20:50:08 [Thread-7] INFO  o.a.catalina.core.StandardService - Stopping service [Tomcat]
2025-02-12 20:50:08 [Thread-7] WARN  o.a.c.loader.WebappClassLoaderBase - The web application [ROOT] appears to have started a thread named [cluster-ClusterId{value='67acfb69bc00903f950cf46d', description='null'}-localhost:27017] but has failed to stop it. This is very likely to create a memory leak. Stack trace of thread:
 java.base@17.0.12/sun.nio.ch.Net.poll(Native Method)
 java.base@17.0.12/sun.nio.ch.NioSocketImpl.park(NioSocketImpl.java:186)
 java.base@17.0.12/sun.nio.ch.NioSocketImpl.timedRead(NioSocketImpl.java:290)
 java.base@17.0.12/sun.nio.ch.NioSocketImpl.implRead(NioSocketImpl.java:314)
 java.base@17.0.12/sun.nio.ch.NioSocketImpl.read(NioSocketImpl.java:355)
 java.base@17.0.12/sun.nio.ch.NioSocketImpl$1.read(NioSocketImpl.java:808)
 java.base@17.0.12/java.net.Socket$SocketInputStream.read(Socket.java:966)
 app//com.mongodb.internal.connection.SocketStream.read(SocketStream.java:110)
 app//com.mongodb.internal.connection.SocketStream.read(SocketStream.java:135)
 app//com.mongodb.internal.connection.InternalStreamConnection.receiveResponseBuffers(InternalStreamConnection.java:713)
 app//com.mongodb.internal.connection.InternalStreamConnection.receiveMessageWithAdditionalTimeout(InternalStreamConnection.java:571)
 app//com.mongodb.internal.connection.InternalStreamConnection.receiveCommandMessageResponse(InternalStreamConnection.java:410)
 app//com.mongodb.internal.connection.InternalStreamConnection.receive(InternalStreamConnection.java:369)
 app//com.mongodb.internal.connection.DefaultServerMonitor$ServerMonitorRunnable.lookupServerDescription(DefaultServerMonitor.java:221)
 app//com.mongodb.internal.connection.DefaultServerMonitor$ServerMonitorRunnable.run(DefaultServerMonitor.java:157)
 java.base@17.0.12/java.lang.Thread.run(Thread.java:840)
2025-02-12 20:50:08 [Thread-7] WARN  o.a.c.loader.WebappClassLoaderBase - The web application [ROOT] appears to have started a thread named [cluster-rtt-ClusterId{value='67acfb69bc00903f950cf46d', description='null'}-localhost:27017] but has failed to stop it. This is very likely to create a memory leak. Stack trace of thread:
 java.base@17.0.12/java.lang.Thread.sleep(Native Method)
 app//com.mongodb.internal.connection.DefaultServerMonitor.waitForNext(DefaultServerMonitor.java:443)
 app//com.mongodb.internal.connection.DefaultServerMonitor.access$1500(DefaultServerMonitor.java:64)
 app//com.mongodb.internal.connection.DefaultServerMonitor$RoundTripTimeRunnable.run(DefaultServerMonitor.java:415)
 java.base@17.0.12/java.lang.Thread.run(Thread.java:840)
2025-02-12 20:50:08 [Thread-7] WARN  o.a.c.loader.WebappClassLoaderBase - The web application [ROOT] appears to have started a thread named [MaintenanceTimer-3-thread-1] but has failed to stop it. This is very likely to create a memory leak. Stack trace of thread:
 java.base@17.0.12/jdk.internal.misc.Unsafe.park(Native Method)
 java.base@17.0.12/java.util.concurrent.locks.LockSupport.parkNanos(LockSupport.java:252)
 java.base@17.0.12/java.util.concurrent.locks.AbstractQueuedSynchronizer$ConditionObject.awaitNanos(AbstractQueuedSynchronizer.java:1674)
 java.base@17.0.12/java.util.concurrent.ScheduledThreadPoolExecutor$DelayedWorkQueue.take(ScheduledThreadPoolExecutor.java:1182)
 java.base@17.0.12/java.util.concurrent.ScheduledThreadPoolExecutor$DelayedWorkQueue.take(ScheduledThreadPoolExecutor.java:899)
 java.base@17.0.12/java.util.concurrent.ThreadPoolExecutor.getTask(ThreadPoolExecutor.java:1062)
 java.base@17.0.12/java.util.concurrent.ThreadPoolExecutor.runWorker(ThreadPoolExecutor.java:1122)
 java.base@17.0.12/java.util.concurrent.ThreadPoolExecutor$Worker.run(ThreadPoolExecutor.java:635)
 java.base@17.0.12/java.lang.Thread.run(Thread.java:840)
2025-02-12 20:50:08 [Thread-7] INFO  o.a.coyote.http11.Http11NioProtocol - Stopping ProtocolHandler ["http-nio-8080"]
2025-02-12 20:50:08 [Thread-7] INFO  o.a.coyote.http11.Http11NioProtocol - Destroying ProtocolHandler ["http-nio-8080"]
2025-02-12 20:50:08 [restartedMain] INFO  c.M.MusicManagerApplication - Starting MusicManagerApplication using Java 17.0.12 on LAPTOP-ICGVSVEA with PID 23312 (C:\Users\ycode\Streamify\back-end\target\classes started by ycode in C:\Users\ycode\Streamify\back-end)
2025-02-12 20:50:08 [restartedMain] DEBUG c.M.MusicManagerApplication - Running with Spring Boot v2.7.18, Spring v5.3.31
2025-02-12 20:50:08 [restartedMain] INFO  c.M.MusicManagerApplication - The following 1 profile is active: "prod"
2025-02-12 20:50:09 [restartedMain] INFO  o.s.d.r.c.RepositoryConfigurationDelegate - Bootstrapping Spring Data MongoDB repositories in DEFAULT mode.
2025-02-12 20:50:09 [restartedMain] INFO  o.s.d.r.c.RepositoryConfigurationDelegate - Finished Spring Data repository scanning in 37 ms. Found 4 MongoDB repository interfaces.
2025-02-12 20:50:09 [restartedMain] INFO  o.s.b.w.e.tomcat.TomcatWebServer - Tomcat initialized with port(s): 8080 (http)
2025-02-12 20:50:09 [restartedMain] INFO  o.a.coyote.http11.Http11NioProtocol - Initializing ProtocolHandler ["http-nio-8080"]
2025-02-12 20:50:09 [restartedMain] INFO  o.a.catalina.core.StandardService - Starting service [Tomcat]
2025-02-12 20:50:09 [restartedMain] INFO  o.a.catalina.core.StandardEngine - Starting Servlet engine: [Apache Tomcat/9.0.83]
2025-02-12 20:50:09 [restartedMain] INFO  o.a.c.c.C.[Tomcat].[localhost].[/] - Initializing Spring embedded WebApplicationContext
2025-02-12 20:50:09 [restartedMain] INFO  o.s.b.w.s.c.ServletWebServerApplicationContext - Root WebApplicationContext: initialization completed in 518 ms
2025-02-12 20:50:09 [restartedMain] INFO  org.mongodb.driver.client - MongoClient with metadata {"driver": {"name": "mongo-java-driver|sync|spring-boot", "version": "4.6.1"}, "os": {"type": "Windows", "name": "Windows 11", "architecture": "amd64", "version": "10.0"}, "platform": "Java/Eclipse Adoptium/17.0.12+7"} created with settings MongoClientSettings{readPreference=primary, writeConcern=WriteConcern{w=null, wTimeout=null ms, journal=null}, retryWrites=true, retryReads=true, readConcern=ReadConcern{level=null}, credential=null, streamFactoryFactory=null, commandListeners=[io.micrometer.core.instrument.binder.mongodb.MongoMetricsCommandListener@38d1ed41], codecRegistry=ProvidersCodecRegistry{codecProviders=[ValueCodecProvider{}, BsonValueCodecProvider{}, DBRefCodecProvider{}, DBObjectCodecProvider{}, DocumentCodecProvider{}, IterableCodecProvider{}, MapCodecProvider{}, GeoJsonCodecProvider{}, GridFSFileCodecProvider{}, Jsr310CodecProvider{}, JsonObjectCodecProvider{}, BsonCodecProvider{}, EnumCodecProvider{}, com.mongodb.Jep395RecordCodecProvider@23940c1d]}, clusterSettings={hosts=[localhost:27017], srvServiceName=mongodb, mode=SINGLE, requiredClusterType=UNKNOWN, requiredReplicaSetName='null', serverSelector='null', clusterListeners='[]', serverSelectionTimeout='30000 ms', localThreshold='30000 ms'}, socketSettings=SocketSettings{connectTimeoutMS=10000, readTimeoutMS=0, receiveBufferSize=0, sendBufferSize=0}, heartbeatSocketSettings=SocketSettings{connectTimeoutMS=10000, readTimeoutMS=10000, receiveBufferSize=0, sendBufferSize=0}, connectionPoolSettings=ConnectionPoolSettings{maxSize=100, minSize=0, maxWaitTimeMS=120000, maxConnectionLifeTimeMS=0, maxConnectionIdleTimeMS=0, maintenanceInitialDelayMS=0, maintenanceFrequencyMS=60000, connectionPoolListeners=[io.micrometer.core.instrument.binder.mongodb.MongoMetricsConnectionPoolListener@7740e0b2], maxConnecting=2}, serverSettings=ServerSettings{heartbeatFrequencyMS=10000, minHeartbeatFrequencyMS=500, serverListeners='[]', serverMonitorListeners='[]'}, sslSettings=SslSettings{enabled=false, invalidHostNameAllowed=false, context=null}, applicationName='null', compressorList=[], uuidRepresentation=JAVA_LEGACY, serverApi=null, autoEncryptionSettings=null, contextProvider=null}
2025-02-12 20:50:09 [cluster-rtt-ClusterId{value='67acfb71bc00903f950cf46e', description='null'}-localhost:27017] INFO  org.mongodb.driver.connection - Opened connection [connectionId{localValue:7, serverValue:14}] to localhost:27017
2025-02-12 20:50:09 [cluster-ClusterId{value='67acfb71bc00903f950cf46e', description='null'}-localhost:27017] INFO  org.mongodb.driver.connection - Opened connection [connectionId{localValue:8, serverValue:13}] to localhost:27017
2025-02-12 20:50:09 [cluster-ClusterId{value='67acfb71bc00903f950cf46e', description='null'}-localhost:27017] INFO  org.mongodb.driver.cluster - Monitor thread successfully connected to server with description ServerDescription{address=localhost:27017, type=STANDALONE, state=CONNECTED, ok=true, minWireVersion=0, maxWireVersion=21, maxDocumentSize=16777216, logicalSessionTimeoutMinutes=30, roundTripTimeNanos=1566600}
2025-02-12 20:50:09 [restartedMain] DEBUG o.s.d.m.c.i.MongoPersistentEntityIndexCreator - Analyzing class class com.MusicManager.model.User for index information.
2025-02-12 20:50:09 [restartedMain] DEBUG o.s.d.m.c.i.MongoPersistentEntityIndexCreator - Analyzing class class com.MusicManager.model.Chanson for index information.
2025-02-12 20:50:09 [restartedMain] DEBUG o.s.d.m.c.i.MongoPersistentEntityIndexCreator - Analyzing class class com.MusicManager.model.Album for index information.
2025-02-12 20:50:09 [restartedMain] DEBUG o.s.d.m.c.i.MongoPersistentEntityIndexCreator - Analyzing class class com.MusicManager.model.Role for index information.
2025-02-12 20:50:09 [restartedMain] INFO  org.mongodb.driver.connection - Opened connection [connectionId{localValue:9, serverValue:15}] to localhost:27017
2025-02-12 20:50:09 [restartedMain] DEBUG c.M.security.JwtAuthenticationFilter - Filter 'jwtAuthenticationFilter' configured for use
2025-02-12 20:50:09 [restartedMain] INFO  o.s.b.d.a.OptionalLiveReloadServer - LiveReload server is running on port 35729
2025-02-12 20:50:09 [restartedMain] DEBUG o.s.data.mongodb.core.MongoTemplate - Executing count: {} in collection: roles
2025-02-12 20:50:09 [restartedMain] INFO  o.s.s.web.DefaultSecurityFilterChain - Will secure any request with [org.springframework.security.web.session.DisableEncodeUrlFilter@a2d52c6, org.springframework.security.web.context.request.async.WebAsyncManagerIntegrationFilter@331de9b0, org.springframework.security.web.context.SecurityContextPersistenceFilter@480eaab4, org.springframework.security.web.header.HeaderWriterFilter@3979f811, org.springframework.web.filter.CorsFilter@5fa69694, org.springframework.security.web.authentication.logout.LogoutFilter@3491a310, com.MusicManager.security.JwtAuthenticationFilter@50149fe9, org.springframework.security.web.savedrequest.RequestCacheAwareFilter@6dc65d06, org.springframework.security.web.servletapi.SecurityContextHolderAwareRequestFilter@1b8999df, org.springframework.security.web.authentication.AnonymousAuthenticationFilter@658511de, org.springframework.security.web.session.SessionManagementFilter@1c01ddab, org.springframework.security.web.access.ExceptionTranslationFilter@5740330, org.springframework.security.web.access.intercept.AuthorizationFilter@3c70cd2b]
2025-02-12 20:50:09 [restartedMain] INFO  o.s.b.a.e.web.EndpointLinksResolver - Exposing 1 endpoint(s) beneath base path '/actuator'
2025-02-12 20:50:09 [restartedMain] INFO  o.a.coyote.http11.Http11NioProtocol - Starting ProtocolHandler ["http-nio-8080"]
2025-02-12 20:50:09 [restartedMain] INFO  o.s.b.w.e.tomcat.TomcatWebServer - Tomcat started on port(s): 8080 (http) with context path ''
2025-02-12 20:50:09 [restartedMain] INFO  c.M.MusicManagerApplication - Started MusicManagerApplication in 1.004 seconds (JVM running for 916.268)
2025-02-12 20:50:09 [restartedMain] INFO  o.s.b.d.a.ConditionEvaluationDeltaLoggingListener - Condition evaluation unchanged
2025-02-12 20:54:39 [http-nio-8080-exec-1] INFO  o.a.c.c.C.[Tomcat].[localhost].[/] - Initializing Spring DispatcherServlet 'dispatcherServlet'
2025-02-12 20:54:39 [http-nio-8080-exec-1] INFO  o.s.web.servlet.DispatcherServlet - Initializing Servlet 'dispatcherServlet'
2025-02-12 20:54:39 [http-nio-8080-exec-1] INFO  o.s.web.servlet.DispatcherServlet - Completed initialization in 3 ms
2025-02-12 20:54:39 [http-nio-8080-exec-1] ERROR o.a.c.c.C.[.[.[.[dispatcherServlet] - Servlet.service() for servlet [dispatcherServlet] in context with path [] threw exception
io.jsonwebtoken.ExpiredJwtException: JWT expired at 2025-01-24T09:35:36Z. Current time: 2025-02-12T19:54:39Z, a difference of 1678743381 milliseconds.  Allowed clock skew: 0 milliseconds.
	at io.jsonwebtoken.impl.DefaultJwtParser.parse(DefaultJwtParser.java:427)
	at io.jsonwebtoken.impl.DefaultJwtParser.parse(DefaultJwtParser.java:529)
	at io.jsonwebtoken.impl.DefaultJwtParser.parseClaimsJws(DefaultJwtParser.java:589)
	at io.jsonwebtoken.impl.ImmutableJwtParser.parseClaimsJws(ImmutableJwtParser.java:173)
	at com.MusicManager.security.JwtService.extractAllClaims(JwtService.java:63)
	at com.MusicManager.security.JwtService.extractClaim(JwtService.java:26)
	at com.MusicManager.security.JwtService.extractUsername(JwtService.java:22)
	at com.MusicManager.security.JwtAuthenticationFilter.doFilterInternal(JwtAuthenticationFilter.java:41)
	at org.springframework.web.filter.OncePerRequestFilter.doFilter(OncePerRequestFilter.java:117)
	at org.springframework.security.web.FilterChainProxy$VirtualFilterChain.doFilter(FilterChainProxy.java:346)
	at org.springframework.security.web.authentication.logout.LogoutFilter.doFilter(LogoutFilter.java:103)
	at org.springframework.security.web.authentication.logout.LogoutFilter.doFilter(LogoutFilter.java:89)
	at org.springframework.security.web.FilterChainProxy$VirtualFilterChain.doFilter(FilterChainProxy.java:346)
	at org.springframework.web.filter.CorsFilter.doFilterInternal(CorsFilter.java:91)
	at org.springframework.web.filter.OncePerRequestFilter.doFilter(OncePerRequestFilter.java:117)
	at org.springframework.security.web.FilterChainProxy$VirtualFilterChain.doFilter(FilterChainProxy.java:346)
	at org.springframework.security.web.header.HeaderWriterFilter.doHeadersAfter(HeaderWriterFilter.java:90)
	at org.springframework.security.web.header.HeaderWriterFilter.doFilterInternal(HeaderWriterFilter.java:75)
	at org.springframework.web.filter.OncePerRequestFilter.doFilter(OncePerRequestFilter.java:117)
	at org.springframework.security.web.FilterChainProxy$VirtualFilterChain.doFilter(FilterChainProxy.java:346)
	at org.springframework.security.web.context.SecurityContextPersistenceFilter.doFilter(SecurityContextPersistenceFilter.java:112)
	at org.springframework.security.web.context.SecurityContextPersistenceFilter.doFilter(SecurityContextPersistenceFilter.java:82)
	at org.springframework.security.web.FilterChainProxy$VirtualFilterChain.doFilter(FilterChainProxy.java:346)
	at org.springframework.security.web.context.request.async.WebAsyncManagerIntegrationFilter.doFilterInternal(WebAsyncManagerIntegrationFilter.java:55)
	at org.springframework.web.filter.OncePerRequestFilter.doFilter(OncePerRequestFilter.java:117)
	at org.springframework.security.web.FilterChainProxy$VirtualFilterChain.doFilter(FilterChainProxy.java:346)
	at org.springframework.security.web.session.DisableEncodeUrlFilter.doFilterInternal(DisableEncodeUrlFilter.java:42)
	at org.springframework.web.filter.OncePerRequestFilter.doFilter(OncePerRequestFilter.java:117)
	at org.springframework.security.web.FilterChainProxy$VirtualFilterChain.doFilter(FilterChainProxy.java:346)
	at org.springframework.security.web.FilterChainProxy.doFilterInternal(FilterChainProxy.java:221)
	at org.springframework.security.web.FilterChainProxy.doFilter(FilterChainProxy.java:186)
	at org.springframework.web.filter.DelegatingFilterProxy.invokeDelegate(DelegatingFilterProxy.java:354)
	at org.springframework.web.filter.DelegatingFilterProxy.doFilter(DelegatingFilterProxy.java:267)
	at org.apache.catalina.core.ApplicationFilterChain.internalDoFilter(ApplicationFilterChain.java:178)
	at org.apache.catalina.core.ApplicationFilterChain.doFilter(ApplicationFilterChain.java:153)
	at org.springframework.web.filter.RequestContextFilter.doFilterInternal(RequestContextFilter.java:100)
	at org.springframework.web.filter.OncePerRequestFilter.doFilter(OncePerRequestFilter.java:117)
	at org.apache.catalina.core.ApplicationFilterChain.internalDoFilter(ApplicationFilterChain.java:178)
	at org.apache.catalina.core.ApplicationFilterChain.doFilter(ApplicationFilterChain.java:153)
	at org.springframework.web.filter.FormContentFilter.doFilterInternal(FormContentFilter.java:93)
	at org.springframework.web.filter.OncePerRequestFilter.doFilter(OncePerRequestFilter.java:117)
	at org.apache.catalina.core.ApplicationFilterChain.internalDoFilter(ApplicationFilterChain.java:178)
	at org.apache.catalina.core.ApplicationFilterChain.doFilter(ApplicationFilterChain.java:153)
	at org.springframework.boot.actuate.metrics.web.servlet.WebMvcMetricsFilter.doFilterInternal(WebMvcMetricsFilter.java:96)
	at org.springframework.web.filter.OncePerRequestFilter.doFilter(OncePerRequestFilter.java:117)
	at org.apache.catalina.core.ApplicationFilterChain.internalDoFilter(ApplicationFilterChain.java:178)
	at org.apache.catalina.core.ApplicationFilterChain.doFilter(ApplicationFilterChain.java:153)
	at org.springframework.web.filter.CharacterEncodingFilter.doFilterInternal(CharacterEncodingFilter.java:201)
	at org.springframework.web.filter.OncePerRequestFilter.doFilter(OncePerRequestFilter.java:117)
	at org.apache.catalina.core.ApplicationFilterChain.internalDoFilter(ApplicationFilterChain.java:178)
	at org.apache.catalina.core.ApplicationFilterChain.doFilter(ApplicationFilterChain.java:153)
	at org.apache.catalina.core.StandardWrapperValve.invoke(StandardWrapperValve.java:168)
	at org.apache.catalina.core.StandardContextValve.invoke(StandardContextValve.java:90)
	at org.apache.catalina.authenticator.AuthenticatorBase.invoke(AuthenticatorBase.java:481)
	at org.apache.catalina.core.StandardHostValve.invoke(StandardHostValve.java:130)
	at org.apache.catalina.valves.ErrorReportValve.invoke(ErrorReportValve.java:93)
	at org.apache.catalina.core.StandardEngineValve.invoke(StandardEngineValve.java:74)
	at org.apache.catalina.connector.CoyoteAdapter.service(CoyoteAdapter.java:342)
	at org.apache.coyote.http11.Http11Processor.service(Http11Processor.java:390)
	at org.apache.coyote.AbstractProcessorLight.process(AbstractProcessorLight.java:63)
	at org.apache.coyote.AbstractProtocol$ConnectionHandler.process(AbstractProtocol.java:928)
	at org.apache.tomcat.util.net.NioEndpoint$SocketProcessor.doRun(NioEndpoint.java:1794)
	at org.apache.tomcat.util.net.SocketProcessorBase.run(SocketProcessorBase.java:52)
	at org.apache.tomcat.util.threads.ThreadPoolExecutor.runWorker(ThreadPoolExecutor.java:1191)
	at org.apache.tomcat.util.threads.ThreadPoolExecutor$Worker.run(ThreadPoolExecutor.java:659)
	at org.apache.tomcat.util.threads.TaskThread$WrappingRunnable.run(TaskThread.java:61)
	at java.base/java.lang.Thread.run(Thread.java:840)
2025-02-12 21:05:32 [http-nio-8080-exec-3] ERROR o.a.c.c.C.[.[.[.[dispatcherServlet] - Servlet.service() for servlet [dispatcherServlet] in context with path [] threw exception
io.jsonwebtoken.ExpiredJwtException: JWT expired at 2025-01-24T09:35:36Z. Current time: 2025-02-12T20:05:32Z, a difference of 1679396904 milliseconds.  Allowed clock skew: 0 milliseconds.
	at io.jsonwebtoken.impl.DefaultJwtParser.parse(DefaultJwtParser.java:427)
	at io.jsonwebtoken.impl.DefaultJwtParser.parse(DefaultJwtParser.java:529)
	at io.jsonwebtoken.impl.DefaultJwtParser.parseClaimsJws(DefaultJwtParser.java:589)
	at io.jsonwebtoken.impl.ImmutableJwtParser.parseClaimsJws(ImmutableJwtParser.java:173)
	at com.MusicManager.security.JwtService.extractAllClaims(JwtService.java:63)
	at com.MusicManager.security.JwtService.extractClaim(JwtService.java:26)
	at com.MusicManager.security.JwtService.extractUsername(JwtService.java:22)
	at com.MusicManager.security.JwtAuthenticationFilter.doFilterInternal(JwtAuthenticationFilter.java:41)
	at org.springframework.web.filter.OncePerRequestFilter.doFilter(OncePerRequestFilter.java:117)
	at org.springframework.security.web.FilterChainProxy$VirtualFilterChain.doFilter(FilterChainProxy.java:346)
	at org.springframework.security.web.authentication.logout.LogoutFilter.doFilter(LogoutFilter.java:103)
	at org.springframework.security.web.authentication.logout.LogoutFilter.doFilter(LogoutFilter.java:89)
	at org.springframework.security.web.FilterChainProxy$VirtualFilterChain.doFilter(FilterChainProxy.java:346)
	at org.springframework.web.filter.CorsFilter.doFilterInternal(CorsFilter.java:91)
	at org.springframework.web.filter.OncePerRequestFilter.doFilter(OncePerRequestFilter.java:117)
	at org.springframework.security.web.FilterChainProxy$VirtualFilterChain.doFilter(FilterChainProxy.java:346)
	at org.springframework.security.web.header.HeaderWriterFilter.doHeadersAfter(HeaderWriterFilter.java:90)
	at org.springframework.security.web.header.HeaderWriterFilter.doFilterInternal(HeaderWriterFilter.java:75)
	at org.springframework.web.filter.OncePerRequestFilter.doFilter(OncePerRequestFilter.java:117)
	at org.springframework.security.web.FilterChainProxy$VirtualFilterChain.doFilter(FilterChainProxy.java:346)
	at org.springframework.security.web.context.SecurityContextPersistenceFilter.doFilter(SecurityContextPersistenceFilter.java:112)
	at org.springframework.security.web.context.SecurityContextPersistenceFilter.doFilter(SecurityContextPersistenceFilter.java:82)
	at org.springframework.security.web.FilterChainProxy$VirtualFilterChain.doFilter(FilterChainProxy.java:346)
	at org.springframework.security.web.context.request.async.WebAsyncManagerIntegrationFilter.doFilterInternal(WebAsyncManagerIntegrationFilter.java:55)
	at org.springframework.web.filter.OncePerRequestFilter.doFilter(OncePerRequestFilter.java:117)
	at org.springframework.security.web.FilterChainProxy$VirtualFilterChain.doFilter(FilterChainProxy.java:346)
	at org.springframework.security.web.session.DisableEncodeUrlFilter.doFilterInternal(DisableEncodeUrlFilter.java:42)
	at org.springframework.web.filter.OncePerRequestFilter.doFilter(OncePerRequestFilter.java:117)
	at org.springframework.security.web.FilterChainProxy$VirtualFilterChain.doFilter(FilterChainProxy.java:346)
	at org.springframework.security.web.FilterChainProxy.doFilterInternal(FilterChainProxy.java:221)
	at org.springframework.security.web.FilterChainProxy.doFilter(FilterChainProxy.java:186)
	at org.springframework.web.filter.DelegatingFilterProxy.invokeDelegate(DelegatingFilterProxy.java:354)
	at org.springframework.web.filter.DelegatingFilterProxy.doFilter(DelegatingFilterProxy.java:267)
	at org.apache.catalina.core.ApplicationFilterChain.internalDoFilter(ApplicationFilterChain.java:178)
	at org.apache.catalina.core.ApplicationFilterChain.doFilter(ApplicationFilterChain.java:153)
	at org.springframework.web.filter.RequestContextFilter.doFilterInternal(RequestContextFilter.java:100)
	at org.springframework.web.filter.OncePerRequestFilter.doFilter(OncePerRequestFilter.java:117)
	at org.apache.catalina.core.ApplicationFilterChain.internalDoFilter(ApplicationFilterChain.java:178)
	at org.apache.catalina.core.ApplicationFilterChain.doFilter(ApplicationFilterChain.java:153)
	at org.springframework.web.filter.FormContentFilter.doFilterInternal(FormContentFilter.java:93)
	at org.springframework.web.filter.OncePerRequestFilter.doFilter(OncePerRequestFilter.java:117)
	at org.apache.catalina.core.ApplicationFilterChain.internalDoFilter(ApplicationFilterChain.java:178)
	at org.apache.catalina.core.ApplicationFilterChain.doFilter(ApplicationFilterChain.java:153)
	at org.springframework.boot.actuate.metrics.web.servlet.WebMvcMetricsFilter.doFilterInternal(WebMvcMetricsFilter.java:96)
	at org.springframework.web.filter.OncePerRequestFilter.doFilter(OncePerRequestFilter.java:117)
	at org.apache.catalina.core.ApplicationFilterChain.internalDoFilter(ApplicationFilterChain.java:178)
	at org.apache.catalina.core.ApplicationFilterChain.doFilter(ApplicationFilterChain.java:153)
	at org.springframework.web.filter.CharacterEncodingFilter.doFilterInternal(CharacterEncodingFilter.java:201)
	at org.springframework.web.filter.OncePerRequestFilter.doFilter(OncePerRequestFilter.java:117)
	at org.apache.catalina.core.ApplicationFilterChain.internalDoFilter(ApplicationFilterChain.java:178)
	at org.apache.catalina.core.ApplicationFilterChain.doFilter(ApplicationFilterChain.java:153)
	at org.apache.catalina.core.StandardWrapperValve.invoke(StandardWrapperValve.java:168)
	at org.apache.catalina.core.StandardContextValve.invoke(StandardContextValve.java:90)
	at org.apache.catalina.authenticator.AuthenticatorBase.invoke(AuthenticatorBase.java:481)
	at org.apache.catalina.core.StandardHostValve.invoke(StandardHostValve.java:130)
	at org.apache.catalina.valves.ErrorReportValve.invoke(ErrorReportValve.java:93)
	at org.apache.catalina.core.StandardEngineValve.invoke(StandardEngineValve.java:74)
	at org.apache.catalina.connector.CoyoteAdapter.service(CoyoteAdapter.java:342)
	at org.apache.coyote.http11.Http11Processor.service(Http11Processor.java:390)
	at org.apache.coyote.AbstractProcessorLight.process(AbstractProcessorLight.java:63)
	at org.apache.coyote.AbstractProtocol$ConnectionHandler.process(AbstractProtocol.java:928)
	at org.apache.tomcat.util.net.NioEndpoint$SocketProcessor.doRun(NioEndpoint.java:1794)
	at org.apache.tomcat.util.net.SocketProcessorBase.run(SocketProcessorBase.java:52)
	at org.apache.tomcat.util.threads.ThreadPoolExecutor.runWorker(ThreadPoolExecutor.java:1191)
	at org.apache.tomcat.util.threads.ThreadPoolExecutor$Worker.run(ThreadPoolExecutor.java:659)
	at org.apache.tomcat.util.threads.TaskThread$WrappingRunnable.run(TaskThread.java:61)
	at java.base/java.lang.Thread.run(Thread.java:840)
2025-02-12 21:05:39 [http-nio-8080-exec-4] DEBUG o.s.d.m.r.query.MongoQueryCreator - Created query Query: { "login" : "NONE_PROVIDED"}, Fields: {}, Sort: {}
2025-02-12 21:05:39 [http-nio-8080-exec-4] DEBUG o.s.data.mongodb.core.MongoTemplate - find using query: { "login" : "NONE_PROVIDED"} fields: Document{{}} for class: class com.MusicManager.model.User in collection: users
2025-02-12 21:05:39 [http-nio-8080-exec-4] WARN  o.s.w.s.m.m.a.ExceptionHandlerExceptionResolver - Resolved [org.springframework.security.authentication.BadCredentialsException: Les identifications sont erronées]
2025-02-12 21:05:40 [http-nio-8080-exec-5] DEBUG o.s.d.m.r.query.MongoQueryCreator - Created query Query: { "login" : "NONE_PROVIDED"}, Fields: {}, Sort: {}
2025-02-12 21:05:40 [http-nio-8080-exec-5] DEBUG o.s.data.mongodb.core.MongoTemplate - find using query: { "login" : "NONE_PROVIDED"} fields: Document{{}} for class: class com.MusicManager.model.User in collection: users
2025-02-12 21:05:40 [http-nio-8080-exec-5] WARN  o.s.w.s.m.m.a.ExceptionHandlerExceptionResolver - Resolved [org.springframework.security.authentication.BadCredentialsException: Les identifications sont erronées]
2025-02-12 21:05:41 [http-nio-8080-exec-6] DEBUG o.s.d.m.r.query.MongoQueryCreator - Created query Query: { "login" : "NONE_PROVIDED"}, Fields: {}, Sort: {}
2025-02-12 21:05:41 [http-nio-8080-exec-6] DEBUG o.s.data.mongodb.core.MongoTemplate - find using query: { "login" : "NONE_PROVIDED"} fields: Document{{}} for class: class com.MusicManager.model.User in collection: users
2025-02-12 21:05:41 [http-nio-8080-exec-6] WARN  o.s.w.s.m.m.a.ExceptionHandlerExceptionResolver - Resolved [org.springframework.security.authentication.BadCredentialsException: Les identifications sont erronées]
2025-02-12 21:05:42 [http-nio-8080-exec-8] DEBUG o.s.d.m.r.query.MongoQueryCreator - Created query Query: { "login" : "NONE_PROVIDED"}, Fields: {}, Sort: {}
2025-02-12 21:05:42 [http-nio-8080-exec-8] DEBUG o.s.data.mongodb.core.MongoTemplate - find using query: { "login" : "NONE_PROVIDED"} fields: Document{{}} for class: class com.MusicManager.model.User in collection: users
2025-02-12 21:05:42 [http-nio-8080-exec-8] WARN  o.s.w.s.m.m.a.ExceptionHandlerExceptionResolver - Resolved [org.springframework.security.authentication.BadCredentialsException: Les identifications sont erronées]
2025-02-12 21:05:42 [http-nio-8080-exec-7] DEBUG o.s.d.m.r.query.MongoQueryCreator - Created query Query: { "login" : "NONE_PROVIDED"}, Fields: {}, Sort: {}
2025-02-12 21:05:42 [http-nio-8080-exec-7] DEBUG o.s.data.mongodb.core.MongoTemplate - find using query: { "login" : "NONE_PROVIDED"} fields: Document{{}} for class: class com.MusicManager.model.User in collection: users
2025-02-12 21:05:42 [http-nio-8080-exec-7] WARN  o.s.w.s.m.m.a.ExceptionHandlerExceptionResolver - Resolved [org.springframework.security.authentication.BadCredentialsException: Les identifications sont erronées]
2025-02-12 21:05:43 [http-nio-8080-exec-10] DEBUG o.s.d.m.r.query.MongoQueryCreator - Created query Query: { "login" : "NONE_PROVIDED"}, Fields: {}, Sort: {}
2025-02-12 21:05:43 [http-nio-8080-exec-10] DEBUG o.s.data.mongodb.core.MongoTemplate - find using query: { "login" : "NONE_PROVIDED"} fields: Document{{}} for class: class com.MusicManager.model.User in collection: users
2025-02-12 21:05:43 [http-nio-8080-exec-10] WARN  o.s.w.s.m.m.a.ExceptionHandlerExceptionResolver - Resolved [org.springframework.security.authentication.BadCredentialsException: Les identifications sont erronées]
2025-02-12 21:05:43 [http-nio-8080-exec-9] DEBUG o.s.d.m.r.query.MongoQueryCreator - Created query Query: { "login" : "NONE_PROVIDED"}, Fields: {}, Sort: {}
2025-02-12 21:05:43 [http-nio-8080-exec-9] DEBUG o.s.data.mongodb.core.MongoTemplate - find using query: { "login" : "NONE_PROVIDED"} fields: Document{{}} for class: class com.MusicManager.model.User in collection: users
2025-02-12 21:05:43 [http-nio-8080-exec-9] WARN  o.s.w.s.m.m.a.ExceptionHandlerExceptionResolver - Resolved [org.springframework.security.authentication.BadCredentialsException: Les identifications sont erronées]
2025-02-12 21:05:43 [http-nio-8080-exec-1] DEBUG o.s.d.m.r.query.MongoQueryCreator - Created query Query: { "login" : "NONE_PROVIDED"}, Fields: {}, Sort: {}
2025-02-12 21:05:43 [http-nio-8080-exec-1] DEBUG o.s.data.mongodb.core.MongoTemplate - find using query: { "login" : "NONE_PROVIDED"} fields: Document{{}} for class: class com.MusicManager.model.User in collection: users
2025-02-12 21:05:43 [http-nio-8080-exec-1] WARN  o.s.w.s.m.m.a.ExceptionHandlerExceptionResolver - Resolved [org.springframework.security.authentication.BadCredentialsException: Les identifications sont erronées]
2025-02-12 21:05:44 [http-nio-8080-exec-2] DEBUG o.s.d.m.r.query.MongoQueryCreator - Created query Query: { "login" : "NONE_PROVIDED"}, Fields: {}, Sort: {}
2025-02-12 21:05:44 [http-nio-8080-exec-2] DEBUG o.s.data.mongodb.core.MongoTemplate - find using query: { "login" : "NONE_PROVIDED"} fields: Document{{}} for class: class com.MusicManager.model.User in collection: users
2025-02-12 21:05:44 [http-nio-8080-exec-2] WARN  o.s.w.s.m.m.a.ExceptionHandlerExceptionResolver - Resolved [org.springframework.security.authentication.BadCredentialsException: Les identifications sont erronées]
2025-02-12 21:05:47 [http-nio-8080-exec-4] DEBUG o.s.d.m.r.query.MongoQueryCreator - Created query Query: { "login" : "NONE_PROVIDED"}, Fields: {}, Sort: {}
2025-02-12 21:05:47 [http-nio-8080-exec-4] DEBUG o.s.data.mongodb.core.MongoTemplate - find using query: { "login" : "NONE_PROVIDED"} fields: Document{{}} for class: class com.MusicManager.model.User in collection: users
2025-02-12 21:05:47 [http-nio-8080-exec-4] WARN  o.s.w.s.m.m.a.ExceptionHandlerExceptionResolver - Resolved [org.springframework.security.authentication.BadCredentialsException: Les identifications sont erronées]
2025-02-12 21:06:53 [http-nio-8080-exec-8] DEBUG o.s.d.m.r.query.MongoQueryCreator - Created query Query: { "login" : "kenza"}, Fields: {}, Sort: {}
2025-02-12 21:06:53 [http-nio-8080-exec-8] DEBUG o.s.data.mongodb.core.MongoTemplate - find using query: { "login" : "kenza"} fields: Document{{}} for class: class com.MusicManager.model.User in collection: users
2025-02-12 21:06:53 [http-nio-8080-exec-8] DEBUG o.s.d.m.r.query.MongoQueryCreator - Created query Query: { "login" : "kenza"}, Fields: {}, Sort: {}
2025-02-12 21:06:53 [http-nio-8080-exec-8] DEBUG o.s.data.mongodb.core.MongoTemplate - find using query: { "login" : "kenza"} fields: Document{{}} for class: class com.MusicManager.model.User in collection: users
2025-02-12 21:16:40 [http-nio-8080-exec-10] DEBUG o.s.d.m.r.query.MongoQueryCreator - Created query Query: { "login" : "asmaabarj5@gmail.com"}, Fields: {}, Sort: {}
2025-02-12 21:16:40 [http-nio-8080-exec-10] DEBUG o.s.data.mongodb.core.MongoTemplate - find using query: { "login" : "asmaabarj5@gmail.com"} fields: Document{{}} for class: class com.MusicManager.model.User in collection: users
2025-02-12 21:16:40 [http-nio-8080-exec-10] WARN  o.s.w.s.m.m.a.ExceptionHandlerExceptionResolver - Resolved [org.springframework.security.authentication.BadCredentialsException: Les identifications sont erronées]
2025-02-12 21:16:41 [http-nio-8080-exec-9] DEBUG o.s.d.m.r.query.MongoQueryCreator - Created query Query: { "login" : "asmaabarj5@gmail.com"}, Fields: {}, Sort: {}
2025-02-12 21:16:41 [http-nio-8080-exec-9] DEBUG o.s.data.mongodb.core.MongoTemplate - find using query: { "login" : "asmaabarj5@gmail.com"} fields: Document{{}} for class: class com.MusicManager.model.User in collection: users
2025-02-12 21:16:42 [http-nio-8080-exec-9] WARN  o.s.w.s.m.m.a.ExceptionHandlerExceptionResolver - Resolved [org.springframework.security.authentication.BadCredentialsException: Les identifications sont erronées]
2025-02-12 21:17:22 [http-nio-8080-exec-1] DEBUG o.s.d.m.r.query.MongoQueryCreator - Created query Query: { "login" : "kenza"}, Fields: {}, Sort: {}
2025-02-12 21:17:22 [http-nio-8080-exec-1] DEBUG o.s.data.mongodb.core.MongoTemplate - find using query: { "login" : "kenza"} fields: Document{{}} for class: class com.MusicManager.model.User in collection: users
2025-02-12 21:17:22 [http-nio-8080-exec-1] DEBUG o.s.d.m.r.query.MongoQueryCreator - Created query Query: { "login" : "kenza"}, Fields: {}, Sort: {}
2025-02-12 21:17:22 [http-nio-8080-exec-1] DEBUG o.s.data.mongodb.core.MongoTemplate - find using query: { "login" : "kenza"} fields: Document{{}} for class: class com.MusicManager.model.User in collection: users
2025-02-12 21:17:31 [http-nio-8080-exec-3] DEBUG o.s.d.m.r.query.MongoQueryCreator - Created query Query: { "login" : "kenza"}, Fields: {}, Sort: {}
2025-02-12 21:17:31 [http-nio-8080-exec-3] DEBUG o.s.data.mongodb.core.MongoTemplate - find using query: { "login" : "kenza"} fields: Document{{}} for class: class com.MusicManager.model.User in collection: users
2025-02-12 21:19:25 [http-nio-8080-exec-5] DEBUG o.s.d.m.r.query.MongoQueryCreator - Created query Query: { "login" : "kenza"}, Fields: {}, Sort: {}
2025-02-12 21:19:25 [http-nio-8080-exec-5] DEBUG o.s.data.mongodb.core.MongoTemplate - find using query: { "login" : "kenza"} fields: Document{{}} for class: class com.MusicManager.model.User in collection: users
2025-02-12 21:19:25 [http-nio-8080-exec-5] DEBUG o.s.d.m.r.query.MongoQueryCreator - Created query Query: { "login" : "kenza"}, Fields: {}, Sort: {}
2025-02-12 21:19:25 [http-nio-8080-exec-5] DEBUG o.s.data.mongodb.core.MongoTemplate - find using query: { "login" : "kenza"} fields: Document{{}} for class: class com.MusicManager.model.User in collection: users
2025-02-12 21:23:42 [File Watcher] INFO  o.s.b.d.a.LocalDevToolsAutoConfiguration$RestartingClassPathChangeChangedEventListener - Restarting due to 4 class path changes (0 additions, 0 deletions, 4 modifications)
2025-02-12 21:23:42 [Thread-11] INFO  o.a.coyote.http11.Http11NioProtocol - Pausing ProtocolHandler ["http-nio-8080"]
2025-02-12 21:23:42 [Thread-11] INFO  o.a.catalina.core.StandardService - Stopping service [Tomcat]
2025-02-12 21:23:42 [Thread-11] INFO  o.a.c.c.C.[Tomcat].[localhost].[/] - Destroying Spring FrameworkServlet 'dispatcherServlet'
2025-02-12 21:23:42 [Thread-11] WARN  o.a.c.loader.WebappClassLoaderBase - The web application [ROOT] appears to have started a thread named [cluster-ClusterId{value='67acfb71bc00903f950cf46e', description='null'}-localhost:27017] but has failed to stop it. This is very likely to create a memory leak. Stack trace of thread:
 java.base@17.0.12/sun.nio.ch.Net.poll(Native Method)
 java.base@17.0.12/sun.nio.ch.NioSocketImpl.park(NioSocketImpl.java:186)
 java.base@17.0.12/sun.nio.ch.NioSocketImpl.timedRead(NioSocketImpl.java:290)
 java.base@17.0.12/sun.nio.ch.NioSocketImpl.implRead(NioSocketImpl.java:314)
 java.base@17.0.12/sun.nio.ch.NioSocketImpl.read(NioSocketImpl.java:355)
 java.base@17.0.12/sun.nio.ch.NioSocketImpl$1.read(NioSocketImpl.java:808)
 java.base@17.0.12/java.net.Socket$SocketInputStream.read(Socket.java:966)
 app//com.mongodb.internal.connection.SocketStream.read(SocketStream.java:110)
 app//com.mongodb.internal.connection.SocketStream.read(SocketStream.java:135)
 app//com.mongodb.internal.connection.InternalStreamConnection.receiveResponseBuffers(InternalStreamConnection.java:713)
 app//com.mongodb.internal.connection.InternalStreamConnection.receiveMessageWithAdditionalTimeout(InternalStreamConnection.java:571)
 app//com.mongodb.internal.connection.InternalStreamConnection.receiveCommandMessageResponse(InternalStreamConnection.java:410)
 app//com.mongodb.internal.connection.InternalStreamConnection.receive(InternalStreamConnection.java:369)
 app//com.mongodb.internal.connection.DefaultServerMonitor$ServerMonitorRunnable.lookupServerDescription(DefaultServerMonitor.java:221)
 app//com.mongodb.internal.connection.DefaultServerMonitor$ServerMonitorRunnable.run(DefaultServerMonitor.java:157)
 java.base@17.0.12/java.lang.Thread.run(Thread.java:840)
2025-02-12 21:23:42 [Thread-11] WARN  o.a.c.loader.WebappClassLoaderBase - The web application [ROOT] appears to have started a thread named [cluster-rtt-ClusterId{value='67acfb71bc00903f950cf46e', description='null'}-localhost:27017] but has failed to stop it. This is very likely to create a memory leak. Stack trace of thread:
 java.base@17.0.12/java.lang.Thread.sleep(Native Method)
 app//com.mongodb.internal.connection.DefaultServerMonitor.waitForNext(DefaultServerMonitor.java:443)
 app//com.mongodb.internal.connection.DefaultServerMonitor.access$1500(DefaultServerMonitor.java:64)
 app//com.mongodb.internal.connection.DefaultServerMonitor$RoundTripTimeRunnable.run(DefaultServerMonitor.java:415)
 java.base@17.0.12/java.lang.Thread.run(Thread.java:840)
2025-02-12 21:23:42 [Thread-11] WARN  o.a.c.loader.WebappClassLoaderBase - The web application [ROOT] appears to have started a thread named [MaintenanceTimer-4-thread-1] but has failed to stop it. This is very likely to create a memory leak. Stack trace of thread:
 java.base@17.0.12/jdk.internal.misc.Unsafe.park(Native Method)
 java.base@17.0.12/java.util.concurrent.locks.LockSupport.parkNanos(LockSupport.java:252)
 java.base@17.0.12/java.util.concurrent.locks.AbstractQueuedSynchronizer$ConditionObject.awaitNanos(AbstractQueuedSynchronizer.java:1674)
 java.base@17.0.12/java.util.concurrent.ScheduledThreadPoolExecutor$DelayedWorkQueue.take(ScheduledThreadPoolExecutor.java:1182)
 java.base@17.0.12/java.util.concurrent.ScheduledThreadPoolExecutor$DelayedWorkQueue.take(ScheduledThreadPoolExecutor.java:899)
 java.base@17.0.12/java.util.concurrent.ThreadPoolExecutor.getTask(ThreadPoolExecutor.java:1062)
 java.base@17.0.12/java.util.concurrent.ThreadPoolExecutor.runWorker(ThreadPoolExecutor.java:1122)
 java.base@17.0.12/java.util.concurrent.ThreadPoolExecutor$Worker.run(ThreadPoolExecutor.java:635)
 java.base@17.0.12/java.lang.Thread.run(Thread.java:840)
2025-02-12 21:23:42 [Thread-11] INFO  o.a.coyote.http11.Http11NioProtocol - Stopping ProtocolHandler ["http-nio-8080"]
2025-02-12 21:23:42 [Thread-11] INFO  o.a.coyote.http11.Http11NioProtocol - Destroying ProtocolHandler ["http-nio-8080"]
2025-02-12 21:23:42 [restartedMain] INFO  c.M.MusicManagerApplication - Starting MusicManagerApplication using Java 17.0.12 on LAPTOP-ICGVSVEA with PID 23312 (C:\Users\ycode\Streamify\back-end\target\classes started by ycode in C:\Users\ycode\Streamify\back-end)
2025-02-12 21:23:42 [restartedMain] DEBUG c.M.MusicManagerApplication - Running with Spring Boot v2.7.18, Spring v5.3.31
2025-02-12 21:23:42 [restartedMain] INFO  c.M.MusicManagerApplication - The following 1 profile is active: "prod"
2025-02-12 21:23:42 [restartedMain] INFO  o.s.d.r.c.RepositoryConfigurationDelegate - Bootstrapping Spring Data MongoDB repositories in DEFAULT mode.
2025-02-12 21:23:42 [restartedMain] INFO  o.s.d.r.c.RepositoryConfigurationDelegate - Finished Spring Data repository scanning in 37 ms. Found 4 MongoDB repository interfaces.
2025-02-12 21:23:42 [restartedMain] INFO  o.s.b.w.e.tomcat.TomcatWebServer - Tomcat initialized with port(s): 8080 (http)
2025-02-12 21:23:42 [restartedMain] INFO  o.a.coyote.http11.Http11NioProtocol - Initializing ProtocolHandler ["http-nio-8080"]
2025-02-12 21:23:42 [restartedMain] INFO  o.a.catalina.core.StandardService - Starting service [Tomcat]
2025-02-12 21:23:42 [restartedMain] INFO  o.a.catalina.core.StandardEngine - Starting Servlet engine: [Apache Tomcat/9.0.83]
2025-02-12 21:23:42 [restartedMain] INFO  o.a.c.c.C.[Tomcat].[localhost].[/] - Initializing Spring embedded WebApplicationContext
2025-02-12 21:23:42 [restartedMain] INFO  o.s.b.w.s.c.ServletWebServerApplicationContext - Root WebApplicationContext: initialization completed in 542 ms
2025-02-12 21:23:42 [restartedMain] INFO  org.mongodb.driver.client - MongoClient with metadata {"driver": {"name": "mongo-java-driver|sync|spring-boot", "version": "4.6.1"}, "os": {"type": "Windows", "name": "Windows 11", "architecture": "amd64", "version": "10.0"}, "platform": "Java/Eclipse Adoptium/17.0.12+7"} created with settings MongoClientSettings{readPreference=primary, writeConcern=WriteConcern{w=null, wTimeout=null ms, journal=null}, retryWrites=true, retryReads=true, readConcern=ReadConcern{level=null}, credential=null, streamFactoryFactory=null, commandListeners=[io.micrometer.core.instrument.binder.mongodb.MongoMetricsCommandListener@7d2715bd], codecRegistry=ProvidersCodecRegistry{codecProviders=[ValueCodecProvider{}, BsonValueCodecProvider{}, DBRefCodecProvider{}, DBObjectCodecProvider{}, DocumentCodecProvider{}, IterableCodecProvider{}, MapCodecProvider{}, GeoJsonCodecProvider{}, GridFSFileCodecProvider{}, Jsr310CodecProvider{}, JsonObjectCodecProvider{}, BsonCodecProvider{}, EnumCodecProvider{}, com.mongodb.Jep395RecordCodecProvider@23940c1d]}, clusterSettings={hosts=[localhost:27017], srvServiceName=mongodb, mode=SINGLE, requiredClusterType=UNKNOWN, requiredReplicaSetName='null', serverSelector='null', clusterListeners='[]', serverSelectionTimeout='30000 ms', localThreshold='30000 ms'}, socketSettings=SocketSettings{connectTimeoutMS=10000, readTimeoutMS=0, receiveBufferSize=0, sendBufferSize=0}, heartbeatSocketSettings=SocketSettings{connectTimeoutMS=10000, readTimeoutMS=10000, receiveBufferSize=0, sendBufferSize=0}, connectionPoolSettings=ConnectionPoolSettings{maxSize=100, minSize=0, maxWaitTimeMS=120000, maxConnectionLifeTimeMS=0, maxConnectionIdleTimeMS=0, maintenanceInitialDelayMS=0, maintenanceFrequencyMS=60000, connectionPoolListeners=[io.micrometer.core.instrument.binder.mongodb.MongoMetricsConnectionPoolListener@735152dd], maxConnecting=2}, serverSettings=ServerSettings{heartbeatFrequencyMS=10000, minHeartbeatFrequencyMS=500, serverListeners='[]', serverMonitorListeners='[]'}, sslSettings=SslSettings{enabled=false, invalidHostNameAllowed=false, context=null}, applicationName='null', compressorList=[], uuidRepresentation=JAVA_LEGACY, serverApi=null, autoEncryptionSettings=null, contextProvider=null}
2025-02-12 21:23:42 [cluster-ClusterId{value='67ad034ebc00903f950cf46f', description='null'}-localhost:27017] INFO  org.mongodb.driver.connection - Opened connection [connectionId{localValue:10, serverValue:16}] to localhost:27017
2025-02-12 21:23:42 [cluster-rtt-ClusterId{value='67ad034ebc00903f950cf46f', description='null'}-localhost:27017] INFO  org.mongodb.driver.connection - Opened connection [connectionId{localValue:11, serverValue:17}] to localhost:27017
2025-02-12 21:23:42 [cluster-ClusterId{value='67ad034ebc00903f950cf46f', description='null'}-localhost:27017] INFO  org.mongodb.driver.cluster - Monitor thread successfully connected to server with description ServerDescription{address=localhost:27017, type=STANDALONE, state=CONNECTED, ok=true, minWireVersion=0, maxWireVersion=21, maxDocumentSize=16777216, logicalSessionTimeoutMinutes=30, roundTripTimeNanos=1330600}
2025-02-12 21:23:42 [restartedMain] DEBUG o.s.d.m.c.i.MongoPersistentEntityIndexCreator - Analyzing class class com.MusicManager.model.User for index information.
2025-02-12 21:23:42 [restartedMain] DEBUG o.s.d.m.c.i.MongoPersistentEntityIndexCreator - Analyzing class class com.MusicManager.model.Album for index information.
2025-02-12 21:23:42 [restartedMain] DEBUG o.s.d.m.c.i.MongoPersistentEntityIndexCreator - Analyzing class class com.MusicManager.model.Role for index information.
2025-02-12 21:23:42 [restartedMain] INFO  org.mongodb.driver.connection - Opened connection [connectionId{localValue:12, serverValue:18}] to localhost:27017
2025-02-12 21:23:42 [restartedMain] DEBUG o.s.d.m.c.i.MongoPersistentEntityIndexCreator - Analyzing class class com.MusicManager.model.Chanson for index information.
2025-02-12 21:23:42 [restartedMain] DEBUG c.M.security.JwtAuthenticationFilter - Filter 'jwtAuthenticationFilter' configured for use
2025-02-12 21:23:42 [restartedMain] INFO  o.s.b.d.a.OptionalLiveReloadServer - LiveReload server is running on port 35729
2025-02-12 21:23:42 [restartedMain] DEBUG o.s.data.mongodb.core.MongoTemplate - Executing count: {} in collection: roles
2025-02-12 21:23:43 [restartedMain] INFO  o.s.s.web.DefaultSecurityFilterChain - Will secure any request with [org.springframework.security.web.session.DisableEncodeUrlFilter@4e3be522, org.springframework.security.web.context.request.async.WebAsyncManagerIntegrationFilter@7003efa8, org.springframework.security.web.context.SecurityContextPersistenceFilter@4b5768f3, org.springframework.security.web.header.HeaderWriterFilter@603a7b1f, org.springframework.web.filter.CorsFilter@aa22bcb, org.springframework.security.web.authentication.logout.LogoutFilter@60123393, com.MusicManager.security.JwtAuthenticationFilter@1df502e2, org.springframework.security.web.savedrequest.RequestCacheAwareFilter@5b79b7f7, org.springframework.security.web.servletapi.SecurityContextHolderAwareRequestFilter@68a8cd04, org.springframework.security.web.authentication.AnonymousAuthenticationFilter@78034620, org.springframework.security.web.session.SessionManagementFilter@223b533c, org.springframework.security.web.access.ExceptionTranslationFilter@427a4896, org.springframework.security.web.access.intercept.AuthorizationFilter@2f2bbf00]
2025-02-12 21:23:43 [restartedMain] INFO  o.s.b.a.e.web.EndpointLinksResolver - Exposing 1 endpoint(s) beneath base path '/actuator'
2025-02-12 21:23:43 [restartedMain] INFO  o.a.coyote.http11.Http11NioProtocol - Starting ProtocolHandler ["http-nio-8080"]
2025-02-12 21:23:43 [restartedMain] INFO  o.s.b.w.e.tomcat.TomcatWebServer - Tomcat started on port(s): 8080 (http) with context path ''
2025-02-12 21:23:43 [restartedMain] INFO  c.M.MusicManagerApplication - Started MusicManagerApplication in 1.058 seconds (JVM running for 2929.857)
2025-02-12 21:23:43 [restartedMain] INFO  o.s.b.d.a.ConditionEvaluationDeltaLoggingListener - Condition evaluation unchanged
2025-02-12 21:30:24 [http-nio-8080-exec-1] INFO  o.a.c.c.C.[Tomcat].[localhost].[/] - Initializing Spring DispatcherServlet 'dispatcherServlet'
2025-02-12 21:30:24 [http-nio-8080-exec-1] INFO  o.s.web.servlet.DispatcherServlet - Initializing Servlet 'dispatcherServlet'
2025-02-12 21:30:24 [http-nio-8080-exec-1] INFO  o.s.web.servlet.DispatcherServlet - Completed initialization in 2 ms
2025-02-12 21:30:24 [http-nio-8080-exec-2] DEBUG o.s.d.m.r.query.MongoQueryCreator - Created query Query: { "login" : "kenza"}, Fields: {}, Sort: {}
2025-02-12 21:30:24 [http-nio-8080-exec-2] DEBUG o.s.data.mongodb.core.MongoTemplate - find using query: { "login" : "kenza"} fields: Document{{}} for class: class com.MusicManager.model.User in collection: users
2025-02-12 21:31:37 [http-nio-8080-exec-5] DEBUG o.s.d.m.r.query.MongoQueryCreator - Created query Query: { "login" : "kenza"}, Fields: {}, Sort: {}
2025-02-12 21:31:37 [http-nio-8080-exec-5] DEBUG o.s.data.mongodb.core.MongoTemplate - find using query: { "login" : "kenza"} fields: Document{{}} for class: class com.MusicManager.model.User in collection: users
2025-02-12 21:31:37 [http-nio-8080-exec-5] DEBUG o.s.d.m.r.query.MongoQueryCreator - Created query Query: { "login" : "kenza"}, Fields: {}, Sort: {}
2025-02-12 21:31:37 [http-nio-8080-exec-5] DEBUG o.s.data.mongodb.core.MongoTemplate - find using query: { "login" : "kenza"} fields: Document{{}} for class: class com.MusicManager.model.User in collection: users
2025-02-12 21:31:37 [http-nio-8080-exec-7] DEBUG o.s.d.m.r.query.MongoQueryCreator - Created query Query: { "login" : "kenza"}, Fields: {}, Sort: {}
2025-02-12 21:31:37 [http-nio-8080-exec-7] DEBUG o.s.data.mongodb.core.MongoTemplate - find using query: { "login" : "kenza"} fields: Document{{}} for class: class com.MusicManager.model.User in collection: users
2025-02-12 21:31:37 [http-nio-8080-exec-7] DEBUG o.s.data.mongodb.core.MongoTemplate - Executing count: {} in collection: chansons
2025-02-12 21:31:37 [http-nio-8080-exec-7] DEBUG o.s.data.mongodb.core.MongoTemplate - find using query: {} fields: Document{{}} for class: class com.MusicManager.model.Chanson in collection: chansons
2025-02-12 21:35:05 [http-nio-8080-exec-8] DEBUG o.s.d.m.r.query.MongoQueryCreator - Created query Query: { "login" : "kenza"}, Fields: {}, Sort: {}
2025-02-12 21:35:05 [http-nio-8080-exec-8] DEBUG o.s.data.mongodb.core.MongoTemplate - find using query: { "login" : "kenza"} fields: Document{{}} for class: class com.MusicManager.model.User in collection: users
2025-02-12 21:35:16 [File Watcher] INFO  o.s.b.d.a.LocalDevToolsAutoConfiguration$RestartingClassPathChangeChangedEventListener - Restarting due to 4 class path changes (0 additions, 0 deletions, 4 modifications)
2025-02-12 21:35:16 [Thread-15] INFO  o.a.coyote.http11.Http11NioProtocol - Pausing ProtocolHandler ["http-nio-8080"]
2025-02-12 21:35:16 [Thread-15] INFO  o.a.catalina.core.StandardService - Stopping service [Tomcat]
2025-02-12 21:35:16 [Thread-15] INFO  o.a.c.c.C.[Tomcat].[localhost].[/] - Destroying Spring FrameworkServlet 'dispatcherServlet'
2025-02-12 21:35:16 [Thread-15] WARN  o.a.c.loader.WebappClassLoaderBase - The web application [ROOT] appears to have started a thread named [cluster-ClusterId{value='67ad034ebc00903f950cf46f', description='null'}-localhost:27017] but has failed to stop it. This is very likely to create a memory leak. Stack trace of thread:
 java.base@17.0.12/sun.nio.ch.Net.poll(Native Method)
 java.base@17.0.12/sun.nio.ch.NioSocketImpl.park(NioSocketImpl.java:186)
 java.base@17.0.12/sun.nio.ch.NioSocketImpl.timedRead(NioSocketImpl.java:290)
 java.base@17.0.12/sun.nio.ch.NioSocketImpl.implRead(NioSocketImpl.java:314)
 java.base@17.0.12/sun.nio.ch.NioSocketImpl.read(NioSocketImpl.java:355)
 java.base@17.0.12/sun.nio.ch.NioSocketImpl$1.read(NioSocketImpl.java:808)
 java.base@17.0.12/java.net.Socket$SocketInputStream.read(Socket.java:966)
 app//com.mongodb.internal.connection.SocketStream.read(SocketStream.java:110)
 app//com.mongodb.internal.connection.SocketStream.read(SocketStream.java:135)
 app//com.mongodb.internal.connection.InternalStreamConnection.receiveResponseBuffers(InternalStreamConnection.java:713)
 app//com.mongodb.internal.connection.InternalStreamConnection.receiveMessageWithAdditionalTimeout(InternalStreamConnection.java:571)
 app//com.mongodb.internal.connection.InternalStreamConnection.receiveCommandMessageResponse(InternalStreamConnection.java:410)
 app//com.mongodb.internal.connection.InternalStreamConnection.receive(InternalStreamConnection.java:369)
 app//com.mongodb.internal.connection.DefaultServerMonitor$ServerMonitorRunnable.lookupServerDescription(DefaultServerMonitor.java:221)
 app//com.mongodb.internal.connection.DefaultServerMonitor$ServerMonitorRunnable.run(DefaultServerMonitor.java:157)
 java.base@17.0.12/java.lang.Thread.run(Thread.java:840)
2025-02-12 21:35:16 [Thread-15] WARN  o.a.c.loader.WebappClassLoaderBase - The web application [ROOT] appears to have started a thread named [cluster-rtt-ClusterId{value='67ad034ebc00903f950cf46f', description='null'}-localhost:27017] but has failed to stop it. This is very likely to create a memory leak. Stack trace of thread:
 java.base@17.0.12/java.lang.Thread.sleep(Native Method)
 app//com.mongodb.internal.connection.DefaultServerMonitor.waitForNext(DefaultServerMonitor.java:443)
 app//com.mongodb.internal.connection.DefaultServerMonitor.access$1500(DefaultServerMonitor.java:64)
 app//com.mongodb.internal.connection.DefaultServerMonitor$RoundTripTimeRunnable.run(DefaultServerMonitor.java:415)
 java.base@17.0.12/java.lang.Thread.run(Thread.java:840)
2025-02-12 21:35:16 [Thread-15] WARN  o.a.c.loader.WebappClassLoaderBase - The web application [ROOT] appears to have started a thread named [MaintenanceTimer-5-thread-1] but has failed to stop it. This is very likely to create a memory leak. Stack trace of thread:
 java.base@17.0.12/jdk.internal.misc.Unsafe.park(Native Method)
 java.base@17.0.12/java.util.concurrent.locks.LockSupport.parkNanos(LockSupport.java:252)
 java.base@17.0.12/java.util.concurrent.locks.AbstractQueuedSynchronizer$ConditionObject.awaitNanos(AbstractQueuedSynchronizer.java:1674)
 java.base@17.0.12/java.util.concurrent.ScheduledThreadPoolExecutor$DelayedWorkQueue.take(ScheduledThreadPoolExecutor.java:1182)
 java.base@17.0.12/java.util.concurrent.ScheduledThreadPoolExecutor$DelayedWorkQueue.take(ScheduledThreadPoolExecutor.java:899)
 java.base@17.0.12/java.util.concurrent.ThreadPoolExecutor.getTask(ThreadPoolExecutor.java:1062)
 java.base@17.0.12/java.util.concurrent.ThreadPoolExecutor.runWorker(ThreadPoolExecutor.java:1122)
 java.base@17.0.12/java.util.concurrent.ThreadPoolExecutor$Worker.run(ThreadPoolExecutor.java:635)
 java.base@17.0.12/java.lang.Thread.run(Thread.java:840)
2025-02-12 21:35:16 [Thread-15] INFO  o.a.coyote.http11.Http11NioProtocol - Stopping ProtocolHandler ["http-nio-8080"]
2025-02-12 21:35:16 [Thread-15] INFO  o.a.coyote.http11.Http11NioProtocol - Destroying ProtocolHandler ["http-nio-8080"]
2025-02-12 21:35:16 [restartedMain] INFO  c.M.MusicManagerApplication - Starting MusicManagerApplication using Java 17.0.12 on LAPTOP-ICGVSVEA with PID 23312 (C:\Users\ycode\Streamify\back-end\target\classes started by ycode in C:\Users\ycode\Streamify\back-end)
2025-02-12 21:35:16 [restartedMain] DEBUG c.M.MusicManagerApplication - Running with Spring Boot v2.7.18, Spring v5.3.31
2025-02-12 21:35:16 [restartedMain] INFO  c.M.MusicManagerApplication - The following 1 profile is active: "prod"
2025-02-12 21:35:17 [restartedMain] INFO  o.s.d.r.c.RepositoryConfigurationDelegate - Bootstrapping Spring Data MongoDB repositories in DEFAULT mode.
2025-02-12 21:35:17 [restartedMain] INFO  o.s.d.r.c.RepositoryConfigurationDelegate - Finished Spring Data repository scanning in 43 ms. Found 4 MongoDB repository interfaces.
2025-02-12 21:35:17 [restartedMain] INFO  o.s.b.w.e.tomcat.TomcatWebServer - Tomcat initialized with port(s): 8080 (http)
2025-02-12 21:35:17 [restartedMain] INFO  o.a.coyote.http11.Http11NioProtocol - Initializing ProtocolHandler ["http-nio-8080"]
2025-02-12 21:35:17 [restartedMain] INFO  o.a.catalina.core.StandardService - Starting service [Tomcat]
2025-02-12 21:35:17 [restartedMain] INFO  o.a.catalina.core.StandardEngine - Starting Servlet engine: [Apache Tomcat/9.0.83]
2025-02-12 21:35:17 [restartedMain] INFO  o.a.c.c.C.[Tomcat].[localhost].[/] - Initializing Spring embedded WebApplicationContext
2025-02-12 21:35:17 [restartedMain] INFO  o.s.b.w.s.c.ServletWebServerApplicationContext - Root WebApplicationContext: initialization completed in 584 ms
2025-02-12 21:35:17 [restartedMain] INFO  org.mongodb.driver.client - MongoClient with metadata {"driver": {"name": "mongo-java-driver|sync|spring-boot", "version": "4.6.1"}, "os": {"type": "Windows", "name": "Windows 11", "architecture": "amd64", "version": "10.0"}, "platform": "Java/Eclipse Adoptium/17.0.12+7"} created with settings MongoClientSettings{readPreference=primary, writeConcern=WriteConcern{w=null, wTimeout=null ms, journal=null}, retryWrites=true, retryReads=true, readConcern=ReadConcern{level=null}, credential=null, streamFactoryFactory=null, commandListeners=[io.micrometer.core.instrument.binder.mongodb.MongoMetricsCommandListener@33349440], codecRegistry=ProvidersCodecRegistry{codecProviders=[ValueCodecProvider{}, BsonValueCodecProvider{}, DBRefCodecProvider{}, DBObjectCodecProvider{}, DocumentCodecProvider{}, IterableCodecProvider{}, MapCodecProvider{}, GeoJsonCodecProvider{}, GridFSFileCodecProvider{}, Jsr310CodecProvider{}, JsonObjectCodecProvider{}, BsonCodecProvider{}, EnumCodecProvider{}, com.mongodb.Jep395RecordCodecProvider@23940c1d]}, clusterSettings={hosts=[localhost:27017], srvServiceName=mongodb, mode=SINGLE, requiredClusterType=UNKNOWN, requiredReplicaSetName='null', serverSelector='null', clusterListeners='[]', serverSelectionTimeout='30000 ms', localThreshold='30000 ms'}, socketSettings=SocketSettings{connectTimeoutMS=10000, readTimeoutMS=0, receiveBufferSize=0, sendBufferSize=0}, heartbeatSocketSettings=SocketSettings{connectTimeoutMS=10000, readTimeoutMS=10000, receiveBufferSize=0, sendBufferSize=0}, connectionPoolSettings=ConnectionPoolSettings{maxSize=100, minSize=0, maxWaitTimeMS=120000, maxConnectionLifeTimeMS=0, maxConnectionIdleTimeMS=0, maintenanceInitialDelayMS=0, maintenanceFrequencyMS=60000, connectionPoolListeners=[io.micrometer.core.instrument.binder.mongodb.MongoMetricsConnectionPoolListener@198ea455], maxConnecting=2}, serverSettings=ServerSettings{heartbeatFrequencyMS=10000, minHeartbeatFrequencyMS=500, serverListeners='[]', serverMonitorListeners='[]'}, sslSettings=SslSettings{enabled=false, invalidHostNameAllowed=false, context=null}, applicationName='null', compressorList=[], uuidRepresentation=JAVA_LEGACY, serverApi=null, autoEncryptionSettings=null, contextProvider=null}
2025-02-12 21:35:17 [cluster-ClusterId{value='67ad0605bc00903f950cf470', description='null'}-localhost:27017] INFO  org.mongodb.driver.connection - Opened connection [connectionId{localValue:13, serverValue:20}] to localhost:27017
2025-02-12 21:35:17 [cluster-rtt-ClusterId{value='67ad0605bc00903f950cf470', description='null'}-localhost:27017] INFO  org.mongodb.driver.connection - Opened connection [connectionId{localValue:14, serverValue:19}] to localhost:27017
2025-02-12 21:35:17 [cluster-ClusterId{value='67ad0605bc00903f950cf470', description='null'}-localhost:27017] INFO  org.mongodb.driver.cluster - Monitor thread successfully connected to server with description ServerDescription{address=localhost:27017, type=STANDALONE, state=CONNECTED, ok=true, minWireVersion=0, maxWireVersion=21, maxDocumentSize=16777216, logicalSessionTimeoutMinutes=30, roundTripTimeNanos=1920700}
2025-02-12 21:35:17 [restartedMain] DEBUG o.s.d.m.c.i.MongoPersistentEntityIndexCreator - Analyzing class class com.MusicManager.model.Chanson for index information.
2025-02-12 21:35:17 [restartedMain] DEBUG o.s.d.m.c.i.MongoPersistentEntityIndexCreator - Analyzing class class com.MusicManager.model.Role for index information.
2025-02-12 21:35:17 [restartedMain] INFO  org.mongodb.driver.connection - Opened connection [connectionId{localValue:15, serverValue:21}] to localhost:27017
2025-02-12 21:35:17 [restartedMain] DEBUG o.s.d.m.c.i.MongoPersistentEntityIndexCreator - Analyzing class class com.MusicManager.model.User for index information.
2025-02-12 21:35:17 [restartedMain] DEBUG o.s.d.m.c.i.MongoPersistentEntityIndexCreator - Analyzing class class com.MusicManager.model.Album for index information.
2025-02-12 21:35:17 [restartedMain] DEBUG c.M.security.JwtAuthenticationFilter - Filter 'jwtAuthenticationFilter' configured for use
2025-02-12 21:35:17 [restartedMain] INFO  o.s.b.d.a.OptionalLiveReloadServer - LiveReload server is running on port 35729
2025-02-12 21:35:17 [restartedMain] DEBUG o.s.data.mongodb.core.MongoTemplate - Executing count: {} in collection: roles
2025-02-12 21:35:17 [restartedMain] INFO  o.s.s.web.DefaultSecurityFilterChain - Will secure any request with [org.springframework.security.web.session.DisableEncodeUrlFilter@3f9bd4a5, org.springframework.security.web.context.request.async.WebAsyncManagerIntegrationFilter@1d803052, org.springframework.security.web.context.SecurityContextPersistenceFilter@433e2dfe, org.springframework.security.web.header.HeaderWriterFilter@436b8fb1, org.springframework.web.filter.CorsFilter@7b67733a, org.springframework.security.web.authentication.logout.LogoutFilter@caaf8bb, com.MusicManager.security.JwtAuthenticationFilter@91ce389, org.springframework.security.web.savedrequest.RequestCacheAwareFilter@166913c1, org.springframework.security.web.servletapi.SecurityContextHolderAwareRequestFilter@9e000ba, org.springframework.security.web.authentication.AnonymousAuthenticationFilter@641f8096, org.springframework.security.web.session.SessionManagementFilter@6e3b24ab, org.springframework.security.web.access.ExceptionTranslationFilter@5fa1546c, org.springframework.security.web.access.intercept.AuthorizationFilter@757d435b]
2025-02-12 21:35:17 [restartedMain] INFO  o.s.b.a.e.web.EndpointLinksResolver - Exposing 1 endpoint(s) beneath base path '/actuator'
2025-02-12 21:35:17 [restartedMain] INFO  o.a.coyote.http11.Http11NioProtocol - Starting ProtocolHandler ["http-nio-8080"]
2025-02-12 21:35:17 [restartedMain] INFO  o.s.b.w.e.tomcat.TomcatWebServer - Tomcat started on port(s): 8080 (http) with context path ''
2025-02-12 21:35:17 [restartedMain] INFO  c.M.MusicManagerApplication - Started MusicManagerApplication in 1.016 seconds (JVM running for 3624.26)
2025-02-12 21:35:17 [restartedMain] INFO  o.s.b.d.a.ConditionEvaluationDeltaLoggingListener - Condition evaluation unchanged
2025-02-12 21:35:20 [http-nio-8080-exec-1] INFO  o.a.c.c.C.[Tomcat].[localhost].[/] - Initializing Spring DispatcherServlet 'dispatcherServlet'
2025-02-12 21:35:20 [http-nio-8080-exec-1] INFO  o.s.web.servlet.DispatcherServlet - Initializing Servlet 'dispatcherServlet'
2025-02-12 21:35:20 [http-nio-8080-exec-1] INFO  o.s.web.servlet.DispatcherServlet - Completed initialization in 1 ms
2025-02-12 21:35:20 [http-nio-8080-exec-1] DEBUG o.s.d.m.r.query.MongoQueryCreator - Created query Query: { "login" : "asmaabarj5@gmail.com"}, Fields: {}, Sort: {}
2025-02-12 21:35:20 [http-nio-8080-exec-1] DEBUG o.s.data.mongodb.core.MongoTemplate - find using query: { "login" : "asmaabarj5@gmail.com"} fields: Document{{}} for class: class com.MusicManager.model.User in collection: users
2025-02-12 21:35:20 [http-nio-8080-exec-1] WARN  o.s.w.s.m.m.a.ExceptionHandlerExceptionResolver - Resolved [org.springframework.security.authentication.BadCredentialsException: Les identifications sont erronées]
2025-02-12 21:35:38 [http-nio-8080-exec-2] DEBUG o.s.d.m.r.query.MongoQueryCreator - Created query Query: { "login" : "kenza"}, Fields: {}, Sort: {}
2025-02-12 21:35:38 [http-nio-8080-exec-2] DEBUG o.s.data.mongodb.core.MongoTemplate - find using query: { "login" : "kenza"} fields: Document{{}} for class: class com.MusicManager.model.User in collection: users
2025-02-12 21:35:38 [http-nio-8080-exec-2] DEBUG o.s.d.m.r.query.MongoQueryCreator - Created query Query: { "login" : "kenza"}, Fields: {}, Sort: {}
2025-02-12 21:35:38 [http-nio-8080-exec-2] DEBUG o.s.data.mongodb.core.MongoTemplate - find using query: { "login" : "kenza"} fields: Document{{}} for class: class com.MusicManager.model.User in collection: users
2025-02-12 21:35:39 [http-nio-8080-exec-4] DEBUG o.s.d.m.r.query.MongoQueryCreator - Created query Query: { "login" : "kenza"}, Fields: {}, Sort: {}
2025-02-12 21:35:39 [http-nio-8080-exec-4] DEBUG o.s.data.mongodb.core.MongoTemplate - find using query: { "login" : "kenza"} fields: Document{{}} for class: class com.MusicManager.model.User in collection: users
2025-02-12 21:35:39 [http-nio-8080-exec-4] DEBUG o.s.data.mongodb.core.MongoTemplate - Executing count: {} in collection: chansons
2025-02-12 21:35:39 [http-nio-8080-exec-4] DEBUG o.s.data.mongodb.core.MongoTemplate - find using query: {} fields: Document{{}} for class: class com.MusicManager.model.Chanson in collection: chansons
2025-02-12 21:36:23 [http-nio-8080-exec-7] DEBUG o.s.d.m.r.query.MongoQueryCreator - Created query Query: { "login" : "kenza"}, Fields: {}, Sort: {}
2025-02-12 21:36:23 [http-nio-8080-exec-7] DEBUG o.s.data.mongodb.core.MongoTemplate - find using query: { "login" : "kenza"} fields: Document{{}} for class: class com.MusicManager.model.User in collection: users
2025-02-12 21:36:40 [http-nio-8080-exec-9] DEBUG o.s.d.m.r.query.MongoQueryCreator - Created query Query: { "login" : "kenza"}, Fields: {}, Sort: {}
2025-02-12 21:36:40 [http-nio-8080-exec-9] DEBUG o.s.data.mongodb.core.MongoTemplate - find using query: { "login" : "kenza"} fields: Document{{}} for class: class com.MusicManager.model.User in collection: users
2025-02-12 21:36:40 [http-nio-8080-exec-9] DEBUG o.s.d.m.r.query.MongoQueryCreator - Created query Query: { "login" : "kenza"}, Fields: {}, Sort: {}
2025-02-12 21:36:40 [http-nio-8080-exec-9] DEBUG o.s.data.mongodb.core.MongoTemplate - find using query: { "login" : "kenza"} fields: Document{{}} for class: class com.MusicManager.model.User in collection: users
2025-02-12 21:36:40 [http-nio-8080-exec-1] DEBUG o.s.d.m.r.query.MongoQueryCreator - Created query Query: { "login" : "kenza"}, Fields: {}, Sort: {}
2025-02-12 21:36:40 [http-nio-8080-exec-1] DEBUG o.s.data.mongodb.core.MongoTemplate - find using query: { "login" : "kenza"} fields: Document{{}} for class: class com.MusicManager.model.User in collection: users
2025-02-12 21:36:40 [http-nio-8080-exec-1] DEBUG o.s.data.mongodb.core.MongoTemplate - Executing count: {} in collection: chansons
2025-02-12 21:36:40 [http-nio-8080-exec-1] DEBUG o.s.data.mongodb.core.MongoTemplate - find using query: {} fields: Document{{}} for class: class com.MusicManager.model.Chanson in collection: chansons
2025-02-12 21:37:23 [File Watcher] INFO  o.s.b.d.a.LocalDevToolsAutoConfiguration$RestartingClassPathChangeChangedEventListener - Restarting due to 4 class path changes (0 additions, 0 deletions, 4 modifications)
2025-02-12 21:37:23 [Thread-19] INFO  o.a.coyote.http11.Http11NioProtocol - Pausing ProtocolHandler ["http-nio-8080"]
2025-02-12 21:37:23 [Thread-19] INFO  o.a.catalina.core.StandardService - Stopping service [Tomcat]
2025-02-12 21:37:23 [Thread-19] INFO  o.a.c.c.C.[Tomcat].[localhost].[/] - Destroying Spring FrameworkServlet 'dispatcherServlet'
2025-02-12 21:37:23 [Thread-19] WARN  o.a.c.loader.WebappClassLoaderBase - The web application [ROOT] appears to have started a thread named [cluster-ClusterId{value='67ad0605bc00903f950cf470', description='null'}-localhost:27017] but has failed to stop it. This is very likely to create a memory leak. Stack trace of thread:
 java.base@17.0.12/sun.nio.ch.Net.poll(Native Method)
 java.base@17.0.12/sun.nio.ch.NioSocketImpl.park(NioSocketImpl.java:186)
 java.base@17.0.12/sun.nio.ch.NioSocketImpl.timedRead(NioSocketImpl.java:290)
 java.base@17.0.12/sun.nio.ch.NioSocketImpl.implRead(NioSocketImpl.java:314)
 java.base@17.0.12/sun.nio.ch.NioSocketImpl.read(NioSocketImpl.java:355)
 java.base@17.0.12/sun.nio.ch.NioSocketImpl$1.read(NioSocketImpl.java:808)
 java.base@17.0.12/java.net.Socket$SocketInputStream.read(Socket.java:966)
 app//com.mongodb.internal.connection.SocketStream.read(SocketStream.java:110)
 app//com.mongodb.internal.connection.SocketStream.read(SocketStream.java:135)
 app//com.mongodb.internal.connection.InternalStreamConnection.receiveResponseBuffers(InternalStreamConnection.java:713)
 app//com.mongodb.internal.connection.InternalStreamConnection.receiveMessageWithAdditionalTimeout(InternalStreamConnection.java:571)
 app//com.mongodb.internal.connection.InternalStreamConnection.receiveCommandMessageResponse(InternalStreamConnection.java:410)
 app//com.mongodb.internal.connection.InternalStreamConnection.receive(InternalStreamConnection.java:369)
 app//com.mongodb.internal.connection.DefaultServerMonitor$ServerMonitorRunnable.lookupServerDescription(DefaultServerMonitor.java:221)
 app//com.mongodb.internal.connection.DefaultServerMonitor$ServerMonitorRunnable.run(DefaultServerMonitor.java:157)
 java.base@17.0.12/java.lang.Thread.run(Thread.java:840)
2025-02-12 21:37:23 [Thread-19] WARN  o.a.c.loader.WebappClassLoaderBase - The web application [ROOT] appears to have started a thread named [cluster-rtt-ClusterId{value='67ad0605bc00903f950cf470', description='null'}-localhost:27017] but has failed to stop it. This is very likely to create a memory leak. Stack trace of thread:
 java.base@17.0.12/java.lang.Thread.sleep(Native Method)
 app//com.mongodb.internal.connection.DefaultServerMonitor.waitForNext(DefaultServerMonitor.java:443)
 app//com.mongodb.internal.connection.DefaultServerMonitor.access$1500(DefaultServerMonitor.java:64)
 app//com.mongodb.internal.connection.DefaultServerMonitor$RoundTripTimeRunnable.run(DefaultServerMonitor.java:415)
 java.base@17.0.12/java.lang.Thread.run(Thread.java:840)
2025-02-12 21:37:23 [Thread-19] WARN  o.a.c.loader.WebappClassLoaderBase - The web application [ROOT] appears to have started a thread named [MaintenanceTimer-6-thread-1] but has failed to stop it. This is very likely to create a memory leak. Stack trace of thread:
 java.base@17.0.12/jdk.internal.misc.Unsafe.park(Native Method)
 java.base@17.0.12/java.util.concurrent.locks.LockSupport.parkNanos(LockSupport.java:252)
 java.base@17.0.12/java.util.concurrent.locks.AbstractQueuedSynchronizer$ConditionObject.awaitNanos(AbstractQueuedSynchronizer.java:1674)
 java.base@17.0.12/java.util.concurrent.ScheduledThreadPoolExecutor$DelayedWorkQueue.take(ScheduledThreadPoolExecutor.java:1182)
 java.base@17.0.12/java.util.concurrent.ScheduledThreadPoolExecutor$DelayedWorkQueue.take(ScheduledThreadPoolExecutor.java:899)
 java.base@17.0.12/java.util.concurrent.ThreadPoolExecutor.getTask(ThreadPoolExecutor.java:1062)
 java.base@17.0.12/java.util.concurrent.ThreadPoolExecutor.runWorker(ThreadPoolExecutor.java:1122)
 java.base@17.0.12/java.util.concurrent.ThreadPoolExecutor$Worker.run(ThreadPoolExecutor.java:635)
 java.base@17.0.12/java.lang.Thread.run(Thread.java:840)
2025-02-12 21:37:23 [Thread-19] INFO  o.a.coyote.http11.Http11NioProtocol - Stopping ProtocolHandler ["http-nio-8080"]
2025-02-12 21:37:23 [Thread-19] INFO  o.a.coyote.http11.Http11NioProtocol - Destroying ProtocolHandler ["http-nio-8080"]
2025-02-12 21:37:23 [restartedMain] INFO  c.M.MusicManagerApplication - Starting MusicManagerApplication using Java 17.0.12 on LAPTOP-ICGVSVEA with PID 23312 (C:\Users\ycode\Streamify\back-end\target\classes started by ycode in C:\Users\ycode\Streamify\back-end)
2025-02-12 21:37:23 [restartedMain] DEBUG c.M.MusicManagerApplication - Running with Spring Boot v2.7.18, Spring v5.3.31
2025-02-12 21:37:23 [restartedMain] INFO  c.M.MusicManagerApplication - The following 1 profile is active: "prod"
2025-02-12 21:37:23 [restartedMain] INFO  o.s.d.r.c.RepositoryConfigurationDelegate - Bootstrapping Spring Data MongoDB repositories in DEFAULT mode.
2025-02-12 21:37:23 [restartedMain] INFO  o.s.d.r.c.RepositoryConfigurationDelegate - Finished Spring Data repository scanning in 26 ms. Found 4 MongoDB repository interfaces.
2025-02-12 21:37:23 [restartedMain] INFO  o.s.b.w.e.tomcat.TomcatWebServer - Tomcat initialized with port(s): 8080 (http)
2025-02-12 21:37:23 [restartedMain] INFO  o.a.coyote.http11.Http11NioProtocol - Initializing ProtocolHandler ["http-nio-8080"]
2025-02-12 21:37:23 [restartedMain] INFO  o.a.catalina.core.StandardService - Starting service [Tomcat]
2025-02-12 21:37:23 [restartedMain] INFO  o.a.catalina.core.StandardEngine - Starting Servlet engine: [Apache Tomcat/9.0.83]
2025-02-12 21:37:23 [restartedMain] INFO  o.a.c.c.C.[Tomcat].[localhost].[/] - Initializing Spring embedded WebApplicationContext
2025-02-12 21:37:23 [restartedMain] INFO  o.s.b.w.s.c.ServletWebServerApplicationContext - Root WebApplicationContext: initialization completed in 479 ms
2025-02-12 21:37:24 [restartedMain] INFO  org.mongodb.driver.client - MongoClient with metadata {"driver": {"name": "mongo-java-driver|sync|spring-boot", "version": "4.6.1"}, "os": {"type": "Windows", "name": "Windows 11", "architecture": "amd64", "version": "10.0"}, "platform": "Java/Eclipse Adoptium/17.0.12+7"} created with settings MongoClientSettings{readPreference=primary, writeConcern=WriteConcern{w=null, wTimeout=null ms, journal=null}, retryWrites=true, retryReads=true, readConcern=ReadConcern{level=null}, credential=null, streamFactoryFactory=null, commandListeners=[io.micrometer.core.instrument.binder.mongodb.MongoMetricsCommandListener@39193f7e], codecRegistry=ProvidersCodecRegistry{codecProviders=[ValueCodecProvider{}, BsonValueCodecProvider{}, DBRefCodecProvider{}, DBObjectCodecProvider{}, DocumentCodecProvider{}, IterableCodecProvider{}, MapCodecProvider{}, GeoJsonCodecProvider{}, GridFSFileCodecProvider{}, Jsr310CodecProvider{}, JsonObjectCodecProvider{}, BsonCodecProvider{}, EnumCodecProvider{}, com.mongodb.Jep395RecordCodecProvider@23940c1d]}, clusterSettings={hosts=[localhost:27017], srvServiceName=mongodb, mode=SINGLE, requiredClusterType=UNKNOWN, requiredReplicaSetName='null', serverSelector='null', clusterListeners='[]', serverSelectionTimeout='30000 ms', localThreshold='30000 ms'}, socketSettings=SocketSettings{connectTimeoutMS=10000, readTimeoutMS=0, receiveBufferSize=0, sendBufferSize=0}, heartbeatSocketSettings=SocketSettings{connectTimeoutMS=10000, readTimeoutMS=10000, receiveBufferSize=0, sendBufferSize=0}, connectionPoolSettings=ConnectionPoolSettings{maxSize=100, minSize=0, maxWaitTimeMS=120000, maxConnectionLifeTimeMS=0, maxConnectionIdleTimeMS=0, maintenanceInitialDelayMS=0, maintenanceFrequencyMS=60000, connectionPoolListeners=[io.micrometer.core.instrument.binder.mongodb.MongoMetricsConnectionPoolListener@4c9ac523], maxConnecting=2}, serverSettings=ServerSettings{heartbeatFrequencyMS=10000, minHeartbeatFrequencyMS=500, serverListeners='[]', serverMonitorListeners='[]'}, sslSettings=SslSettings{enabled=false, invalidHostNameAllowed=false, context=null}, applicationName='null', compressorList=[], uuidRepresentation=JAVA_LEGACY, serverApi=null, autoEncryptionSettings=null, contextProvider=null}
2025-02-12 21:37:24 [cluster-rtt-ClusterId{value='67ad0684bc00903f950cf471', description='null'}-localhost:27017] INFO  org.mongodb.driver.connection - Opened connection [connectionId{localValue:17, serverValue:22}] to localhost:27017
2025-02-12 21:37:24 [cluster-ClusterId{value='67ad0684bc00903f950cf471', description='null'}-localhost:27017] INFO  org.mongodb.driver.connection - Opened connection [connectionId{localValue:16, serverValue:23}] to localhost:27017
2025-02-12 21:37:24 [cluster-ClusterId{value='67ad0684bc00903f950cf471', description='null'}-localhost:27017] INFO  org.mongodb.driver.cluster - Monitor thread successfully connected to server with description ServerDescription{address=localhost:27017, type=STANDALONE, state=CONNECTED, ok=true, minWireVersion=0, maxWireVersion=21, maxDocumentSize=16777216, logicalSessionTimeoutMinutes=30, roundTripTimeNanos=1038400}
2025-02-12 21:37:24 [restartedMain] DEBUG o.s.d.m.c.i.MongoPersistentEntityIndexCreator - Analyzing class class com.MusicManager.model.Album for index information.
2025-02-12 21:37:24 [restartedMain] DEBUG o.s.d.m.c.i.MongoPersistentEntityIndexCreator - Analyzing class class com.MusicManager.model.Chanson for index information.
2025-02-12 21:37:24 [restartedMain] DEBUG o.s.d.m.c.i.MongoPersistentEntityIndexCreator - Analyzing class class com.MusicManager.model.User for index information.
2025-02-12 21:37:24 [restartedMain] DEBUG o.s.d.m.c.i.MongoPersistentEntityIndexCreator - Analyzing class class com.MusicManager.model.Role for index information.
2025-02-12 21:37:24 [restartedMain] INFO  org.mongodb.driver.connection - Opened connection [connectionId{localValue:18, serverValue:24}] to localhost:27017
2025-02-12 21:37:24 [restartedMain] DEBUG c.M.security.JwtAuthenticationFilter - Filter 'jwtAuthenticationFilter' configured for use
2025-02-12 21:37:24 [restartedMain] INFO  o.s.b.d.a.OptionalLiveReloadServer - LiveReload server is running on port 35729
2025-02-12 21:37:24 [restartedMain] DEBUG o.s.data.mongodb.core.MongoTemplate - Executing count: {} in collection: roles
2025-02-12 21:37:24 [restartedMain] INFO  o.s.s.web.DefaultSecurityFilterChain - Will secure any request with [org.springframework.security.web.session.DisableEncodeUrlFilter@2e8ac67a, org.springframework.security.web.context.request.async.WebAsyncManagerIntegrationFilter@10df482b, org.springframework.security.web.context.SecurityContextPersistenceFilter@2d066eb9, org.springframework.security.web.header.HeaderWriterFilter@85211bc, org.springframework.web.filter.CorsFilter@64b9f0ba, org.springframework.security.web.authentication.logout.LogoutFilter@5cc319f9, com.MusicManager.security.JwtAuthenticationFilter@7dc02199, org.springframework.security.web.savedrequest.RequestCacheAwareFilter@3fb527b2, org.springframework.security.web.servletapi.SecurityContextHolderAwareRequestFilter@27f21e09, org.springframework.security.web.authentication.AnonymousAuthenticationFilter@12357af1, org.springframework.security.web.session.SessionManagementFilter@6240ff33, org.springframework.security.web.access.ExceptionTranslationFilter@48cb4d56, org.springframework.security.web.access.intercept.AuthorizationFilter@d1f7ca0]
2025-02-12 21:37:24 [restartedMain] INFO  o.s.b.a.e.web.EndpointLinksResolver - Exposing 1 endpoint(s) beneath base path '/actuator'
2025-02-12 21:37:24 [restartedMain] INFO  o.a.coyote.http11.Http11NioProtocol - Starting ProtocolHandler ["http-nio-8080"]
2025-02-12 21:37:24 [restartedMain] INFO  o.s.b.w.e.tomcat.TomcatWebServer - Tomcat started on port(s): 8080 (http) with context path ''
2025-02-12 21:37:24 [restartedMain] INFO  c.M.MusicManagerApplication - Started MusicManagerApplication in 0.933 seconds (JVM running for 3751.026)
2025-02-12 21:37:24 [restartedMain] INFO  o.s.b.d.a.ConditionEvaluationDeltaLoggingListener - Condition evaluation unchanged
2025-02-12 21:37:25 [File Watcher] INFO  o.s.b.d.a.LocalDevToolsAutoConfiguration$RestartingClassPathChangeChangedEventListener - Restarting due to 4 class path changes (0 additions, 0 deletions, 4 modifications)
2025-02-12 21:37:25 [Thread-23] INFO  o.a.coyote.http11.Http11NioProtocol - Pausing ProtocolHandler ["http-nio-8080"]
2025-02-12 21:37:25 [Thread-23] INFO  o.a.catalina.core.StandardService - Stopping service [Tomcat]
2025-02-12 21:37:25 [Thread-23] WARN  o.a.c.loader.WebappClassLoaderBase - The web application [ROOT] appears to have started a thread named [cluster-ClusterId{value='67ad0684bc00903f950cf471', description='null'}-localhost:27017] but has failed to stop it. This is very likely to create a memory leak. Stack trace of thread:
 java.base@17.0.12/sun.nio.ch.Net.poll(Native Method)
 java.base@17.0.12/sun.nio.ch.NioSocketImpl.park(NioSocketImpl.java:186)
 java.base@17.0.12/sun.nio.ch.NioSocketImpl.timedRead(NioSocketImpl.java:290)
 java.base@17.0.12/sun.nio.ch.NioSocketImpl.implRead(NioSocketImpl.java:314)
 java.base@17.0.12/sun.nio.ch.NioSocketImpl.read(NioSocketImpl.java:355)
 java.base@17.0.12/sun.nio.ch.NioSocketImpl$1.read(NioSocketImpl.java:808)
 java.base@17.0.12/java.net.Socket$SocketInputStream.read(Socket.java:966)
 app//com.mongodb.internal.connection.SocketStream.read(SocketStream.java:110)
 app//com.mongodb.internal.connection.SocketStream.read(SocketStream.java:135)
 app//com.mongodb.internal.connection.InternalStreamConnection.receiveResponseBuffers(InternalStreamConnection.java:713)
 app//com.mongodb.internal.connection.InternalStreamConnection.receiveMessageWithAdditionalTimeout(InternalStreamConnection.java:571)
 app//com.mongodb.internal.connection.InternalStreamConnection.receiveCommandMessageResponse(InternalStreamConnection.java:410)
 app//com.mongodb.internal.connection.InternalStreamConnection.receive(InternalStreamConnection.java:369)
 app//com.mongodb.internal.connection.DefaultServerMonitor$ServerMonitorRunnable.lookupServerDescription(DefaultServerMonitor.java:221)
 app//com.mongodb.internal.connection.DefaultServerMonitor$ServerMonitorRunnable.run(DefaultServerMonitor.java:157)
 java.base@17.0.12/java.lang.Thread.run(Thread.java:840)
2025-02-12 21:37:25 [Thread-23] WARN  o.a.c.loader.WebappClassLoaderBase - The web application [ROOT] appears to have started a thread named [cluster-rtt-ClusterId{value='67ad0684bc00903f950cf471', description='null'}-localhost:27017] but has failed to stop it. This is very likely to create a memory leak. Stack trace of thread:
 java.base@17.0.12/java.lang.Thread.sleep(Native Method)
 app//com.mongodb.internal.connection.DefaultServerMonitor.waitForNext(DefaultServerMonitor.java:443)
 app//com.mongodb.internal.connection.DefaultServerMonitor.access$1500(DefaultServerMonitor.java:64)
 app//com.mongodb.internal.connection.DefaultServerMonitor$RoundTripTimeRunnable.run(DefaultServerMonitor.java:415)
 java.base@17.0.12/java.lang.Thread.run(Thread.java:840)
2025-02-12 21:37:25 [Thread-23] WARN  o.a.c.loader.WebappClassLoaderBase - The web application [ROOT] appears to have started a thread named [MaintenanceTimer-7-thread-1] but has failed to stop it. This is very likely to create a memory leak. Stack trace of thread:
 java.base@17.0.12/jdk.internal.misc.Unsafe.park(Native Method)
 java.base@17.0.12/java.util.concurrent.locks.LockSupport.parkNanos(LockSupport.java:252)
 java.base@17.0.12/java.util.concurrent.locks.AbstractQueuedSynchronizer$ConditionObject.awaitNanos(AbstractQueuedSynchronizer.java:1674)
 java.base@17.0.12/java.util.concurrent.ScheduledThreadPoolExecutor$DelayedWorkQueue.take(ScheduledThreadPoolExecutor.java:1182)
 java.base@17.0.12/java.util.concurrent.ScheduledThreadPoolExecutor$DelayedWorkQueue.take(ScheduledThreadPoolExecutor.java:899)
 java.base@17.0.12/java.util.concurrent.ThreadPoolExecutor.getTask(ThreadPoolExecutor.java:1062)
 java.base@17.0.12/java.util.concurrent.ThreadPoolExecutor.runWorker(ThreadPoolExecutor.java:1122)
 java.base@17.0.12/java.util.concurrent.ThreadPoolExecutor$Worker.run(ThreadPoolExecutor.java:635)
 java.base@17.0.12/java.lang.Thread.run(Thread.java:840)
2025-02-12 21:37:25 [Thread-23] INFO  o.a.coyote.http11.Http11NioProtocol - Stopping ProtocolHandler ["http-nio-8080"]
2025-02-12 21:37:25 [Thread-23] INFO  o.a.coyote.http11.Http11NioProtocol - Destroying ProtocolHandler ["http-nio-8080"]
2025-02-12 21:37:25 [restartedMain] INFO  c.M.MusicManagerApplication - Starting MusicManagerApplication using Java 17.0.12 on LAPTOP-ICGVSVEA with PID 23312 (C:\Users\ycode\Streamify\back-end\target\classes started by ycode in C:\Users\ycode\Streamify\back-end)
2025-02-12 21:37:25 [restartedMain] DEBUG c.M.MusicManagerApplication - Running with Spring Boot v2.7.18, Spring v5.3.31
2025-02-12 21:37:25 [restartedMain] INFO  c.M.MusicManagerApplication - The following 1 profile is active: "prod"
2025-02-12 21:37:26 [restartedMain] INFO  o.s.d.r.c.RepositoryConfigurationDelegate - Bootstrapping Spring Data MongoDB repositories in DEFAULT mode.
2025-02-12 21:37:26 [restartedMain] INFO  o.s.d.r.c.RepositoryConfigurationDelegate - Finished Spring Data repository scanning in 43 ms. Found 4 MongoDB repository interfaces.
2025-02-12 21:37:26 [restartedMain] INFO  o.s.b.w.e.tomcat.TomcatWebServer - Tomcat initialized with port(s): 8080 (http)
2025-02-12 21:37:26 [restartedMain] INFO  o.a.coyote.http11.Http11NioProtocol - Initializing ProtocolHandler ["http-nio-8080"]
2025-02-12 21:37:26 [restartedMain] INFO  o.a.catalina.core.StandardService - Starting service [Tomcat]
2025-02-12 21:37:26 [restartedMain] INFO  o.a.catalina.core.StandardEngine - Starting Servlet engine: [Apache Tomcat/9.0.83]
2025-02-12 21:37:26 [restartedMain] INFO  o.a.c.c.C.[Tomcat].[localhost].[/] - Initializing Spring embedded WebApplicationContext
2025-02-12 21:37:26 [restartedMain] INFO  o.s.b.w.s.c.ServletWebServerApplicationContext - Root WebApplicationContext: initialization completed in 477 ms
2025-02-12 21:37:26 [restartedMain] INFO  org.mongodb.driver.client - MongoClient with metadata {"driver": {"name": "mongo-java-driver|sync|spring-boot", "version": "4.6.1"}, "os": {"type": "Windows", "name": "Windows 11", "architecture": "amd64", "version": "10.0"}, "platform": "Java/Eclipse Adoptium/17.0.12+7"} created with settings MongoClientSettings{readPreference=primary, writeConcern=WriteConcern{w=null, wTimeout=null ms, journal=null}, retryWrites=true, retryReads=true, readConcern=ReadConcern{level=null}, credential=null, streamFactoryFactory=null, commandListeners=[io.micrometer.core.instrument.binder.mongodb.MongoMetricsCommandListener@21d4b02a], codecRegistry=ProvidersCodecRegistry{codecProviders=[ValueCodecProvider{}, BsonValueCodecProvider{}, DBRefCodecProvider{}, DBObjectCodecProvider{}, DocumentCodecProvider{}, IterableCodecProvider{}, MapCodecProvider{}, GeoJsonCodecProvider{}, GridFSFileCodecProvider{}, Jsr310CodecProvider{}, JsonObjectCodecProvider{}, BsonCodecProvider{}, EnumCodecProvider{}, com.mongodb.Jep395RecordCodecProvider@23940c1d]}, clusterSettings={hosts=[localhost:27017], srvServiceName=mongodb, mode=SINGLE, requiredClusterType=UNKNOWN, requiredReplicaSetName='null', serverSelector='null', clusterListeners='[]', serverSelectionTimeout='30000 ms', localThreshold='30000 ms'}, socketSettings=SocketSettings{connectTimeoutMS=10000, readTimeoutMS=0, receiveBufferSize=0, sendBufferSize=0}, heartbeatSocketSettings=SocketSettings{connectTimeoutMS=10000, readTimeoutMS=10000, receiveBufferSize=0, sendBufferSize=0}, connectionPoolSettings=ConnectionPoolSettings{maxSize=100, minSize=0, maxWaitTimeMS=120000, maxConnectionLifeTimeMS=0, maxConnectionIdleTimeMS=0, maintenanceInitialDelayMS=0, maintenanceFrequencyMS=60000, connectionPoolListeners=[io.micrometer.core.instrument.binder.mongodb.MongoMetricsConnectionPoolListener@7f3165b], maxConnecting=2}, serverSettings=ServerSettings{heartbeatFrequencyMS=10000, minHeartbeatFrequencyMS=500, serverListeners='[]', serverMonitorListeners='[]'}, sslSettings=SslSettings{enabled=false, invalidHostNameAllowed=false, context=null}, applicationName='null', compressorList=[], uuidRepresentation=JAVA_LEGACY, serverApi=null, autoEncryptionSettings=null, contextProvider=null}
2025-02-12 21:37:26 [cluster-ClusterId{value='67ad0686bc00903f950cf472', description='null'}-localhost:27017] INFO  org.mongodb.driver.connection - Opened connection [connectionId{localValue:19, serverValue:25}] to localhost:27017
2025-02-12 21:37:26 [cluster-rtt-ClusterId{value='67ad0686bc00903f950cf472', description='null'}-localhost:27017] INFO  org.mongodb.driver.connection - Opened connection [connectionId{localValue:20, serverValue:26}] to localhost:27017
2025-02-12 21:37:26 [cluster-ClusterId{value='67ad0686bc00903f950cf472', description='null'}-localhost:27017] INFO  org.mongodb.driver.cluster - Monitor thread successfully connected to server with description ServerDescription{address=localhost:27017, type=STANDALONE, state=CONNECTED, ok=true, minWireVersion=0, maxWireVersion=21, maxDocumentSize=16777216, logicalSessionTimeoutMinutes=30, roundTripTimeNanos=1362600}
2025-02-12 21:37:26 [restartedMain] DEBUG o.s.d.m.c.i.MongoPersistentEntityIndexCreator - Analyzing class class com.MusicManager.model.Chanson for index information.
2025-02-12 21:37:26 [restartedMain] DEBUG o.s.d.m.c.i.MongoPersistentEntityIndexCreator - Analyzing class class com.MusicManager.model.Album for index information.
2025-02-12 21:37:26 [restartedMain] DEBUG o.s.d.m.c.i.MongoPersistentEntityIndexCreator - Analyzing class class com.MusicManager.model.Role for index information.
2025-02-12 21:37:26 [restartedMain] INFO  org.mongodb.driver.connection - Opened connection [connectionId{localValue:21, serverValue:27}] to localhost:27017
2025-02-12 21:37:26 [restartedMain] DEBUG o.s.d.m.c.i.MongoPersistentEntityIndexCreator - Analyzing class class com.MusicManager.model.User for index information.
2025-02-12 21:37:26 [restartedMain] DEBUG c.M.security.JwtAuthenticationFilter - Filter 'jwtAuthenticationFilter' configured for use
2025-02-12 21:37:26 [restartedMain] INFO  o.s.b.d.a.OptionalLiveReloadServer - LiveReload server is running on port 35729
2025-02-12 21:37:26 [restartedMain] DEBUG o.s.data.mongodb.core.MongoTemplate - Executing count: {} in collection: roles
2025-02-12 21:37:26 [restartedMain] INFO  o.s.s.web.DefaultSecurityFilterChain - Will secure any request with [org.springframework.security.web.session.DisableEncodeUrlFilter@1a5cc3cc, org.springframework.security.web.context.request.async.WebAsyncManagerIntegrationFilter@5329c6e4, org.springframework.security.web.context.SecurityContextPersistenceFilter@2000a05e, org.springframework.security.web.header.HeaderWriterFilter@618cb0ce, org.springframework.web.filter.CorsFilter@b03bbc6, org.springframework.security.web.authentication.logout.LogoutFilter@3eaef259, com.MusicManager.security.JwtAuthenticationFilter@5dd5cfe6, org.springframework.security.web.savedrequest.RequestCacheAwareFilter@18d7c0fe, org.springframework.security.web.servletapi.SecurityContextHolderAwareRequestFilter@1cd909ea, org.springframework.security.web.authentication.AnonymousAuthenticationFilter@114cf6d5, org.springframework.security.web.session.SessionManagementFilter@12e2b6a9, org.springframework.security.web.access.ExceptionTranslationFilter@e76d32b, org.springframework.security.web.access.intercept.AuthorizationFilter@4c9ac9ea]
2025-02-12 21:37:26 [restartedMain] INFO  o.s.b.a.e.web.EndpointLinksResolver - Exposing 1 endpoint(s) beneath base path '/actuator'
2025-02-12 21:37:26 [restartedMain] INFO  o.a.coyote.http11.Http11NioProtocol - Starting ProtocolHandler ["http-nio-8080"]
2025-02-12 21:37:26 [restartedMain] INFO  o.s.b.w.e.tomcat.TomcatWebServer - Tomcat started on port(s): 8080 (http) with context path ''
2025-02-12 21:37:26 [restartedMain] INFO  c.M.MusicManagerApplication - Started MusicManagerApplication in 0.833 seconds (JVM running for 3753.364)
2025-02-12 21:37:26 [restartedMain] INFO  o.s.b.d.a.ConditionEvaluationDeltaLoggingListener - Condition evaluation unchanged
2025-02-12 21:40:10 [http-nio-8080-exec-1] INFO  o.a.c.c.C.[Tomcat].[localhost].[/] - Initializing Spring DispatcherServlet 'dispatcherServlet'
2025-02-12 21:40:10 [http-nio-8080-exec-1] INFO  o.s.web.servlet.DispatcherServlet - Initializing Servlet 'dispatcherServlet'
2025-02-12 21:40:10 [http-nio-8080-exec-1] INFO  o.s.web.servlet.DispatcherServlet - Completed initialization in 1 ms
2025-02-12 21:40:10 [http-nio-8080-exec-2] DEBUG o.s.d.m.r.query.MongoQueryCreator - Created query Query: { "login" : "kenza"}, Fields: {}, Sort: {}
2025-02-12 21:40:10 [http-nio-8080-exec-2] DEBUG o.s.data.mongodb.core.MongoTemplate - find using query: { "login" : "kenza"} fields: Document{{}} for class: class com.MusicManager.model.User in collection: users
2025-02-12 21:40:10 [http-nio-8080-exec-8] DEBUG o.s.d.m.r.query.MongoQueryCreator - Created query Query: { "login" : "kenza"}, Fields: {}, Sort: {}
2025-02-12 21:40:10 [http-nio-8080-exec-8] DEBUG o.s.data.mongodb.core.MongoTemplate - find using query: { "login" : "kenza"} fields: Document{{}} for class: class com.MusicManager.model.User in collection: users
2025-02-12 21:40:10 [http-nio-8080-exec-8] DEBUG o.s.data.mongodb.core.MongoTemplate - Executing count: {} in collection: chansons
2025-02-12 21:40:10 [http-nio-8080-exec-8] DEBUG o.s.data.mongodb.core.MongoTemplate - find using query: {} fields: Document{{}} for class: class com.MusicManager.model.Chanson in collection: chansons
2025-02-12 21:40:51 [http-nio-8080-exec-9] DEBUG o.s.d.m.r.query.MongoQueryCreator - Created query Query: { "login" : "kenza"}, Fields: {}, Sort: {}
2025-02-12 21:40:51 [http-nio-8080-exec-9] DEBUG o.s.data.mongodb.core.MongoTemplate - find using query: { "login" : "kenza"} fields: Document{{}} for class: class com.MusicManager.model.User in collection: users
2025-02-12 21:40:51 [http-nio-8080-exec-9] DEBUG o.s.d.m.r.query.MongoQueryCreator - Created query Query: { "login" : "kenza"}, Fields: {}, Sort: {}
2025-02-12 21:40:51 [http-nio-8080-exec-9] DEBUG o.s.data.mongodb.core.MongoTemplate - find using query: { "login" : "kenza"} fields: Document{{}} for class: class com.MusicManager.model.User in collection: users
2025-02-12 21:40:51 [http-nio-8080-exec-7] DEBUG o.s.d.m.r.query.MongoQueryCreator - Created query Query: { "login" : "kenza"}, Fields: {}, Sort: {}
2025-02-12 21:40:51 [http-nio-8080-exec-7] DEBUG o.s.data.mongodb.core.MongoTemplate - find using query: { "login" : "kenza"} fields: Document{{}} for class: class com.MusicManager.model.User in collection: users
2025-02-12 21:40:51 [http-nio-8080-exec-7] DEBUG o.s.data.mongodb.core.MongoTemplate - Executing count: {} in collection: chansons
2025-02-12 21:40:51 [http-nio-8080-exec-7] DEBUG o.s.data.mongodb.core.MongoTemplate - find using query: {} fields: Document{{}} for class: class com.MusicManager.model.Chanson in collection: chansons
2025-02-12 21:40:55 [http-nio-8080-exec-5] DEBUG o.s.d.m.r.query.MongoQueryCreator - Created query Query: { "login" : "kenza"}, Fields: {}, Sort: {}
2025-02-12 21:40:55 [http-nio-8080-exec-5] DEBUG o.s.data.mongodb.core.MongoTemplate - find using query: { "login" : "kenza"} fields: Document{{}} for class: class com.MusicManager.model.User in collection: users
2025-02-12 21:42:33 [http-nio-8080-exec-2] DEBUG o.s.d.m.r.query.MongoQueryCreator - Created query Query: { "login" : "kenza"}, Fields: {}, Sort: {}
2025-02-12 21:42:33 [http-nio-8080-exec-2] DEBUG o.s.data.mongodb.core.MongoTemplate - find using query: { "login" : "kenza"} fields: Document{{}} for class: class com.MusicManager.model.User in collection: users
2025-02-12 21:42:33 [http-nio-8080-exec-2] DEBUG o.s.d.m.r.query.MongoQueryCreator - Created query Query: { "login" : "kenza"}, Fields: {}, Sort: {}
2025-02-12 21:42:33 [http-nio-8080-exec-2] DEBUG o.s.data.mongodb.core.MongoTemplate - find using query: { "login" : "kenza"} fields: Document{{}} for class: class com.MusicManager.model.User in collection: users
2025-02-12 21:42:33 [http-nio-8080-exec-8] DEBUG o.s.d.m.r.query.MongoQueryCreator - Created query Query: { "login" : "kenza"}, Fields: {}, Sort: {}
2025-02-12 21:42:33 [http-nio-8080-exec-8] DEBUG o.s.data.mongodb.core.MongoTemplate - find using query: { "login" : "kenza"} fields: Document{{}} for class: class com.MusicManager.model.User in collection: users
2025-02-12 21:42:33 [http-nio-8080-exec-8] DEBUG o.s.data.mongodb.core.MongoTemplate - Executing count: {} in collection: chansons
2025-02-12 21:42:33 [http-nio-8080-exec-8] DEBUG o.s.data.mongodb.core.MongoTemplate - find using query: {} fields: Document{{}} for class: class com.MusicManager.model.Chanson in collection: chansons
2025-02-12 21:43:44 [http-nio-8080-exec-7] DEBUG o.s.d.m.r.query.MongoQueryCreator - Created query Query: { "login" : "kenza"}, Fields: {}, Sort: {}
2025-02-12 21:43:44 [http-nio-8080-exec-7] DEBUG o.s.data.mongodb.core.MongoTemplate - find using query: { "login" : "kenza"} fields: Document{{}} for class: class com.MusicManager.model.User in collection: users
2025-02-12 21:44:13 [http-nio-8080-exec-5] DEBUG o.s.d.m.r.query.MongoQueryCreator - Created query Query: { "login" : "kenza"}, Fields: {}, Sort: {}
2025-02-12 21:44:13 [http-nio-8080-exec-5] DEBUG o.s.data.mongodb.core.MongoTemplate - find using query: { "login" : "kenza"} fields: Document{{}} for class: class com.MusicManager.model.User in collection: users
2025-02-12 21:44:13 [http-nio-8080-exec-5] DEBUG o.s.d.m.r.query.MongoQueryCreator - Created query Query: { "login" : "kenza"}, Fields: {}, Sort: {}
2025-02-12 21:44:13 [http-nio-8080-exec-5] DEBUG o.s.data.mongodb.core.MongoTemplate - find using query: { "login" : "kenza"} fields: Document{{}} for class: class com.MusicManager.model.User in collection: users
2025-02-12 21:44:13 [http-nio-8080-exec-1] DEBUG o.s.d.m.r.query.MongoQueryCreator - Created query Query: { "login" : "kenza"}, Fields: {}, Sort: {}
2025-02-12 21:44:13 [http-nio-8080-exec-1] DEBUG o.s.data.mongodb.core.MongoTemplate - find using query: { "login" : "kenza"} fields: Document{{}} for class: class com.MusicManager.model.User in collection: users
2025-02-12 21:44:13 [http-nio-8080-exec-1] DEBUG o.s.data.mongodb.core.MongoTemplate - Executing count: {} in collection: chansons
2025-02-12 21:44:13 [http-nio-8080-exec-1] DEBUG o.s.data.mongodb.core.MongoTemplate - find using query: {} fields: Document{{}} for class: class com.MusicManager.model.Chanson in collection: chansons
2025-02-12 22:18:57 [http-nio-8080-exec-8] ERROR o.a.c.c.C.[.[.[.[dispatcherServlet] - Servlet.service() for servlet [dispatcherServlet] in context with path [] threw exception
io.jsonwebtoken.ExpiredJwtException: JWT expired at 2025-02-12T21:08:13Z. Current time: 2025-02-12T21:18:57Z, a difference of 644279 milliseconds.  Allowed clock skew: 0 milliseconds.
	at io.jsonwebtoken.impl.DefaultJwtParser.parse(DefaultJwtParser.java:427)
	at io.jsonwebtoken.impl.DefaultJwtParser.parse(DefaultJwtParser.java:529)
	at io.jsonwebtoken.impl.DefaultJwtParser.parseClaimsJws(DefaultJwtParser.java:589)
	at io.jsonwebtoken.impl.ImmutableJwtParser.parseClaimsJws(ImmutableJwtParser.java:173)
	at com.MusicManager.security.JwtService.extractAllClaims(JwtService.java:63)
	at com.MusicManager.security.JwtService.extractClaim(JwtService.java:26)
	at com.MusicManager.security.JwtService.extractUsername(JwtService.java:22)
	at com.MusicManager.security.JwtAuthenticationFilter.doFilterInternal(JwtAuthenticationFilter.java:41)
	at org.springframework.web.filter.OncePerRequestFilter.doFilter(OncePerRequestFilter.java:117)
	at org.springframework.security.web.FilterChainProxy$VirtualFilterChain.doFilter(FilterChainProxy.java:346)
	at org.springframework.security.web.authentication.logout.LogoutFilter.doFilter(LogoutFilter.java:103)
	at org.springframework.security.web.authentication.logout.LogoutFilter.doFilter(LogoutFilter.java:89)
	at org.springframework.security.web.FilterChainProxy$VirtualFilterChain.doFilter(FilterChainProxy.java:346)
	at org.springframework.web.filter.CorsFilter.doFilterInternal(CorsFilter.java:91)
	at org.springframework.web.filter.OncePerRequestFilter.doFilter(OncePerRequestFilter.java:117)
	at org.springframework.security.web.FilterChainProxy$VirtualFilterChain.doFilter(FilterChainProxy.java:346)
	at org.springframework.security.web.header.HeaderWriterFilter.doHeadersAfter(HeaderWriterFilter.java:90)
	at org.springframework.security.web.header.HeaderWriterFilter.doFilterInternal(HeaderWriterFilter.java:75)
	at org.springframework.web.filter.OncePerRequestFilter.doFilter(OncePerRequestFilter.java:117)
	at org.springframework.security.web.FilterChainProxy$VirtualFilterChain.doFilter(FilterChainProxy.java:346)
	at org.springframework.security.web.context.SecurityContextPersistenceFilter.doFilter(SecurityContextPersistenceFilter.java:112)
	at org.springframework.security.web.context.SecurityContextPersistenceFilter.doFilter(SecurityContextPersistenceFilter.java:82)
	at org.springframework.security.web.FilterChainProxy$VirtualFilterChain.doFilter(FilterChainProxy.java:346)
	at org.springframework.security.web.context.request.async.WebAsyncManagerIntegrationFilter.doFilterInternal(WebAsyncManagerIntegrationFilter.java:55)
	at org.springframework.web.filter.OncePerRequestFilter.doFilter(OncePerRequestFilter.java:117)
	at org.springframework.security.web.FilterChainProxy$VirtualFilterChain.doFilter(FilterChainProxy.java:346)
	at org.springframework.security.web.session.DisableEncodeUrlFilter.doFilterInternal(DisableEncodeUrlFilter.java:42)
	at org.springframework.web.filter.OncePerRequestFilter.doFilter(OncePerRequestFilter.java:117)
	at org.springframework.security.web.FilterChainProxy$VirtualFilterChain.doFilter(FilterChainProxy.java:346)
	at org.springframework.security.web.FilterChainProxy.doFilterInternal(FilterChainProxy.java:221)
	at org.springframework.security.web.FilterChainProxy.doFilter(FilterChainProxy.java:186)
	at org.springframework.web.filter.DelegatingFilterProxy.invokeDelegate(DelegatingFilterProxy.java:354)
	at org.springframework.web.filter.DelegatingFilterProxy.doFilter(DelegatingFilterProxy.java:267)
	at org.apache.catalina.core.ApplicationFilterChain.internalDoFilter(ApplicationFilterChain.java:178)
	at org.apache.catalina.core.ApplicationFilterChain.doFilter(ApplicationFilterChain.java:153)
	at org.springframework.web.filter.RequestContextFilter.doFilterInternal(RequestContextFilter.java:100)
	at org.springframework.web.filter.OncePerRequestFilter.doFilter(OncePerRequestFilter.java:117)
	at org.apache.catalina.core.ApplicationFilterChain.internalDoFilter(ApplicationFilterChain.java:178)
	at org.apache.catalina.core.ApplicationFilterChain.doFilter(ApplicationFilterChain.java:153)
	at org.springframework.web.filter.FormContentFilter.doFilterInternal(FormContentFilter.java:93)
	at org.springframework.web.filter.OncePerRequestFilter.doFilter(OncePerRequestFilter.java:117)
	at org.apache.catalina.core.ApplicationFilterChain.internalDoFilter(ApplicationFilterChain.java:178)
	at org.apache.catalina.core.ApplicationFilterChain.doFilter(ApplicationFilterChain.java:153)
	at org.springframework.boot.actuate.metrics.web.servlet.WebMvcMetricsFilter.doFilterInternal(WebMvcMetricsFilter.java:96)
	at org.springframework.web.filter.OncePerRequestFilter.doFilter(OncePerRequestFilter.java:117)
	at org.apache.catalina.core.ApplicationFilterChain.internalDoFilter(ApplicationFilterChain.java:178)
	at org.apache.catalina.core.ApplicationFilterChain.doFilter(ApplicationFilterChain.java:153)
	at org.springframework.web.filter.CharacterEncodingFilter.doFilterInternal(CharacterEncodingFilter.java:201)
	at org.springframework.web.filter.OncePerRequestFilter.doFilter(OncePerRequestFilter.java:117)
	at org.apache.catalina.core.ApplicationFilterChain.internalDoFilter(ApplicationFilterChain.java:178)
	at org.apache.catalina.core.ApplicationFilterChain.doFilter(ApplicationFilterChain.java:153)
	at org.apache.catalina.core.StandardWrapperValve.invoke(StandardWrapperValve.java:168)
	at org.apache.catalina.core.StandardContextValve.invoke(StandardContextValve.java:90)
	at org.apache.catalina.authenticator.AuthenticatorBase.invoke(AuthenticatorBase.java:481)
	at org.apache.catalina.core.StandardHostValve.invoke(StandardHostValve.java:130)
	at org.apache.catalina.valves.ErrorReportValve.invoke(ErrorReportValve.java:93)
	at org.apache.catalina.core.StandardEngineValve.invoke(StandardEngineValve.java:74)
	at org.apache.catalina.connector.CoyoteAdapter.service(CoyoteAdapter.java:342)
	at org.apache.coyote.http11.Http11Processor.service(Http11Processor.java:390)
	at org.apache.coyote.AbstractProcessorLight.process(AbstractProcessorLight.java:63)
	at org.apache.coyote.AbstractProtocol$ConnectionHandler.process(AbstractProtocol.java:928)
	at org.apache.tomcat.util.net.NioEndpoint$SocketProcessor.doRun(NioEndpoint.java:1794)
	at org.apache.tomcat.util.net.SocketProcessorBase.run(SocketProcessorBase.java:52)
	at org.apache.tomcat.util.threads.ThreadPoolExecutor.runWorker(ThreadPoolExecutor.java:1191)
	at org.apache.tomcat.util.threads.ThreadPoolExecutor$Worker.run(ThreadPoolExecutor.java:659)
	at org.apache.tomcat.util.threads.TaskThread$WrappingRunnable.run(TaskThread.java:61)
	at java.base/java.lang.Thread.run(Thread.java:840)
